ts_code,name,market,publisher,category,base_date,list_date,discovery_market
000001.SH,上证指数,SSE,中证指数有限公司、上海证券交易所,综合指数,19901219,19910715,SSE
000002.SH,A股指数,SSE,中证指数有限公司、上海证券交易所,规模指数,19901219,19920221,SSE
000003.SH,B股指数,SSE,中证指数有限公司、上海证券交易所,规模指数,19920221,19920817,SSE
000004.SH,工业指数,SSE,中证指数有限公司、上海证券交易所,行业指数,19930430,19930503,SSE
000005.SH,商业指数,SSE,中证指数有限公司、上海证券交易所,行业指数,19930430,19930503,SSE
000006.SH,地产指数,SSE,中证指数有限公司、上海证券交易所,行业指数,19930430,19930503,SSE
000007.SH,公用指数,SSE,中证指数有限公司、上海证券交易所,行业指数,19930430,19930503,SSE
000008.SH,综合指数,SSE,中证指数有限公司、上海证券交易所,行业指数,19930430,19930503,SSE
000009.SH,上证380,SSE,中证指数有限公司、上海证券交易所,规模指数,20031231,20101129,SSE
000010.SH,上证180,SSE,中证指数有限公司、上海证券交易所,规模指数,20020628,20020701,SSE
000011.SH,基金指数,SSE,中证指数有限公司、上海证券交易所,基金指数,20000508,20000609,SSE
000012.SH,国债指数,SSE,中证指数有限公司、上海证券交易所,债券指数,20021231,20030102,SSE
000015.SH,红利指数,SSE,中证指数有限公司、上海证券交易所,策略指数,20041231,20050104,SSE
000016.SH,上证50,SSE,中证指数有限公司、上海证券交易所,规模指数,20031231,20040102,SSE
000017.SH,新综指,SSE,中证指数有限公司、上海证券交易所,综合指数,20051230,20060104,SSE
000018.SH,180金融,SSE,中证指数有限公司、上海证券交易所,行业指数,20020628,20071210,SSE
000019.SH,治理指数,SSE,中证指数有限公司、上海证券交易所,主题指数,20070629,20080102,SSE
000020.SH,中型综指,SSE,中证指数有限公司、上海证券交易所,规模指数,20071228,20080512,SSE
000021.SH,180治理,SSE,中证指数有限公司、上海证券交易所,主题指数,20070629,20080910,SSE
000022.SH,沪公司债,SSE,中证指数有限公司、上海证券交易所,债券指数,20071231,20081119,SSE
000023.SH,沪分离债,SSE,中证指数有限公司、上海证券交易所,债券指数,20071231,20081119,SSE
000025.SH,180基建,SSE,中证指数有限公司、上海证券交易所,主题指数,20020628,20081215,SSE
000026.SH,180资源,SSE,中证指数有限公司、上海证券交易所,主题指数,20020628,20081215,SSE
000027.SH,180运输,SSE,中证指数有限公司、上海证券交易所,主题指数,20020628,20081215,SSE
000028.SH,180成长,SSE,中证指数有限公司、上海证券交易所,风格指数,20020628,20090109,SSE
000029.SH,180价值,SSE,中证指数有限公司、上海证券交易所,风格指数,20020628,20090109,SSE
000030.SH,180R成长,SSE,中证指数有限公司、上海证券交易所,风格指数,20020628,20090109,SSE
000031.SH,180R价值,SSE,中证指数有限公司、上海证券交易所,风格指数,20020628,20090109,SSE
000032.SH,上证能源,SSE,中证指数有限公司、上海证券交易所,行业指数,20031231,20090109,SSE
000033.SH,上证材料,SSE,中证指数有限公司、上海证券交易所,行业指数,20031231,20090109,SSE
000034.SH,上证工业,SSE,中证指数有限公司、上海证券交易所,行业指数,20031231,20090109,SSE
000035.SH,上证可选,SSE,中证指数有限公司、上海证券交易所,行业指数,20031231,20090109,SSE
000036.SH,上证消费,SSE,中证指数有限公司、上海证券交易所,行业指数,20031231,20090109,SSE
000037.SH,上证医药,SSE,中证指数有限公司、上海证券交易所,行业指数,20031231,20090109,SSE
000038.SH,上证金融,SSE,中证指数有限公司、上海证券交易所,主题指数,20031231,20090109,SSE
000039.SH,上证信息,SSE,中证指数有限公司、上海证券交易所,行业指数,20031231,20090109,SSE
000040.SH,上证通信,SSE,中证指数有限公司、上海证券交易所,行业指数,20031231,20090109,SSE
000041.SH,上证公用,SSE,中证指数有限公司、上海证券交易所,行业指数,20031231,20090109,SSE
000042.SH,上证央企,SSE,中证指数有限公司、上海证券交易所,主题指数,20081231,20090330,SSE
000043.SH,超大盘,SSE,中证指数有限公司、上海证券交易所,规模指数,20031231,20090423,SSE
000044.SH,上证中盘,SSE,中证指数有限公司、上海证券交易所,规模指数,20031231,20090703,SSE
000045.SH,上证小盘,SSE,中证指数有限公司、上海证券交易所,规模指数,20031231,20090703,SSE
000046.SH,上证中小,SSE,中证指数有限公司、上海证券交易所,规模指数,20031231,20090703,SSE
000047.SH,上证全指,SSE,中证指数有限公司、上海证券交易所,规模指数,20031231,20090703,SSE
000048.SH,责任指数,SSE,中证指数有限公司、上海证券交易所,主题指数,20090630,20090805,SSE
000049.SH,上证民企,SSE,中证指数有限公司、上海证券交易所,主题指数,20090630,20090825,SSE
000050.SH,50等权,SSE,中证指数有限公司、上海证券交易所,策略指数,20031231,20110104,SSE
000051.SH,180等权,SSE,中证指数有限公司、上海证券交易所,策略指数,20020628,20110524,SSE
000052.SH,50基本,SSE,中证指数有限公司、上海证券交易所,策略指数,20031231,20120109,SSE
000053.SH,180基本,SSE,中证指数有限公司、上海证券交易所,策略指数,20020628,20120109,SSE
000054.SH,上证海外,SSE,中证指数有限公司、上海证券交易所,主题指数,20061229,20100104,SSE
000055.SH,上证地企,SSE,中证指数有限公司、上海证券交易所,主题指数,20090630,20100104,SSE
000056.SH,上证国企,SSE,中证指数有限公司、上海证券交易所,主题指数,20090630,20100104,SSE
000057.SH,全指成长,SSE,中证指数有限公司、上海证券交易所,风格指数,20031231,20100104,SSE
000058.SH,全指价值,SSE,中证指数有限公司、上海证券交易所,风格指数,20031231,20100104,SSE
000059.SH,全R成长,SSE,中证指数有限公司、上海证券交易所,风格指数,20031231,20100104,SSE
000060.SH,全R价值,SSE,中证指数有限公司、上海证券交易所,风格指数,20031231,20100104,SSE
000061.SH,沪企债30,SSE,中证指数有限公司、上海证券交易所,债券指数,20081231,20100104,SSE
000062.SH,上证沪企,SSE,中证指数有限公司、上海证券交易所,主题指数,20051231,20100104,SSE
000063.SH,上证周期,SSE,中证指数有限公司、上海证券交易所,主题指数,20031231,20100203,SSE
000064.SH,非周期,SSE,中证指数有限公司、上海证券交易所,主题指数,20031231,20100203,SSE
000065.SH,上证龙头,SSE,中证指数有限公司、上海证券交易所,主题指数,20031231,20100209,SSE
000066.SH,上证商品,SSE,中证指数有限公司、上海证券交易所,主题指数,20031231,20100430,SSE
000067.SH,上证新兴,SSE,中证指数有限公司、上海证券交易所,主题指数,20031231,20100430,SSE
000068.SH,上证资源,SSE,中证指数有限公司、上海证券交易所,主题指数,20031231,20100528,SSE
000069.SH,消费80,SSE,中证指数有限公司、上海证券交易所,主题指数,20031231,20100528,SSE
000070.SH,能源等权,SSE,中证指数有限公司、上海证券交易所,策略指数,20031231,20100818,SSE
000071.SH,材料等权,SSE,中证指数有限公司、上海证券交易所,策略指数,20031231,20100818,SSE
000072.SH,工业等权,SSE,中证指数有限公司、上海证券交易所,策略指数,20031231,20100818,SSE
000073.SH,可选等权,SSE,中证指数有限公司、上海证券交易所,策略指数,20031231,20100818,SSE
000074.SH,消费等权,SSE,中证指数有限公司、上海证券交易所,策略指数,20031231,20100818,SSE
000075.SH,医药等权,SSE,中证指数有限公司、上海证券交易所,策略指数,20031231,20100818,SSE
000076.SH,金融等权,SSE,中证指数有限公司、上海证券交易所,策略指数,20031231,20100818,SSE
000077.SH,信息等权,SSE,中证指数有限公司、上海证券交易所,策略指数,20031231,20100818,SSE
000078.SH,通信等权,SSE,中证指数有限公司、上海证券交易所,策略指数,20031231,20100818,SSE
000079.SH,公用等权,SSE,中证指数有限公司、上海证券交易所,策略指数,20031231,20100818,SSE
000090.SH,上证流通,SSE,中证指数有限公司、上海证券交易所,规模指数,20091231,20101202,SSE
000091.SH,沪财中小,SSE,中证指数有限公司、上海证券交易所,策略指数,20041231,20110406,SSE
000092.SH,资源50,SSE,中证指数有限公司、上海证券交易所,主题指数,20031231,20110510,SSE
000093.SH,180分层,SSE,中证指数有限公司、上海证券交易所,策略指数,20020628,20110524,SSE
000094.SH,上证上游,SSE,中证指数有限公司、上海证券交易所,主题指数,20031231,20110510,SSE
000095.SH,上证中游,SSE,中证指数有限公司、上海证券交易所,主题指数,20031231,20110510,SSE
000096.SH,上证下游,SSE,中证指数有限公司、上海证券交易所,主题指数,20031231,20110510,SSE
000097.SH,高端装备,SSE,中证指数有限公司、上海证券交易所,主题指数,20041231,20110524,SSE
000098.SH,上证F200,SSE,中证指数有限公司、上海证券交易所,策略指数,20041231,20110701,SSE
000099.SH,上证F300,SSE,中证指数有限公司、上海证券交易所,策略指数,20041231,20110701,SSE
000100.SH,上证F500,SSE,中证指数有限公司、上海证券交易所,策略指数,20041231,20110701,SSE
000101.SH,5年信用,SSE,中证指数有限公司,债券指数,20071231,20130401,SSE
000102.SH,沪投资品,SSE,中证指数有限公司、上海证券交易所,主题指数,20031231,20110613,SSE
000103.SH,沪消费品,SSE,中证指数有限公司、上海证券交易所,主题指数,20031231,20110613,SSE
000104.SH,380能源,SSE,中证指数有限公司、上海证券交易所,行业指数,20031231,20110613,SSE
000105.SH,380材料,SSE,中证指数有限公司、上海证券交易所,行业指数,20031231,20110613,SSE
000106.SH,380工业,SSE,中证指数有限公司、上海证券交易所,行业指数,20031231,20110613,SSE
000107.SH,380可选,SSE,中证指数有限公司、上海证券交易所,行业指数,20031231,20110613,SSE
000108.SH,380消费,SSE,中证指数有限公司、上海证券交易所,行业指数,20031231,20110613,SSE
000109.SH,380医药,SSE,中证指数有限公司、上海证券交易所,行业指数,20031231,20110613,SSE
000110.SH,380金融,SSE,中证指数有限公司、上海证券交易所,行业指数,20031231,20110613,SSE
000111.SH,380信息,SSE,中证指数有限公司、上海证券交易所,行业指数,20031231,20110613,SSE
000112.SH,380通信,SSE,中证指数有限公司、上海证券交易所,行业指数,20031231,20110613,SSE
000113.SH,380公用,SSE,中证指数有限公司、上海证券交易所,行业指数,20031231,20110613,SSE
000114.SH,持续产业,SSE,中证指数有限公司、上海证券交易所,主题指数,20110630,20110822,SSE
000115.SH,380等权,SSE,中证指数有限公司、上海证券交易所,策略指数,20031231,20110812,SSE
000116.SH,信用100,SSE,中证指数有限公司,债券指数,20071231,20130226,SSE
000117.SH,380成长,SSE,中证指数有限公司、上海证券交易所,风格指数,20031231,20111018,SSE
000118.SH,380价值,SSE,中证指数有限公司、上海证券交易所,风格指数,20031231,20111018,SSE
000119.SH,380R成长,SSE,中证指数有限公司、上海证券交易所,风格指数,20031231,20111018,SSE
000120.SH,380R价值,SSE,中证指数有限公司、上海证券交易所,风格指数,20031231,20111018,SSE
000121.SH,医药主题,SSE,中证指数有限公司、上海证券交易所,主题指数,20031231,20111018,SSE
000122.SH,上证农业,SSE,中证指数有限公司、上海证券交易所,主题指数,20110630,20111018,SSE
000123.SH,180动态,SSE,中证指数有限公司、上海证券交易所,策略指数,20020628,20130208,SSE
000125.SH,180稳定,SSE,中证指数有限公司、上海证券交易所,策略指数,20020628,20130208,SSE
000126.SH,消费50,SSE,中证指数有限公司、上海证券交易所,主题指数,20041231,20111209,SSE
000128.SH,380基本,SSE,中证指数有限公司、上海证券交易所,策略指数,20031231,20120109,SSE
000129.SH,180波动,SSE,中证指数有限公司、上海证券交易所,策略指数,20020628,20120109,SSE
000130.SH,380波动,SSE,中证指数有限公司、上海证券交易所,策略指数,20031231,20120109,SSE
000131.SH,上证高新,SSE,中证指数有限公司、上海证券交易所,主题指数,20110630,20120210,SSE
000132.SH,上证100,SSE,中证指数有限公司、上海证券交易所,规模指数,20031231,20120420,SSE
000133.SH,上证150,SSE,中证指数有限公司、上海证券交易所,规模指数,20031231,20120420,SSE
000134.SH,上证银行,SSE,中证指数有限公司、上海证券交易所,主题指数,20071231,20120529,SSE
000135.SH,180高贝,SSE,中证指数有限公司、上海证券交易所,策略指数,20020628,20120806,SSE
000136.SH,180低贝,SSE,中证指数有限公司、上海证券交易所,策略指数,20020628,20120806,SSE
000137.SH,380高贝,SSE,中证指数有限公司、上海证券交易所,策略指数,20031231,20120806,SSE
000138.SH,380低贝,SSE,中证指数有限公司、上海证券交易所,策略指数,20031231,20120806,SSE
000139.SH,上证转债,SSE,中证指数有限公司、上海证券交易所,债券指数,20021231,20120912,SSE
000141.SH,380动态,SSE,中证指数有限公司、上海证券交易所,策略指数,20031231,20130208,SSE
000142.SH,380稳定,SSE,中证指数有限公司、上海证券交易所,策略指数,20031231,20130208,SSE
000145.SH,优势资源,SSE,中证指数有限公司、上海证券交易所,主题指数,20031231,20120529,SSE
000146.SH,优势制造,SSE,中证指数有限公司、上海证券交易所,主题指数,20031231,20120529,SSE
000147.SH,优势消费,SSE,中证指数有限公司、上海证券交易所,主题指数,20031231,20120529,SSE
000148.SH,消费领先,SSE,中证指数有限公司、上海证券交易所,主题指数,20041231,20120529,SSE
000149.SH,180红利,SSE,中证指数有限公司、上海证券交易所,策略指数,20041231,20120720,SSE
000150.SH,380红利,SSE,中证指数有限公司、上海证券交易所,策略指数,20041231,20120720,SSE
000151.SH,上国红利,SSE,中证指数有限公司、上海证券交易所,策略指数,20090630,20120720,SSE
000152.SH,上央红利,SSE,中证指数有限公司、上海证券交易所,策略指数,20081231,20120720,SSE
000153.SH,上民红利,SSE,中证指数有限公司、上海证券交易所,策略指数,20090630,20120720,SSE
000155.SH,市值百强,SSE,中证指数有限公司、上海证券交易所,规模指数,20031231,20120720,SSE
000158.SH,上证环保,SSE,中证指数有限公司、上海证券交易所,主题指数,20111230,20120925,SSE
000159.SH,沪股通,SSE,中证指数有限公司、上海证券交易所,主题指数,20031231,20141117,SSE
000160.SH,沪新丝路,SSE,中证指数有限公司、上海证券交易所,主题指数,20121231,20150624,SSE
000161.SH,沪中国造,SSE,中证指数有限公司、上海证券交易所,主题指数,20120629,20151029,SSE
000162.SH,沪互联+,SSE,中证指数有限公司、上海证券交易所,主题指数,20120629,20151029,SSE
000170.SH,50AH优选,SSE,中证指数有限公司、上海证券交易所,策略指数,20041231,20151210,SSE
000188.SH,中国波指,SSE,中证指数有限公司、上海证券交易所,策略指数,,20161128,SSE
000300.SH,沪深300,SSE,中证指数有限公司、上海证券交易所,规模指数,20041231,20050408,SSE
000510.SH,中证A500,SSE,中证指数有限公司,规模指数,20041231,20240923,SSE
000680.SH,科创综指,SSE,中证指数有限公司、上海证券交易所,综合指数,20191231,20250120,SSE
000681.SH,科创价格,SSE,中证指数有限公司、上海证券交易所,综合指数,20191231,20250120,SSE
000682.SH,科创信息,SSE,中证指数有限公司、上海证券交易所,主题指数,20191231,20210816,SSE
000683.SH,科创生物,SSE,中证指数有限公司、上海证券交易所,主题指数,20191231,20220509,SSE
000685.SH,科创芯片,SSE,中证指数有限公司、上海证券交易所,主题指数,20191231,20220613,SSE
000687.SH,科创高装,SSE,中证指数有限公司、上海证券交易所,主题指数,20191231,20220815,SSE
000688.SH,科创50,SSE,中证指数有限公司、上海证券交易所,规模指数,20191231,20200723,SSE
000689.SH,科创材料,SSE,中证指数有限公司、上海证券交易所,主题指数,20191231,20220815,SSE
000690.SH,科创成长,SSE,中证指数有限公司、上海证券交易所,策略指数,20191231,20221104,SSE
000691.SH,科创ESG,SSE,中证指数有限公司、上海证券交易所,主题指数,20191231,20240321,SSE
000692.SH,科创新能,SSE,中证指数有限公司、上海证券交易所,主题指数,20191231,20230403,SSE
000693.SH,科创机械,SSE,中证指数有限公司、上海证券交易所,主题指数,20191231,20230403,SSE
000695.SH,科长三角,SSE,中证指数有限公司、上海证券交易所,主题指数,20191231,20230403,SSE
000697.SH,科大湾区,SSE,中证指数有限公司、上海证券交易所,主题指数,20191231,20230403,SSE
000698.SH,科创100,SSE,中证指数有限公司、上海证券交易所,规模指数,20191231,20230807,SSE
000699.SH,科创200,SSE,中证指数有限公司、上海证券交易所,规模指数,20221230,20240820,SSE
000802.SH,500沪市,SSE,中证指数有限公司,主题指数,20041231,20111108,SSE
000814.SH,细分医药,SSE,中证指数有限公司,主题指数,20041231,20120411,SSE
000819.SH,有色金属,SSE,中证指数有限公司,行业指数,20041231,20120509,SSE
000823.SH,800有色,SSE,中证指数有限公司,行业指数,20041231,20121221,SSE
000827.SH,中证环保,SSE,中证指数有限公司、上海证券交易所,主题指数,20111230,20120925,SSE
000847.SH,腾讯济安,SSE,中证指数有限公司,策略指数,20130518,20131118,SSE
000849.SH,300非银,SSE,中证指数有限公司、上海证券交易所,主题指数,20041231,20121221,SSE
000850.SH,300有色,SSE,中证指数有限公司,行业指数,20041231,20121221,SSE
000851.SH,百发100,SSE,中证指数有限公司,策略指数,20081231,20140730,SSE
000852.SH,中证1000,SSE,中证指数有限公司,规模指数,20041231,20141017,SSE
000853.SH,CSSW丝路,SSE,中证指数有限公司,主题指数,20081231,20150423,SSE
000854.SH,500原料,SSE,中证指数有限公司,行业指数,20041231,20131106,SSE
000855.SH,央视500,SSE,中证指数有限公司、中央广播电视总台,主题指数,20091231,20141103,SSE
000856.SH,500工业,SSE,中证指数有限公司,行业指数,20041231,20131106,SSE
000857.SH,500医药,SSE,中证指数有限公司,行业指数,20041231,20131106,SSE
000858.SH,500信息,SSE,中证指数有限公司,行业指数,20041231,20131106,SSE
000860.SH,结构调整,SSE,中证指数有限公司,主题指数,20141231,20180326,SSE
000863.SH,CS精准医,SSE,中证指数有限公司,主题指数,20120629,20150805,SSE
000865.SH,上海国企,SSE,中证指数有限公司、上海证券交易所,主题指数,20121231,20160511,SSE
000867.SH,港中小企,SSE,中证指数有限公司,主题指数,20141114,20150826,SSE
000869.SH,HK银行,SSE,中证指数有限公司,主题指数,20141114,20160422,SSE
000888.SH,上证收益,SSE,中证指数有限公司、上海证券交易所,综合指数,20200721,20201009,SSE
000891.SH,新兴综指,SSE,中证指数有限公司、上海证券交易所,主题指数,20101231,20170125,SSE
000901.SH,小康指数,SSE,中证指数有限公司,主题指数,20051230,20100402,SSE
000903.SH,中证A100,SSE,中证指数有限公司,规模指数,20051230,20060529,SSE
000905.SH,中证500,SSE,中证指数有限公司,规模指数,20041231,20070115,SSE
000906.SH,中证800,SSE,中证指数有限公司,规模指数,20041231,20070115,SSE
000913.SH,300医药,SSE,中证指数有限公司,行业指数,20041231,20070702,SSE
000914.SH,300金融,SSE,中证指数有限公司,主题指数,20041231,20070702,SSE
000924.SH,分离债,SSE,中证指数有限公司,债券指数,20071231,20081119,SSE
000928.SH,800能源,SSE,中证指数有限公司,行业指数,20041231,20090703,SSE
000932.SH,800消费,SSE,中证指数有限公司,行业指数,20041231,20090703,SSE
000933.SH,800医卫,SSE,中证指数有限公司,行业指数,20041231,20090703,SSE
000934.SH,800金地,SSE,中证指数有限公司,主题指数,20041231,20090703,SSE
000935.SH,800信息,SSE,中证指数有限公司,行业指数,20041231,20090703,SSE
000973.SH,技术领先,SSE,中证指数有限公司、上海证券交易所,主题指数,20031231,20110104,SSE
000974.SH,800金融,SSE,中证指数有限公司,行业指数,20041231,20130509,SSE
000982.SH,500等权,SSE,中证指数有限公司、上海证券交易所,策略指数,20041231,20110613,SSE
000986.SH,全指能源,SSE,中证指数有限公司,行业指数,20041231,20110802,SSE
000987.SH,全指材料,SSE,中证指数有限公司,行业指数,20041231,20110802,SSE
000989.SH,全指可选,SSE,中证指数有限公司,行业指数,20041231,20110802,SSE
000991.SH,全指医药,SSE,中证指数有限公司,行业指数,20041231,20110802,SSE
000992.SH,金融地产,SSE,中证指数有限公司,主题指数,20041231,20110802,SSE
000993.SH,全指信息,SSE,中证指数有限公司,行业指数,20041231,20110802,SSE
000996.SH,领先行业,SSE,中证指数有限公司,主题指数,20041231,20110802,SSE
000997.SH,大消费,SSE,中证指数有限公司,主题指数,20041231,20111111,SSE
000999.SH,两岸三地,SSE,中证指数有限公司,规模指数,20041231,20100118,SSE
395001.SZ,主板A股,SZSE,深圳证券交易所,其他指数,,,SZSE
395002.SZ,主板B股,SZSE,深圳证券交易所,其他指数,,,SZSE
395003.SZ,中小100指R,SZSE,深圳证券交易所,规模指数,,20060124,SZSE
395004.SZ,创业板,SZSE,深圳证券交易所,其他指数,,,SZSE
395005.SZ,主板DR,SZSE,深圳证券交易所,其他指数,,,SZSE
395006.SZ,创业板DR,SZSE,深圳证券交易所,其他指数,,,SZSE
395011.SZ,封闭基金,SZSE,深圳证券交易所,其他指数,,,SZSE
395012.SZ,LOFs,SZSE,深圳证券交易所,其他指数,,,SZSE
395013.SZ,ETFs,SZSE,深圳证券交易所,基金指数,,,SZSE
395014.SZ,分级基金,SZSE,深圳证券交易所,基金指数,,,SZSE
395015.SZ,REITS,SZSE,深圳证券交易所,基金指数,,,SZSE
395021.SZ,可转债,SZSE,深圳证券交易所,债券指数,,,SZSE
395022.SZ,企业债,SZSE,深圳证券交易所,债券指数,,,SZSE
395023.SZ,企债回购,SZSE,深圳证券交易所,债券指数,,,SZSE
395024.SZ,公司债,SZSE,深圳证券交易所,债券指数,,,SZSE
395031.SZ,国债,SZSE,深圳证券交易所,债券指数,,,SZSE
395032.SZ,债券回购,SZSE,深圳证券交易所,债券指数,,,SZSE
395033.SZ,债券现货,SZSE,深圳证券交易所,债券指数,,20220516,SZSE
395034.SZ,ABS,SZSE,深圳证券交易所,债券指数,,20220516,SZSE
395041.SZ,股票权证,SZSE,深圳证券交易所,其他指数,,,SZSE
395099.SZ,总成交,SZSE,深圳证券交易所,其他指数,,,SZSE
399001.SZ,深证成指,SZSE,深圳证券信息有限公司、深圳证券交易所,规模指数,19940720,19950123,SZSE
399002.SZ,深成指R,SZSE,深圳证券信息有限公司、深圳证券交易所,规模指数,19940720,19950123,SZSE
399003.SZ,成份B指,SZSE,深圳证券信息有限公司、深圳证券交易所,规模指数,19940720,19950123,SZSE
399004.SZ,深证100R,SZSE,深圳证券信息有限公司、深圳证券交易所,规模指数,20021231,20030102,SZSE
399005.SZ,中小100,SZSE,深圳证券信息有限公司、深圳证券交易所,规模指数,20050607,20060124,SZSE
399006.SZ,创业板指,SZSE,深圳证券信息有限公司、深圳证券交易所,规模指数,20100531,20100601,SZSE
399007.SZ,深证300,SZSE,深圳证券信息有限公司、深圳证券交易所,规模指数,20041231,20091104,SZSE
399008.SZ,中小300,SZSE,深圳证券信息有限公司、深圳证券交易所,规模指数,20100319,20100322,SZSE
399009.SZ,深证200,SZSE,深圳证券信息有限公司、深圳证券交易所,规模指数,20041231,20110901,SZSE
399010.SZ,深证700,SZSE,深圳证券信息有限公司、深圳证券交易所,规模指数,20041231,20110901,SZSE
399011.SZ,深证1000,SZSE,深圳证券信息有限公司、深圳证券交易所,规模指数,20041231,20110901,SZSE
399012.SZ,创业300,SZSE,深圳证券信息有限公司、深圳证券交易所,规模指数,20120629,20130107,SZSE
399013.SZ,深市精选,SZSE,深圳证券信息有限公司、深圳证券交易所,主题指数,20041231,20140530,SZSE
399015.SZ,中小创新,SZSE,深圳证券信息有限公司、深圳证券交易所,规模指数,20111230,20150324,SZSE
399016.SZ,深证创新,SZSE,深圳证券信息有限公司、深圳证券交易所,主题指数,20121231,20161201,SZSE
399017.SZ,SME创新,SZSE,深圳证券信息有限公司、深圳证券交易所,主题指数,20121231,20161201,SZSE
399018.SZ,创业创新,SZSE,深圳证券信息有限公司、深圳证券交易所,主题指数,20121231,20161201,SZSE
399019.SZ,创业200,SZSE,深圳证券信息有限公司、深圳证券交易所,规模指数,20120629,20231115,SZSE
399020.SZ,创业500,SZSE,深圳证券信息有限公司、深圳证券交易所,规模指数,20180629,20231115,SZSE
399030.SZ,碳科技30,SZSE,深圳证券信息有限公司、深圳证券交易所,主题指数,20141231,20210926,SZSE
399050.SZ,创新引擎,SZSE,深圳证券信息有限公司,主题指数,20121231,20180731,SZSE
399060.SZ,碳科技60,SZSE,深圳证券信息有限公司,主题指数,20141231,20210926,SZSE
399088.SZ,深创100,SZSE,深圳证券信息有限公司、深圳证券交易所,规模指数,20121231,20200218,SZSE
399100.SZ,新指数,SZSE,深圳证券信息有限公司、深圳证券交易所,综合指数,20051230,20060216,SZSE
399101.SZ,中小综指,SZSE,深圳证券信息有限公司、深圳证券交易所,综合指数,20050607,20051201,SZSE
399102.SZ,创业板综,SZSE,深圳证券信息有限公司、深圳证券交易所,综合指数,20100531,20100820,SZSE
399103.SZ,乐富指数,SZSE,深圳证券信息有限公司、深圳证券交易所,基金指数,20041231,20111202,SZSE
399106.SZ,深证综指,SZSE,深圳证券信息有限公司、深圳证券交易所,综合指数,19910403,19910404,SZSE
399107.SZ,深证A指,SZSE,深圳证券信息有限公司、深圳证券交易所,综合指数,19910403,19921004,SZSE
399108.SZ,深证B指,SZSE,深圳证券信息有限公司、深圳证券交易所,综合指数,19920228,19921006,SZSE
399110.SZ,农林指数,SZSE,深圳证券信息有限公司、深圳证券交易所,行业指数,19910403,20010702,SZSE
399120.SZ,采掘指数,SZSE,深圳证券信息有限公司、深圳证券交易所,行业指数,19910403,20010702,SZSE
399130.SZ,制造指数,SZSE,深圳证券信息有限公司、深圳证券交易所,行业指数,19910403,20010702,SZSE
399131.SZ,食品指数,SZSE,深圳证券信息有限公司、深圳证券交易所,行业指数,19910403,20010702,SZSE
399132.SZ,纺织指数,SZSE,深圳证券信息有限公司、深圳证券交易所,行业指数,19910403,20010702,SZSE
399133.SZ,木材指数,SZSE,深圳证券信息有限公司、深圳证券交易所,行业指数,19910403,20010702,SZSE
399134.SZ,造纸指数,SZSE,深圳证券信息有限公司、深圳证券交易所,行业指数,19910403,20010702,SZSE
399135.SZ,石化指数,SZSE,深圳证券信息有限公司、深圳证券交易所,行业指数,19910403,20010702,SZSE
399136.SZ,电子指数,SZSE,深圳证券信息有限公司、深圳证券交易所,行业指数,19910403,20010702,SZSE
399137.SZ,金属指数,SZSE,深圳证券信息有限公司、深圳证券交易所,行业指数,19910403,20010702,SZSE
399138.SZ,机械指数,SZSE,深圳证券信息有限公司、深圳证券交易所,行业指数,19910403,20010702,SZSE
399139.SZ,医药指数,SZSE,深圳证券信息有限公司、深圳证券交易所,行业指数,19910403,20010702,SZSE
399140.SZ,水电指数,SZSE,深圳证券信息有限公司、深圳证券交易所,行业指数,19910403,20010702,SZSE
399150.SZ,建筑指数,SZSE,深圳证券信息有限公司、深圳证券交易所,行业指数,19910403,20010702,SZSE
399160.SZ,运输指数,SZSE,深圳证券信息有限公司、深圳证券交易所,行业指数,19910403,20010702,SZSE
399170.SZ,信息指数,SZSE,深圳证券信息有限公司、深圳证券交易所,行业指数,19910403,20010702,SZSE
399180.SZ,批零指数,SZSE,深圳证券信息有限公司、深圳证券交易所,行业指数,19910403,20010702,SZSE
399190.SZ,金融指数,SZSE,深圳证券信息有限公司、深圳证券交易所,行业指数,19910403,20010702,SZSE
399200.SZ,地产指数,SZSE,深圳证券信息有限公司、深圳证券交易所,行业指数,19910403,20010702,SZSE
399210.SZ,服务指数,SZSE,深圳证券信息有限公司、深圳证券交易所,行业指数,19910403,20010702,SZSE
399220.SZ,传播指数,SZSE,深圳证券信息有限公司、深圳证券交易所,行业指数,19910403,20010702,SZSE
399230.SZ,综企指数,SZSE,深圳证券信息有限公司、深圳证券交易所,行业指数,19910403,20010702,SZSE
399231.SZ,农林指数,SZSE,深圳证券信息有限公司、深圳证券交易所,行业指数,19910403,20130304,SZSE
399232.SZ,采矿指数,SZSE,深圳证券信息有限公司、深圳证券交易所,行业指数,19910403,20130304,SZSE
399233.SZ,制造指数,SZSE,深圳证券信息有限公司、深圳证券交易所,行业指数,19910403,20130304,SZSE
399234.SZ,水电指数,SZSE,深圳证券信息有限公司、深圳证券交易所,行业指数,19910403,20130304,SZSE
399235.SZ,建筑指数,SZSE,深圳证券信息有限公司、深圳证券交易所,行业指数,19910403,20130304,SZSE
399236.SZ,批零指数,SZSE,深圳证券信息有限公司、深圳证券交易所,行业指数,19910403,20130304,SZSE
399237.SZ,运输指数,SZSE,深圳证券信息有限公司、深圳证券交易所,行业指数,19910403,20130304,SZSE
399238.SZ,餐饮指数,SZSE,深圳证券信息有限公司、深圳证券交易所,行业指数,19910403,20130304,SZSE
399239.SZ,IT指数,SZSE,深圳证券信息有限公司、深圳证券交易所,行业指数,19910403,20130304,SZSE
399240.SZ,金融指数,SZSE,深圳证券信息有限公司、深圳证券交易所,行业指数,19910403,20130304,SZSE
399241.SZ,地产指数,SZSE,深圳证券信息有限公司、深圳证券交易所,行业指数,19910403,20130304,SZSE
399242.SZ,商务指数,SZSE,深圳证券信息有限公司、深圳证券交易所,行业指数,19910403,20130304,SZSE
399243.SZ,科研指数,SZSE,深圳证券信息有限公司、深圳证券交易所,行业指数,19910403,20130304,SZSE
399244.SZ,公共指数,SZSE,深圳证券信息有限公司、深圳证券交易所,行业指数,19910403,20130304,SZSE
399248.SZ,文化指数,SZSE,深圳证券信息有限公司、深圳证券交易所,行业指数,19910403,20130304,SZSE
399249.SZ,综企指数,SZSE,深圳证券信息有限公司、深圳证券交易所,行业指数,19910403,20130304,SZSE
399258.SZ,绿色低碳,SZSE,深圳证券信息有限公司、深圳证券交易所,主题指数,20121231,20230808,SZSE
399259.SZ,创业低碳,SZSE,深圳证券信息有限公司、深圳证券交易所,主题指数,20121231,20230808,SZSE
399260.SZ,先进制造,SZSE,深圳证券信息有限公司、深圳证券交易所,主题指数,20121231,20230808,SZSE
399261.SZ,创业制造,SZSE,深圳证券信息有限公司、深圳证券交易所,主题指数,20121231,20230808,SZSE
399262.SZ,数字经济,SZSE,深圳证券信息有限公司、深圳证券交易所,主题指数,20141231,20220929,SZSE
399263.SZ,创业数字,SZSE,深圳证券信息有限公司、深圳证券交易所,主题指数,20141231,20220929,SZSE
399264.SZ,创业软件,SZSE,深圳证券信息有限公司、深圳证券交易所,主题指数,20171229,20220929,SZSE
399265.SZ,创新药械,SZSE,深圳证券信息有限公司、深圳证券交易所,主题指数,20171229,20220929,SZSE
399266.SZ,创新能源,SZSE,深圳证券信息有限公司、深圳证券交易所,主题指数,20171229,20220929,SZSE
399267.SZ,专精特新,SZSE,深圳证券信息有限公司、深圳证券交易所,主题指数,20181228,20250721,SZSE
399268.SZ,深小巨人,SZSE,深圳证券信息有限公司、深圳证券交易所,主题指数,20181228,20250721,SZSE
399269.SZ,创质量,SZSE,深圳证券信息有限公司、深圳证券交易所,策略指数,20121231,20210112,SZSE
399274.SZ,深新基建,SZSE,深圳证券信息有限公司、深圳证券交易所,主题指数,20121231,20220411,SZSE
399275.SZ,创医药,SZSE,深圳证券信息有限公司、深圳证券交易所,主题指数,20121231,20201026,SZSE
399276.SZ,创科技,SZSE,深圳证券信息有限公司、深圳证券交易所,主题指数,20121231,20201026,SZSE
399277.SZ,公共健康,SZSE,深圳证券信息有限公司、深圳证券交易所,主题指数,20121231,20200508,SZSE
399278.SZ,长江100,SZSE,深圳证券信息有限公司、深圳证券交易所,主题指数,20121231,20200508,SZSE
399279.SZ,云科技50,SZSE,深圳证券信息有限公司、深圳证券交易所,主题指数,20121231,20200508,SZSE
399280.SZ,生物50,SZSE,深圳证券信息有限公司、深圳证券交易所,主题指数,20121231,20200508,SZSE
399281.SZ,电子50,SZSE,深圳证券信息有限公司、深圳证券交易所,主题指数,20121231,20200508,SZSE
399282.SZ,大数据50,SZSE,深圳证券信息有限公司、深圳证券交易所,主题指数,20121231,20200218,SZSE
399283.SZ,机器人50,SZSE,深圳证券信息有限公司、深圳证券交易所,主题指数,20121231,20200218,SZSE
399284.SZ,AI50,SZSE,深圳证券信息有限公司、深圳证券交易所,主题指数,20121231,20200218,SZSE
399285.SZ,物联网50,SZSE,深圳证券信息有限公司、深圳证券交易所,主题指数,20121231,20200218,SZSE
399286.SZ,区块链50,SZSE,深圳证券信息有限公司、深圳证券交易所,主题指数,20121231,20191224,SZSE
399289.SZ,碳中和债,SZSE,深圳证券信息有限公司,债券指数,20201231,20220411,SZSE
399290.SZ,深转交债,SZSE,深圳证券信息有限公司、深圳证券交易所,债券指数,20171229,20190606,SZSE
399291.SZ,创精选88,SZSE,深圳证券信息有限公司,策略指数,20121231,20191106,SZSE
399292.SZ,民企发展,SZSE,深圳证券信息有限公司、深圳证券交易所,主题指数,20140630,20190305,SZSE
399293.SZ,创业大盘,SZSE,深圳证券信息有限公司、深圳证券交易所,规模指数,20121231,20190418,SZSE
399294.SZ,中小创Q,SZSE,深圳证券信息有限公司、深圳证券交易所,策略指数,20121231,20190606,SZSE
399295.SZ,创价值,SZSE,深圳证券信息有限公司、深圳证券交易所,风格指数,20121231,20190123,SZSE
399296.SZ,创成长,SZSE,深圳证券信息有限公司、深圳证券交易所,风格指数,20121231,20190123,SZSE
399297.SZ,新浪100,SZSE,深圳证券信息有限公司、深圳证券交易所,主题指数,20131231,20171222,SZSE
399298.SZ,深信中高,SZSE,深圳证券信息有限公司、深圳证券交易所,债券指数,20081231,20140925,SZSE
399299.SZ,深信中低,SZSE,深圳证券信息有限公司、深圳证券交易所,债券指数,20081231,20140925,SZSE
399300.SZ,沪深300,SZSE,深圳证券交易所,规模指数,20041231,20050408,SZSE
399301.SZ,深信用债,SZSE,深圳证券信息有限公司、深圳证券交易所,债券指数,20081231,20130415,SZSE
399302.SZ,深公司债,SZSE,深圳证券信息有限公司、深圳证券交易所,债券指数,20081231,20130415,SZSE
399303.SZ,国证2000,SZSE,深圳证券信息有限公司,规模指数,20091231,20140328,SZSE
399305.SZ,基金指数,SZSE,深圳证券信息有限公司、深圳证券交易所,基金指数,20000630,20000703,SZSE
399306.SZ,深证ETF,SZSE,深圳证券信息有限公司、深圳证券交易所,基金指数,20101231,20111202,SZSE
399307.SZ,深证转债,SZSE,深圳证券信息有限公司、深圳证券交易所,债券指数,20111231,20140827,SZSE
399310.SZ,国证A50,SZSE,深圳证券信息有限公司,规模指数,20021231,20050905,SZSE
399311.SZ,国证1000,SZSE,深圳证券信息有限公司,规模指数,20021231,20050203,SZSE
399312.SZ,国证300,SZSE,深圳证券信息有限公司,规模指数,20021231,20050203,SZSE
399313.SZ,巨潮100,SZSE,深圳证券信息有限公司,规模指数,20021231,20050203,SZSE
399314.SZ,巨潮大盘,SZSE,深圳证券信息有限公司,规模指数,20021231,20050203,SZSE
399315.SZ,巨潮中盘,SZSE,深圳证券信息有限公司,规模指数,20021231,20050203,SZSE
399316.SZ,巨潮小盘,SZSE,深圳证券信息有限公司,规模指数,20021231,20050203,SZSE
399317.SZ,国证A指,SZSE,深圳证券信息有限公司,综合指数,20021231,20050203,SZSE
399318.SZ,国证B指,SZSE,深圳证券信息有限公司,综合指数,20021231,20050203,SZSE
399319.SZ,资源优势,SZSE,深圳证券信息有限公司,主题指数,20041231,20050104,SZSE
399320.SZ,国证服务,SZSE,深圳证券信息有限公司,主题指数,20041231,20050104,SZSE
399321.SZ,国证红利,SZSE,深圳证券信息有限公司,主题指数,20041231,20050104,SZSE
399322.SZ,国证治理,SZSE,深圳证券信息有限公司,策略指数,20021231,20051212,SZSE
399324.SZ,深证红利,SZSE,深圳证券信息有限公司、深圳证券交易所,策略指数,20021231,20060124,SZSE
399326.SZ,成长40,SZSE,深圳证券信息有限公司、深圳证券交易所,风格指数,20021231,20060124,SZSE
399328.SZ,深证治理,SZSE,深圳证券信息有限公司、深圳证券交易所,主题指数,20021231,20060124,SZSE
399329.SZ,中小板指,SZSE,深圳证券信息有限公司、深圳证券交易所,规模指数,20050607,20060124,SZSE
399330.SZ,深证100,SZSE,深圳证券信息有限公司、深圳证券交易所,规模指数,20021231,20060124,SZSE
399332.SZ,深证创新,SZSE,深圳证券信息有限公司、深圳证券交易所,主题指数,20021231,20060227,SZSE
399333.SZ,中小100R,SZSE,深圳证券信息有限公司、深圳证券交易所,规模指数,20050607,20061227,SZSE
399335.SZ,深证央企,SZSE,深圳证券信息有限公司、深圳证券交易所,主题指数,20041231,20090803,SZSE
399337.SZ,深证民营,SZSE,深圳证券信息有限公司、深圳证券交易所,主题指数,20041231,20090803,SZSE
399339.SZ,深证科技,SZSE,深圳证券信息有限公司、深圳证券交易所,主题指数,20041231,20090803,SZSE
399341.SZ,深证责任,SZSE,深圳证券信息有限公司、深圳证券交易所,主题指数,20090630,20090803,SZSE
399344.SZ,深证300R,SZSE,深圳证券信息有限公司、深圳证券交易所,规模指数,20041231,20091104,SZSE
399346.SZ,深证成长,SZSE,深圳证券信息有限公司、深圳证券交易所,风格指数,20041231,20091104,SZSE
399348.SZ,深证价值,SZSE,深圳证券信息有限公司、深圳证券交易所,风格指数,20041231,20091104,SZSE
399350.SZ,皖江30,SZSE,深圳证券信息有限公司,主题指数,20100630,20121218,SZSE
399351.SZ,创新示范,SZSE,深圳证券信息有限公司,主题指数,20040831,20040901,SZSE
399352.SZ,深企综指,SZSE,深圳证券信息有限公司,主题指数,20040831,20050203,SZSE
399353.SZ,国证物流,SZSE,深圳证券信息有限公司,主题指数,20021231,20050301,SZSE
399354.SZ,分析师指数,SZSE,深圳证券信息有限公司,风格指数,20060428,20061114,SZSE
399355.SZ,长三角,SZSE,深圳证券信息有限公司,主题指数,20021231,20070702,SZSE
399356.SZ,珠三角,SZSE,深圳证券信息有限公司,主题指数,20021231,20070702,SZSE
399357.SZ,环渤海,SZSE,深圳证券信息有限公司,主题指数,20021231,20070702,SZSE
399358.SZ,国证环保,SZSE,深圳证券信息有限公司,主题指数,20021231,20080102,SZSE
399359.SZ,国证基建,SZSE,深圳证券信息有限公司,主题指数,20041231,20090803,SZSE
399360.SZ,新硬件,SZSE,深圳证券信息有限公司,主题指数,20041231,20090803,SZSE
399361.SZ,在线消费,SZSE,深圳证券信息有限公司,主题指数,20041231,20090803,SZSE
399362.SZ,民企100,SZSE,深圳证券信息有限公司,主题指数,20041231,20090803,SZSE
399363.SZ,国证算力,SZSE,深圳证券信息有限公司,主题指数,20041231,20090803,SZSE
399364.SZ,消费100,SZSE,深圳证券信息有限公司,主题指数,20041231,20090803,SZSE
399365.SZ,国证粮食,SZSE,深圳证券信息有限公司,主题指数,20041231,20091104,SZSE
399366.SZ,能源金属,SZSE,深圳证券信息有限公司,主题指数,20041231,20091104,SZSE
399367.SZ,1000地产,SZSE,深圳证券信息有限公司,行业指数,20041231,20091104,SZSE
399368.SZ,国证军工,SZSE,深圳证券信息有限公司,主题指数,20041231,20091104,SZSE
399369.SZ,国证责任,SZSE,深圳证券信息有限公司,主题指数,20090630,20091104,SZSE
399370.SZ,国证成长,SZSE,深圳证券信息有限公司,风格指数,20021231,20100104,SZSE
399371.SZ,国证价值,SZSE,深圳证券信息有限公司,风格指数,20021231,20100104,SZSE
399372.SZ,大盘成长,SZSE,深圳证券信息有限公司,风格指数,20021231,20100104,SZSE
399373.SZ,大盘价值,SZSE,深圳证券信息有限公司,风格指数,20021231,20100104,SZSE
399374.SZ,中盘成长,SZSE,深圳证券信息有限公司,风格指数,20021231,20100104,SZSE
399375.SZ,中盘价值,SZSE,深圳证券信息有限公司,风格指数,20021231,20100104,SZSE
399376.SZ,小盘成长,SZSE,深圳证券信息有限公司,风格指数,20021231,20100104,SZSE
399377.SZ,小盘价值,SZSE,深圳证券信息有限公司,风格指数,20021231,20100104,SZSE
399378.SZ,ESG300,SZSE,深圳证券信息有限公司,策略指数,20100630,20100920,SZSE
399379.SZ,国证基金,SZSE,深圳证券信息有限公司,基金指数,20041231,20111202,SZSE
399380.SZ,国证ETF,SZSE,深圳证券信息有限公司,基金指数,20101231,20111202,SZSE
399381.SZ,1000能源,SZSE,深圳证券信息有限公司,行业指数,20021231,20111202,SZSE
399382.SZ,1000材料,SZSE,深圳证券信息有限公司,行业指数,20021231,20111202,SZSE
399383.SZ,1000工业,SZSE,深圳证券信息有限公司,行业指数,20021231,20111202,SZSE
399384.SZ,1000可选,SZSE,深圳证券信息有限公司,行业指数,20021231,20111202,SZSE
399385.SZ,1000消费,SZSE,深圳证券信息有限公司,行业指数,20021231,20111202,SZSE
399386.SZ,1000医药,SZSE,深圳证券信息有限公司,行业指数,20021231,20111202,SZSE
399387.SZ,1000金融,SZSE,深圳证券信息有限公司,行业指数,20021231,20111202,SZSE
399388.SZ,1000信息,SZSE,深圳证券信息有限公司,行业指数,20021231,20111202,SZSE
399389.SZ,国证通信,SZSE,深圳证券信息有限公司,主题指数,20021231,20111202,SZSE
399390.SZ,1000公用,SZSE,深圳证券信息有限公司,行业指数,20021231,20111202,SZSE
399391.SZ,投资时钟,SZSE,深圳证券信息有限公司,策略指数,20061229,20120326,SZSE
399392.SZ,国证新兴,SZSE,深圳证券信息有限公司,主题指数,20090630,20120328,SZSE
399393.SZ,国证地产,SZSE,深圳证券信息有限公司,行业指数,20041231,20120820,SZSE
399394.SZ,国证医药,SZSE,深圳证券信息有限公司,行业指数,20041231,20121029,SZSE
399395.SZ,国证有色,SZSE,深圳证券信息有限公司,行业指数,20041231,20121029,SZSE
399396.SZ,国证食品,SZSE,深圳证券信息有限公司,行业指数,20041231,20121029,SZSE
399397.SZ,国证文化,SZSE,深圳证券信息有限公司,主题指数,20090630,20121109,SZSE
399398.SZ,绩效指数,SZSE,深圳证券信息有限公司,策略指数,20021231,20121119,SZSE
399399.SZ,中经GDP,SZSE,深圳证券信息有限公司,主题指数,20050630,20121123,SZSE
399400.SZ,大中盘,SZSE,深圳证券信息有限公司,规模指数,20021231,20130320,SZSE
399401.SZ,中小盘,SZSE,深圳证券信息有限公司,规模指数,20021231,20130320,SZSE
399402.SZ,周期100,SZSE,深圳证券信息有限公司,主题指数,20041231,20131028,SZSE
399403.SZ,防御100,SZSE,深圳证券信息有限公司,主题指数,20041231,20131028,SZSE
399405.SZ,大盘高贝,SZSE,深圳证券信息有限公司,策略指数,20041231,20131205,SZSE
399406.SZ,中盘低波,SZSE,深圳证券信息有限公司,策略指数,20041231,20131205,SZSE
399407.SZ,中盘高贝,SZSE,深圳证券信息有限公司,策略指数,20041231,20131205,SZSE
399408.SZ,小盘低波,SZSE,深圳证券信息有限公司,策略指数,20041231,20131205,SZSE
399409.SZ,小盘高贝,SZSE,深圳证券信息有限公司,策略指数,20041231,20131205,SZSE
399410.SZ,苏州率先,SZSE,深圳证券信息有限公司,主题指数,20111230,20131212,SZSE
399411.SZ,红利100,SZSE,深圳证券信息有限公司,策略指数,20081231,20140410,SZSE
399412.SZ,国证新能,SZSE,深圳证券信息有限公司,主题指数,20100630,20140516,SZSE
399413.SZ,国证转债,SZSE,深圳证券信息有限公司,债券指数,20111231,20140827,SZSE
399415.SZ,I100,SZSE,深圳证券信息有限公司、南方基金管理股份有限公司、北京新浪互联信息服务有限公司,主题指数,20100129,20140912,SZSE
399416.SZ,I300,SZSE,深圳证券信息有限公司、南方基金管理股份有限公司、北京新浪互联信息服务有限公司,主题指数,20100129,20140912,SZSE
399417.SZ,新能源车,SZSE,深圳证券信息有限公司,主题指数,20100630,20140924,SZSE
399418.SZ,数据要素,SZSE,深圳证券信息有限公司,主题指数,20081231,20141121,SZSE
399419.SZ,国证高铁,SZSE,深圳证券信息有限公司,主题指数,20100630,20141210,SZSE
399420.SZ,国证保证,SZSE,深圳证券信息有限公司,主题指数,20100630,20141210,SZSE
399422.SZ,中关村A指,SZSE,深圳证券信息有限公司,主题指数,20081231,20150205,SZSE
399423.SZ,中关村50,SZSE,深圳证券信息有限公司,主题指数,20081231,20150205,SZSE
399428.SZ,国证定增,SZSE,深圳证券信息有限公司,主题指数,20121231,20150217,SZSE
399429.SZ,新丝路,SZSE,深圳证券信息有限公司、中国国际广播电台、深圳证券时报社有限公司,主题指数,20111230,20150108,SZSE
399431.SZ,国证银行,SZSE,深圳证券信息有限公司,行业指数,20021231,20141230,SZSE
399432.SZ,智能汽车,SZSE,深圳证券信息有限公司,主题指数,20021231,20141230,SZSE
399433.SZ,国证交运,SZSE,深圳证券信息有限公司,行业指数,20021231,20141230,SZSE
399434.SZ,数字传媒,SZSE,深圳证券信息有限公司,主题指数,20021231,20141230,SZSE
399435.SZ,国证农牧,SZSE,深圳证券信息有限公司,行业指数,20021231,20141230,SZSE
399436.SZ,绿色煤炭,SZSE,深圳证券信息有限公司,主题指数,20021231,20141230,SZSE
399437.SZ,证券龙头,SZSE,深圳证券信息有限公司,主题指数,20021231,20141230,SZSE
399438.SZ,绿色电力,SZSE,深圳证券信息有限公司,主题指数,20021231,20141230,SZSE
399439.SZ,国证油气,SZSE,深圳证券信息有限公司,主题指数,20021231,20141230,SZSE
399440.SZ,国证钢铁,SZSE,深圳证券信息有限公司,行业指数,20021231,20141230,SZSE
399441.SZ,生物医药,SZSE,深圳证券信息有限公司,主题指数,20091231,20150120,SZSE
399481.SZ,企债指数,SZSE,深圳证券信息有限公司,债券指数,20021231,20030217,SZSE
399550.SZ,央视50,SZSE,深圳证券信息有限公司、中央广播电视总台,主题指数,20100630,20120606,SZSE
399551.SZ,央视创新,SZSE,深圳证券信息有限公司、中央广播电视总台,主题指数,20100630,20130606,SZSE
399552.SZ,央视成长,SZSE,深圳证券信息有限公司、中央广播电视总台,主题指数,20100630,20130606,SZSE
399553.SZ,央视回报,SZSE,深圳证券信息有限公司、中央广播电视总台,主题指数,20100630,20130606,SZSE
399554.SZ,央视治理,SZSE,深圳证券信息有限公司、中央广播电视总台,主题指数,20100630,20130606,SZSE
399555.SZ,央视责任,SZSE,深圳证券信息有限公司、中央广播电视总台,主题指数,20100630,20130606,SZSE
399556.SZ,央视生态,SZSE,深圳证券信息有限公司、中央广播电视总台,主题指数,20100630,20140606,SZSE
399557.SZ,央视文化,SZSE,深圳证券信息有限公司、中央广播电视总台,主题指数,20100630,20140606,SZSE
399602.SZ,中小成长,SZSE,深圳证券信息有限公司、深圳证券交易所,风格指数,20100319,20100524,SZSE
399604.SZ,中小价值,SZSE,深圳证券信息有限公司、深圳证券交易所,风格指数,20100319,20100524,SZSE
399606.SZ,创业板R,SZSE,深圳证券信息有限公司、深圳证券交易所,规模指数,20100531,20100601,SZSE
399608.SZ,科技100,SZSE,深圳证券信息有限公司、深圳证券交易所,主题指数,20070629,20101018,SZSE
399610.SZ,TMT50,SZSE,深圳证券信息有限公司、深圳证券交易所,主题指数,20041231,20101108,SZSE
399611.SZ,中创100R,SZSE,深圳证券信息有限公司、深圳证券交易所,规模指数,20070629,20110228,SZSE
399612.SZ,中创100,SZSE,深圳证券信息有限公司、深圳证券交易所,规模指数,20070629,20110228,SZSE
399613.SZ,深证能源,SZSE,深圳证券信息有限公司、深圳证券交易所,行业指数,20041231,20110615,SZSE
399614.SZ,深证材料,SZSE,深圳证券信息有限公司、深圳证券交易所,行业指数,20041231,20110615,SZSE
399615.SZ,深证工业,SZSE,深圳证券信息有限公司、深圳证券交易所,行业指数,20041231,20110615,SZSE
399616.SZ,深证可选,SZSE,深圳证券信息有限公司、深圳证券交易所,行业指数,20041231,20110615,SZSE
399617.SZ,深证消费,SZSE,深圳证券信息有限公司、深圳证券交易所,行业指数,20041231,20110615,SZSE
399618.SZ,深证医药,SZSE,深圳证券信息有限公司、深圳证券交易所,行业指数,20041231,20110615,SZSE
399619.SZ,深证金融,SZSE,深圳证券信息有限公司、深圳证券交易所,行业指数,20041231,20110615,SZSE
399620.SZ,深证信息,SZSE,深圳证券信息有限公司、深圳证券交易所,行业指数,20041231,20110615,SZSE
399621.SZ,深证电信,SZSE,深圳证券信息有限公司、深圳证券交易所,行业指数,20041231,20110615,SZSE
399622.SZ,深证公用,SZSE,深圳证券信息有限公司、深圳证券交易所,行业指数,20041231,20110615,SZSE
399623.SZ,中小基础,SZSE,深圳证券信息有限公司、深圳证券交易所,规模指数,20051230,20110725,SZSE
399624.SZ,中创400,SZSE,深圳证券信息有限公司、深圳证券交易所,规模指数,20100630,20110815,SZSE
399625.SZ,中创500,SZSE,深圳证券信息有限公司、深圳证券交易所,规模指数,20100630,20110815,SZSE
399626.SZ,中创成长,SZSE,深圳证券信息有限公司、深圳证券交易所,风格指数,20100630,20110815,SZSE
399627.SZ,中创价值,SZSE,深圳证券信息有限公司、深圳证券交易所,风格指数,20100630,20110815,SZSE
399628.SZ,700成长,SZSE,深圳证券信息有限公司、深圳证券交易所,风格指数,20100630,20110901,SZSE
399629.SZ,700价值,SZSE,深圳证券信息有限公司、深圳证券交易所,风格指数,20100630,20110901,SZSE
399630.SZ,1000成长,SZSE,深圳证券信息有限公司、深圳证券交易所,风格指数,20100630,20110901,SZSE
399631.SZ,1000价值,SZSE,深圳证券信息有限公司、深圳证券交易所,风格指数,20100630,20110901,SZSE
399632.SZ,深100EW,SZSE,深圳证券信息有限公司、深圳证券交易所,策略指数,20021231,20111028,SZSE
399633.SZ,深300EW,SZSE,深圳证券信息有限公司、深圳证券交易所,策略指数,20041231,20111028,SZSE
399634.SZ,中小等权,SZSE,深圳证券信息有限公司、深圳证券交易所,策略指数,20061229,20111028,SZSE
399635.SZ,创业板EW,SZSE,深圳证券信息有限公司、深圳证券交易所,策略指数,20100930,20111028,SZSE
399636.SZ,深证装备,SZSE,深圳证券信息有限公司、深圳证券交易所,主题指数,20041231,20111115,SZSE
399637.SZ,深证地产,SZSE,深圳证券信息有限公司、深圳证券交易所,行业指数,20041231,20111115,SZSE
399638.SZ,深证环保,SZSE,深圳证券信息有限公司、深圳证券交易所,主题指数,20041231,20111115,SZSE
399639.SZ,深证大宗,SZSE,深圳证券信息有限公司、深圳证券交易所,主题指数,20041231,20111115,SZSE
399640.SZ,创业基础,SZSE,深圳证券信息有限公司、深圳证券交易所,规模指数,20101231,20120116,SZSE
399641.SZ,深证新兴,SZSE,深圳证券信息有限公司、深圳证券交易所,主题指数,20100630,20120201,SZSE
399642.SZ,中小新兴,SZSE,深圳证券信息有限公司、深圳证券交易所,主题指数,20100630,20120201,SZSE
399643.SZ,创业新兴,SZSE,深圳证券信息有限公司、深圳证券交易所,主题指数,20100630,20120201,SZSE
399644.SZ,深证时钟,SZSE,深圳证券信息有限公司、深圳证券交易所,策略指数,20061229,20120326,SZSE
399645.SZ,100低波,SZSE,深圳证券信息有限公司、深圳证券交易所,策略指数,20041231,20120612,SZSE
399646.SZ,深消费50,SZSE,深圳证券信息有限公司、深圳证券交易所,主题指数,20041231,20120806,SZSE
399647.SZ,深医药50,SZSE,深圳证券信息有限公司、深圳证券交易所,主题指数,20041231,20120806,SZSE
399648.SZ,深证GDP,SZSE,深圳证券信息有限公司、深圳证券交易所,主题指数,20050630,20120808,SZSE
399649.SZ,中小红利,SZSE,深圳证券信息有限公司、深圳证券交易所,主题指数,20090630,20120820,SZSE
399650.SZ,中小治理,SZSE,深圳证券信息有限公司、深圳证券交易所,主题指数,20090630,20120820,SZSE
399651.SZ,中小责任,SZSE,深圳证券信息有限公司、深圳证券交易所,主题指数,20090630,20120820,SZSE
399652.SZ,中创高新,SZSE,深圳证券信息有限公司、深圳证券交易所,主题指数,20110630,20120917,SZSE
399653.SZ,深证龙头,SZSE,深圳证券信息有限公司、深圳证券交易所,主题指数,20100630,20120925,SZSE
399654.SZ,深证文化,SZSE,深圳证券信息有限公司、深圳证券交易所,主题指数,20090630,20121109,SZSE
399655.SZ,深证绩效,SZSE,深圳证券信息有限公司、深圳证券交易所,策略指数,20021231,20121119,SZSE
399656.SZ,100绩效,SZSE,深圳证券信息有限公司、深圳证券交易所,策略指数,20021231,20121119,SZSE
399657.SZ,300绩效,SZSE,深圳证券信息有限公司、深圳证券交易所,策略指数,20041231,20121119,SZSE
399658.SZ,中小绩效,SZSE,深圳证券信息有限公司、深圳证券交易所,策略指数,20061229,20121119,SZSE
399659.SZ,深成指EW,SZSE,深圳证券信息有限公司、深圳证券交易所,策略指数,20021231,20121123,SZSE
399660.SZ,中创EW,SZSE,深圳证券信息有限公司、深圳证券交易所,策略指数,20070629,20121123,SZSE
399661.SZ,深证低波,SZSE,深圳证券信息有限公司、深圳证券交易所,策略指数,20061229,20121220,SZSE
399662.SZ,深证高贝,SZSE,深圳证券信息有限公司、深圳证券交易所,策略指数,20061229,20121220,SZSE
399663.SZ,中小低波,SZSE,深圳证券信息有限公司、深圳证券交易所,策略指数,20110630,20121220,SZSE
399664.SZ,中小高贝,SZSE,深圳证券信息有限公司、深圳证券交易所,策略指数,20110630,20121220,SZSE
399665.SZ,中创低波,SZSE,深圳证券信息有限公司、深圳证券交易所,策略指数,20110630,20121220,SZSE
399666.SZ,中创高贝,SZSE,深圳证券信息有限公司、深圳证券交易所,策略指数,20110630,20121220,SZSE
399667.SZ,创业成长,SZSE,深圳证券信息有限公司、深圳证券交易所,风格指数,20120629,20130107,SZSE
399668.SZ,创业板V,SZSE,深圳证券信息有限公司、深圳证券交易所,风格指数,20120629,20130107,SZSE
399669.SZ,深证农业,SZSE,深圳证券信息有限公司、深圳证券交易所,主题指数,20041231,20130624,SZSE
399670.SZ,深周期50,SZSE,深圳证券信息有限公司、深圳证券交易所,主题指数,20041231,20131028,SZSE
399671.SZ,深防御50,SZSE,深圳证券信息有限公司、深圳证券交易所,主题指数,20041231,20131028,SZSE
399672.SZ,深红利50,SZSE,深圳证券信息有限公司、深圳证券交易所,策略指数,20081231,20140410,SZSE
399673.SZ,创业板50,SZSE,深圳证券信息有限公司、深圳证券交易所,规模指数,20100531,20140618,SZSE
399674.SZ,深A医药,SZSE,深圳证券信息有限公司、深圳证券交易所,行业指数,20100630,20150608,SZSE
399675.SZ,深互联网,SZSE,深圳证券信息有限公司、深圳证券交易所,行业指数,20100630,20150608,SZSE
399676.SZ,深医药EW,SZSE,深圳证券信息有限公司、深圳证券交易所,策略指数,20100630,20150608,SZSE
399677.SZ,深互联EW,SZSE,深圳证券信息有限公司、深圳证券交易所,策略指数,20100630,20150608,SZSE
399678.SZ,深次新股,SZSE,深圳证券信息有限公司、深圳证券交易所,主题指数,20101231,20150618,SZSE
399679.SZ,深证200R,SZSE,深圳证券信息有限公司、深圳证券交易所,规模指数,20041231,20110901,SZSE
399680.SZ,深成能源,SZSE,深圳证券信息有限公司、深圳证券交易所,行业指数,20100630,20150831,SZSE
399681.SZ,深成材料,SZSE,深圳证券信息有限公司、深圳证券交易所,行业指数,20100630,20150831,SZSE
399682.SZ,深成工业,SZSE,深圳证券信息有限公司、深圳证券交易所,行业指数,20100630,20150831,SZSE
399683.SZ,深成可选,SZSE,深圳证券信息有限公司、深圳证券交易所,行业指数,20100630,20150831,SZSE
399684.SZ,深成消费,SZSE,深圳证券信息有限公司、深圳证券交易所,行业指数,20100630,20150831,SZSE
399685.SZ,深成医药,SZSE,深圳证券信息有限公司、深圳证券交易所,行业指数,20100630,20150831,SZSE
399686.SZ,深成金融,SZSE,深圳证券信息有限公司、深圳证券交易所,行业指数,20100630,20150831,SZSE
399687.SZ,深成信息,SZSE,深圳证券信息有限公司、深圳证券交易所,行业指数,20100630,20150831,SZSE
399688.SZ,深成电信,SZSE,深圳证券信息有限公司、深圳证券交易所,行业指数,20100630,20150831,SZSE
399689.SZ,深成公用,SZSE,深圳证券信息有限公司、深圳证券交易所,行业指数,20100630,20150831,SZSE
399692.SZ,创业低波,SZSE,深圳证券信息有限公司、深圳证券交易所,策略指数,20130628,20161220,SZSE
399693.SZ,安防产业,SZSE,深圳证券信息有限公司、深圳证券交易所,主题指数,20120629,20160620,SZSE
399694.SZ,创业高贝,SZSE,深圳证券信息有限公司、深圳证券交易所,策略指数,20130628,20161220,SZSE
399695.SZ,深证节能,SZSE,深圳证券信息有限公司、深圳证券交易所,主题指数,20100630,20170428,SZSE
399696.SZ,深证创投,SZSE,深圳证券信息有限公司、深圳证券交易所,主题指数,20100630,20161021,SZSE
399697.SZ,中关村60,SZSE,深圳证券信息有限公司、深圳证券交易所,主题指数,20081231,20170110,SZSE
399698.SZ,优势成长,SZSE,深圳证券信息有限公司、深圳证券交易所,策略指数,20081231,20170615,SZSE
399699.SZ,金融科技,SZSE,深圳证券信息有限公司、深圳市福田区投资推广署(深圳市福田区金融发展事务署),主题指数,20170526,20170609,SZSE
399701.SZ,深证F60,SZSE,中证指数有限公司、深圳证券交易所,策略指数,20021231,20100510,SZSE
399702.SZ,深证F120,SZSE,中证指数有限公司、深圳证券交易所,策略指数,20021231,20100510,SZSE
399703.SZ,深证F200,SZSE,中证指数有限公司、深圳证券交易所,策略指数,20021231,20100510,SZSE
399704.SZ,深证上游,SZSE,中证指数有限公司、深圳证券交易所,主题指数,20021231,20111018,SZSE
399705.SZ,深证中游,SZSE,中证指数有限公司、深圳证券交易所,主题指数,20021231,20111018,SZSE
399706.SZ,深证下游,SZSE,中证指数有限公司、深圳证券交易所,主题指数,20021231,20111018,SZSE
399707.SZ,CSSW证券,SZSE,中证指数有限公司,行业指数,19991231,20150416,SZSE
399750.SZ,深主板50,SZSE,深圳证券信息有限公司、深圳证券交易所,规模指数,20041231,20231115,SZSE
399802.SZ,500深市,SZSE,中证指数有限公司,主题指数,20041231,20120905,SZSE
399803.SZ,工业4.0,SZSE,中证指数有限公司,主题指数,20120629,20150213,SZSE
399804.SZ,中证体育,SZSE,中证指数有限公司,主题指数,20120629,20150209,SZSE
399805.SZ,互联金融,SZSE,中证指数有限公司,主题指数,20120629,20150210,SZSE
399806.SZ,环境治理,SZSE,中证指数有限公司、上海证券交易所,主题指数,20111230,20140721,SZSE
399807.SZ,高铁产业,SZSE,中证指数有限公司,主题指数,20121231,20150120,SZSE
399808.SZ,中证新能,SZSE,中证指数有限公司,主题指数,20111231,20150210,SZSE
399809.SZ,保险主题,SZSE,中证指数有限公司,主题指数,20111231,20150213,SZSE
399810.SZ,CSSW传媒,SZSE,中证指数有限公司,行业指数,20041231,20150803,SZSE
399811.SZ,CSSW电子,SZSE,中证指数有限公司,行业指数,20041231,20150803,SZSE
399812.SZ,养老产业,SZSE,中证指数有限公司、上海证券交易所,主题指数,20041231,20140606,SZSE
399813.SZ,中证国安,SZSE,中证指数有限公司,主题指数,20081231,20150129,SZSE
399814.SZ,大农业,SZSE,中证指数有限公司,主题指数,20131231,20140722,SZSE
399850.SZ,深证50,SZSE,深圳证券信息有限公司、深圳证券交易所,规模指数,20021231,20231018,SZSE
399852.SZ,中证1000,SZSE,中证指数有限公司,规模指数,20041231,20141017,SZSE
399901.SZ,小康指数,SZSE,中证指数有限公司,主题指数,20051230,20100402,SZSE
399902.SZ,中证流通,SZSE,中证指数有限公司,综合指数,20051230,20060227,SZSE
399903.SZ,中证A100,SZSE,中证指数有限公司,规模指数,20051230,20060529,SZSE
399904.SZ,中证200,SZSE,深圳证券交易所,规模指数,20041231,20070115,SZSE
399905.SZ,中证500,SZSE,深圳证券交易所,规模指数,20041231,20070115,SZSE
399906.SZ,中证800,SZSE,深圳证券交易所,规模指数,20041231,20070115,SZSE
399907.SZ,中证700,SZSE,深圳证券交易所,规模指数,20041231,20070115,SZSE
399908.SZ,300能源,SZSE,中证指数有限公司,行业指数,20041231,20070702,SZSE
399909.SZ,300材料,SZSE,中证指数有限公司,行业指数,20041231,20070702,SZSE
399910.SZ,300工业,SZSE,中证指数有限公司,行业指数,20041231,20070702,SZSE
399911.SZ,300可选,SZSE,中证指数有限公司,行业指数,20041231,20070702,SZSE
399912.SZ,300消费,SZSE,中证指数有限公司,行业指数,20041231,20070702,SZSE
399913.SZ,300医药,SZSE,中证指数有限公司,行业指数,20041231,20070702,SZSE
399914.SZ,300金融,SZSE,中证指数有限公司,主题指数,20041231,20070702,SZSE
399915.SZ,300信息,SZSE,中证指数有限公司,行业指数,20041231,20070702,SZSE
399916.SZ,300电信,SZSE,中证指数有限公司,行业指数,20041231,20070702,SZSE
399917.SZ,300公用,SZSE,中证指数有限公司,行业指数,20041231,20070702,SZSE
399918.SZ,300成长,SZSE,中证指数有限公司,风格指数,20041231,20080121,SZSE
399919.SZ,300价值,SZSE,中证指数有限公司,风格指数,20041231,20080121,SZSE
399920.SZ,300R成长,SZSE,中证指数有限公司,风格指数,20041231,20080121,SZSE
399921.SZ,300R价值,SZSE,中证指数有限公司,风格指数,20041231,20080121,SZSE
399922.SZ,中证红利,SZSE,中证指数有限公司,策略指数,20041231,20080526,SZSE
399923.SZ,公司债,SZSE,深圳证券交易所,债券指数,20071231,20081119,SZSE
399924.SZ,分离债,SZSE,深圳证券交易所,债券指数,20071231,20081119,SZSE
399925.SZ,基本面50,SZSE,中证指数有限公司,策略指数,20041231,20090226,SZSE
399926.SZ,中证央企,SZSE,中证指数有限公司,主题指数,20081231,20090330,SZSE
399927.SZ,央企100,SZSE,中证指数有限公司,主题指数,20081231,20090330,SZSE
399928.SZ,800能源,SZSE,中证指数有限公司,行业指数,20041231,20090703,SZSE
399929.SZ,中证材料,SZSE,中证指数有限公司,行业指数,20041231,20090703,SZSE
399930.SZ,中证工业,SZSE,中证指数有限公司,行业指数,20041231,20090703,SZSE
399931.SZ,中证可选,SZSE,中证指数有限公司,行业指数,20041231,20090703,SZSE
399932.SZ,800消费,SZSE,中证指数有限公司,行业指数,20041231,20090703,SZSE
399933.SZ,800医卫,SZSE,中证指数有限公司,行业指数,20041231,20090703,SZSE
399934.SZ,800金地,SZSE,中证指数有限公司,主题指数,20041231,20090703,SZSE
399935.SZ,中证信息,SZSE,中证指数有限公司,行业指数,20041231,20090703,SZSE
399936.SZ,中证电信,SZSE,中证指数有限公司,行业指数,20041231,20090703,SZSE
399937.SZ,中证公用,SZSE,中证指数有限公司,行业指数,20041231,20090703,SZSE
399938.SZ,中证民企,SZSE,中证指数有限公司,主题指数,20090630,20090825,SZSE
399939.SZ,民企成长,SZSE,中证指数有限公司,主题指数,20090630,20090825,SZSE
399940.SZ,财富大盘300,SZSE,中证指数有限公司,策略指数,20041231,20090925,SZSE
399941.SZ,新能源,SZSE,中证指数有限公司,主题指数,20081231,20091028,SZSE
399942.SZ,内地消费,SZSE,中证指数有限公司,主题指数,20041231,20091028,SZSE
399943.SZ,内地基建,SZSE,中证指数有限公司,主题指数,20041231,20091028,SZSE
399944.SZ,内地资源,SZSE,中证指数有限公司,主题指数,20041231,20091028,SZSE
399945.SZ,内地运输,SZSE,中证指数有限公司,主题指数,20041231,20091028,SZSE
399946.SZ,内地金融,SZSE,中证指数有限公司,主题指数,20041231,20091028,SZSE
399947.SZ,内地银行,SZSE,中证指数有限公司,主题指数,20041231,20091028,SZSE
399948.SZ,内地地产,SZSE,中证指数有限公司,主题指数,20041231,20091028,SZSE
399949.SZ,内地农业,SZSE,中证指数有限公司,主题指数,20041231,20091028,SZSE
399950.SZ,300基建,SZSE,中证指数有限公司,主题指数,20041231,20091028,SZSE
399951.SZ,300银行,SZSE,中证指数有限公司,行业指数,20041231,20091028,SZSE
399952.SZ,300地产,SZSE,中证指数有限公司,行业指数,20041231,20091028,SZSE
399953.SZ,中证地企,SZSE,中证指数有限公司、上海证券交易所,主题指数,20090630,20100209,SZSE
399954.SZ,地企100,SZSE,中证指数有限公司、上海证券交易所,主题指数,20090630,20100209,SZSE
399955.SZ,中证国企,SZSE,中证指数有限公司、上海证券交易所,主题指数,20090630,20100209,SZSE
399956.SZ,国企200,SZSE,中证指数有限公司、上海证券交易所,主题指数,20090630,20100209,SZSE
399957.SZ,300运输,SZSE,中证指数有限公司,行业指数,20041231,20100317,SZSE
399958.SZ,创业成长,SZSE,中证指数有限公司,主题指数,20091231,20100324,SZSE
399959.SZ,军工指数,SZSE,中证指数有限公司,主题指数,20110630,20110830,SZSE
399960.SZ,中证龙头,SZSE,中证指数有限公司、上海证券交易所,主题指数,20041231,20100209,SZSE
399961.SZ,中证上游,SZSE,中证指数有限公司,主题指数,20041231,20100416,SZSE
399962.SZ,中证中游,SZSE,中证指数有限公司,主题指数,20041231,20100416,SZSE
399963.SZ,中证下游,SZSE,中证指数有限公司,主题指数,20041231,20100416,SZSE
399964.SZ,中证新兴,SZSE,中证指数有限公司、上海证券交易所,主题指数,20041231,20100430,SZSE
399965.SZ,800地产,SZSE,中证指数有限公司,行业指数,20041231,20121221,SZSE
399966.SZ,800证保,SZSE,中证指数有限公司,主题指数,20041231,20121221,SZSE
399967.SZ,中证军工,SZSE,中证指数有限公司,主题指数,20041231,20131226,SZSE
399968.SZ,300周期,SZSE,中证指数有限公司,主题指数,20041231,20100528,SZSE
399969.SZ,300非周,SZSE,中证指数有限公司,主题指数,20041231,20100528,SZSE
399970.SZ,移动互联,SZSE,中证指数有限公司,主题指数,20120629,20140505,SZSE
399971.SZ,中证传媒,SZSE,中证指数有限公司,主题指数,20101231,20140415,SZSE
399972.SZ,300深市,SZSE,中证指数有限公司、上海证券交易所,主题指数,20041231,20120621,SZSE
399973.SZ,中证国防,SZSE,中证指数有限公司,主题指数,20110630,20140415,SZSE
399974.SZ,国企改革,SZSE,中证指数有限公司,主题指数,20140331,20140807,SZSE
399975.SZ,证券公司,SZSE,中证指数有限公司,行业指数,20070629,20130715,SZSE
399976.SZ,CS新能车,SZSE,中证指数有限公司,主题指数,20111231,20141128,SZSE
399977.SZ,内地低碳,SZSE,中证指数有限公司,主题指数,20100630,20110121,SZSE
399978.SZ,医药100,SZSE,中证指数有限公司,主题指数,20041231,20110318,SZSE
399979.SZ,大宗商品,SZSE,中证指数有限公司、上海证券交易所,主题指数,20041231,20110822,SZSE
399980.SZ,中证超大,SZSE,中证指数有限公司、上海证券交易所,规模指数,20041231,20110510,SZSE
399981.SZ,300分层,SZSE,中证指数有限公司,策略指数,20041231,20110613,SZSE
399982.SZ,500等权,SZSE,中证指数有限公司、上海证券交易所,策略指数,20041231,20110613,SZSE
399983.SZ,地产等权,SZSE,中证指数有限公司,策略指数,20041231,20131122,SZSE
399984.SZ,300等权,SZSE,中证指数有限公司,策略指数,20041231,20110802,SZSE
399985.SZ,中证全指,SZSE,中证指数有限公司,规模指数,20041231,20110802,SZSE
399986.SZ,中证银行,SZSE,中证指数有限公司,行业指数,20041231,20130715,SZSE
399987.SZ,中证酒,SZSE,中证指数有限公司,主题指数,20081231,20141210,SZSE
399989.SZ,中证医疗,SZSE,中证指数有限公司,主题指数,20041231,20141031,SZSE
399990.SZ,煤炭等权,SZSE,中证指数有限公司,策略指数,20081231,20150121,SZSE
399991.SZ,一带一路,SZSE,中证指数有限公司,主题指数,20121231,20150216,SZSE
399992.SZ,CSWD并购,SZSE,中证指数有限公司,主题指数,20111230,20150508,SZSE
399993.SZ,CSWD生科,SZSE,中证指数有限公司,主题指数,20091231,20150508,SZSE
399994.SZ,信息安全,SZSE,中证指数有限公司,主题指数,20101231,20150312,SZSE
399995.SZ,基建工程,SZSE,中证指数有限公司,行业指数,20041231,20150312,SZSE
399996.SZ,智能家居,SZSE,中证指数有限公司、上海证券交易所,主题指数,20120629,20140917,SZSE
399997.SZ,中证白酒,SZSE,中证指数有限公司,主题指数,20081231,20150121,SZSE
399998.SZ,中证煤炭,SZSE,中证指数有限公司,行业指数,20081231,20150213,SZSE
970070.SZ,创业板人工智能,SZSE,深圳证券信息有限公司、深圳证券交易所,主题指数,20181228,20240711,SZSE
980001.SZ,湾创100,SZSE,深圳证券信息有限公司,规模指数,20170630,20190409,SZSE
980015.SZ,疫苗生科,SZSE,深圳证券信息有限公司,主题指数,20021231,20150216,SZSE
980016.SZ,医疗健康,SZSE,深圳证券信息有限公司,主题指数,20021231,20150217,SZSE
980017.SZ,国证芯片,SZSE,深圳证券信息有限公司,主题指数,20021231,20150217,SZSE
980018.SZ,卫星通信,SZSE,深圳证券信息有限公司,主题指数,20021231,20150217,SZSE
980022.SZ,机器人产业,SZSE,深圳证券信息有限公司,主题指数,20141231,20150225,SZSE
980023.SZ,南山50,SZSE,深圳证券信息有限公司,主题指数,20121231,20191231,SZSE
980027.SZ,新能源电池,SZSE,深圳证券信息有限公司,主题指数,20141231,20150216,SZSE
980028.SZ,龙头家电,SZSE,深圳证券信息有限公司,主题指数,20021231,20150216,SZSE
980030.SZ,消费电子,SZSE,深圳证券信息有限公司,主题指数,20021231,20150217,SZSE
980032.SZ,新能电池,SZSE,深圳证券信息有限公司,主题指数,20021231,20150217,SZSE
980035.SZ,化肥农药,SZSE,深圳证券信息有限公司,主题指数,20081231,20121228,SZSE
980068.SZ,蓝色100,SZSE,深圳证券信息有限公司,主题指数,20121231,20201014,SZSE
980076.SZ,通用航空,SZSE,深圳证券信息有限公司,主题指数,20120629,20121228,SZSE
980092.SZ,自由现金流,SZSE,深圳证券信息有限公司,策略指数,20121231,20121228,SZSE
988006.SZ,CNTHKD,SZSE,深圳证券交易所,规模指数,20100531,20210426,SZSE
988007.SZ,CNTUSD,SZSE,深圳证券交易所,规模指数,20100531,20210426,SZSE
988106.SZ,CNTTRHKD,SZSE,深圳证券交易所,规模指数,20100531,20210426,SZSE
988107.SZ,CNTTRUSD,SZSE,深圳证券交易所,规模指数,20100531,20210426,SZSE
988201.SZ,湾创100R,SZSE,深圳证券交易所,规模指数,20170630,20190409,SZSE
000012CNY030.CSI,国债指数(全),CSI,中证指数有限公司、上海证券交易所,债券指数,20021231,20260626,CSI
000013.CSI,企债指数,CSI,中证指数有限公司、上海证券交易所,债券指数,20021231,20030609,CSI
000124.CSI,100等权,CSI,中证指数有限公司、上海证券交易所,策略指数,20031231,20111215,CSI
000140.CSI,5年国债,CSI,中证指数有限公司,债券指数,20071231,20120912,CSI
000171.CSI,新兴成指,CSI,中证指数有限公司、上海证券交易所,主题指数,20101231,20170125,CSI
000300CAD13.CSI,沪深300CAD(CNH)(LN),CSI,中证指数有限公司,规模指数,20120427,20050408,CSI
000300CAD14.CSI,沪深300(全)CAD(CNH)(LN),CSI,中证指数有限公司,规模指数,20120427,20050408,CSI
000300CAD15.CSI,沪深300(净)CAD(CNH)(LN),CSI,中证指数有限公司,规模指数,20120427,20050408,CSI
000300GBP00.CSI,沪深300GBP,CSI,中证指数有限公司,规模指数,20081231,20050408,CSI
000300GBP01.CSI,沪深300(全)GBP,CSI,中证指数有限公司,规模指数,20081231,20050408,CSI
000300GBP02.CSI,沪深300(净)GBP,CSI,中证指数有限公司,规模指数,20081231,20050408,CSI
000300HKD00.CSI,沪深300HKD,CSI,中证指数有限公司,规模指数,20041231,20050408,CSI
000300HKD01.CSI,沪深300(全)HKD,CSI,中证指数有限公司,规模指数,20041231,20050408,CSI
000300HKD02.CSI,沪深300(净)HKD,CSI,中证指数有限公司,规模指数,20041231,20050408,CSI
000300HKD07.CSI,沪深300HKD(CNH),CSI,中证指数有限公司,规模指数,20041231,20050408,CSI
000300HKD08.CSI,沪深300(全)HKD(CNH),CSI,中证指数有限公司,规模指数,20041231,20050408,CSI
000300USD13.CSI,沪深300USD(CNH)(LN),CSI,中证指数有限公司,规模指数,20120427,20050408,CSI
000300USD14.CSI,沪深300(全)USD(CNH)(LN),CSI,中证指数有限公司,规模指数,20120427,20050408,CSI
000300USD15.CSI,沪深300(净)USD(CNH)(LN),CSI,中证指数有限公司,规模指数,20120427,20050408,CSI
000300USD16.CSI,沪深300USD(CNH)(NY),CSI,中证指数有限公司,规模指数,20120427,20050408,CSI
000300USD17.CSI,沪深300(全)USD(CNH)(NY),CSI,中证指数有限公司,规模指数,20120427,20050408,CSI
000300USD18.CSI,沪深300(净)USD(CNH)(NY),CSI,中证指数有限公司,规模指数,20120427,20050408,CSI
000500.CSI,内地企业,CSI,中证指数有限公司,规模指数,20041231,20141017,CSI
000500CNY01.CSI,内地企业(全),CSI,中证指数有限公司,规模指数,20041231,20141017,CSI
000500HKD00.CSI,内地企业HKD,CSI,中证指数有限公司,规模指数,20041231,20141017,CSI
000500HKD01.CSI,内地企业(全)HKD,CSI,中证指数有限公司,规模指数,20041231,20141017,CSI
000500HKD07.CSI,内地企业HKD(CNH),CSI,中证指数有限公司,规模指数,20041231,20141017,CSI
000500HKD08.CSI,内地企业(全)HKD(CNH),CSI,中证指数有限公司,规模指数,20041231,20141017,CSI
000500USD00.CSI,内地企业USD,CSI,中证指数有限公司,规模指数,20041231,20141017,CSI
000500USD01.CSI,内地企业(全)USD,CSI,中证指数有限公司,规模指数,20041231,20141017,CSI
000500USD07.CSI,内地企业USD(CNH),CSI,中证指数有限公司,规模指数,20041231,20141017,CSI
000500USD08.CSI,内地企业(全)USD(CNH),CSI,中证指数有限公司,规模指数,20041231,20141017,CSI
000501.CSI,中国1000,CSI,中证指数有限公司,规模指数,20041231,20160510,CSI
000501CNY01.CSI,中国1000(全),CSI,中证指数有限公司,规模指数,20041231,20160510,CSI
000501HKD00.CSI,中国1000HKD,CSI,中证指数有限公司,规模指数,20041231,20160510,CSI
000501HKD01.CSI,中国1000(全)HKD,CSI,中证指数有限公司,规模指数,20041231,20160510,CSI
000501HKD07.CSI,中国1000HKD(CNH),CSI,中证指数有限公司,规模指数,20041231,20160510,CSI
000501HKD08.CSI,中国1000(全)HKD(CNH),CSI,中证指数有限公司,规模指数,20041231,20160510,CSI
000501USD00.CSI,中国1000USD,CSI,中证指数有限公司,规模指数,20041231,20160510,CSI
000501USD01.CSI,中国1000(全)USD,CSI,中证指数有限公司,规模指数,20041231,20160510,CSI
000501USD07.CSI,中国1000USD(CNH),CSI,中证指数有限公司,规模指数,20041231,20160510,CSI
000501USD08.CSI,中国1000(全)USD(CNH),CSI,中证指数有限公司,规模指数,20041231,20160510,CSI
000510CNY010.CSI,中证A500全收益,CSI,中证指数有限公司,规模指数,20041231,20240923,CSI
000510CNY020.CSI,中证A500净收益,CSI,中证指数有限公司,规模指数,20041231,20240923,CSI
000510HKD200.CSI,中证A500HKD,CSI,中证指数有限公司,规模指数,20041231,20250807,CSI
000510HKD210.CSI,中证A500(全)HKD,CSI,中证指数有限公司,规模指数,20041231,20250807,CSI
000510HKD220.CSI,中证A500(净)HKD,CSI,中证指数有限公司,规模指数,20041231,20250807,CSI
000510HKD300.CSI,中证A500HKD(CNH),CSI,中证指数有限公司,规模指数,20041231,20250807,CSI
000510HKD310.CSI,中证A500(全)HKD(CNH),CSI,中证指数有限公司,规模指数,20041231,20250807,CSI
000510HKD320.CSI,中证A500(净)HKD(CNH),CSI,中证指数有限公司,规模指数,20041231,20250807,CSI
000510USD200.CSI,中证A500USD,CSI,中证指数有限公司,规模指数,20041231,20250807,CSI
000510USD210.CSI,中证A500(全)USD,CSI,中证指数有限公司,规模指数,20041231,20250807,CSI
000510USD220.CSI,中证A500(净)USD,CSI,中证指数有限公司,规模指数,20041231,20250807,CSI
000510USD300.CSI,中证A500USD(CNH),CSI,中证指数有限公司,规模指数,20041231,20250807,CSI
000510USD310.CSI,中证A500(全)USD(CNH),CSI,中证指数有限公司,规模指数,20041231,20250807,CSI
000510USD320.CSI,中证A500(净)USD(CNH),CSI,中证指数有限公司,规模指数,20041231,20250807,CSI
000680CNY020.CSI,科创综指净收益,CSI,中证指数有限公司、上海证券交易所,综合指数,20191231,20250120,CSI
000682CNY01.CSI,科创信息全收益,CSI,中证指数有限公司,主题指数,20191231,20210816,CSI
000683CNY01.CSI,科创生物全收益,CSI,中证指数有限公司、上海证券交易所,主题指数,20191231,20220509,CSI
000683CNY02.CSI,科创生物净收益,CSI,中证指数有限公司、上海证券交易所,主题指数,20191231,20220509,CSI
000685CNY01.CSI,科创芯片全收益,CSI,中证指数有限公司,主题指数,20191231,20220613,CSI
000685CNY02.CSI,科创芯片净收益,CSI,中证指数有限公司,主题指数,20191231,20220613,CSI
000687CNY01.CSI,科创高装全收益,CSI,中证指数有限公司,主题指数,20191231,20220815,CSI
000687CNY02.CSI,科创高装净收益,CSI,中证指数有限公司,主题指数,20191231,20220815,CSI
000688CNY01.CSI,科创50(全),CSI,中证指数有限公司,规模指数,20191231,20200723,CSI
000688EUR00.CSI,科创50EUR,CSI,中证指数有限公司,规模指数,20191231,20200723,CSI
000688EUR01.CSI,科创50(全)EUR,CSI,中证指数有限公司,规模指数,20191231,20200723,CSI
000688EUR02.CSI,科创50(净)EUR,CSI,中证指数有限公司,规模指数,20191231,20200723,CSI
000688GBP00.CSI,科创50GBP,CSI,中证指数有限公司,规模指数,20191231,20200723,CSI
000688GBP01.CSI,科创50(全)GBP,CSI,中证指数有限公司,规模指数,20191231,20200723,CSI
000688GBP02.CSI,科创50(净)GBP,CSI,中证指数有限公司,规模指数,20191231,20200723,CSI
000688HKD00.CSI,科创50HKD,CSI,中证指数有限公司,规模指数,20191231,20200723,CSI
000688HKD01.CSI,科创50(全)HKD,CSI,中证指数有限公司,规模指数,20191231,20200723,CSI
000688USD00.CSI,科创50USD,CSI,中证指数有限公司,规模指数,20191231,20200723,CSI
000688USD01.CSI,科创50(全)USD,CSI,中证指数有限公司,规模指数,20191231,20200723,CSI
000688USD07.CSI,科创50USD(CNH),CSI,中证指数有限公司,规模指数,20191231,20200723,CSI
000688USD08.CSI,科创50(全)USD(CNH),CSI,中证指数有限公司,规模指数,20191231,20200723,CSI
000689CNY01.CSI,科创材料全收益,CSI,中证指数有限公司,主题指数,20191231,20220815,CSI
000689CNY02.CSI,科创材料净收益,CSI,中证指数有限公司,主题指数,20191231,20220815,CSI
000690CNY01.CSI,科创成长全收益,CSI,中证指数有限公司,策略指数,20191231,20221104,CSI
000690CNY02.CSI,科创成长净收益,CSI,中证指数有限公司,策略指数,20191231,20221104,CSI
000691CNY010.CSI,科创ESG全收益,CSI,中证指数有限公司,主题指数,20191231,20240321,CSI
000692CNY01.CSI,科创新能全收益,CSI,中证指数有限公司,主题指数,20191231,20230403,CSI
000692CNY02.CSI,科创新能净收益,CSI,中证指数有限公司,主题指数,20191231,20230403,CSI
000693CNY01.CSI,科创机械全收益,CSI,中证指数有限公司,主题指数,20191231,20230403,CSI
000693CNY02.CSI,科创机械净收益,CSI,中证指数有限公司,主题指数,20191231,20230403,CSI
000695CNY01.CSI,科长三角全收益,CSI,中证指数有限公司,主题指数,20191231,20230403,CSI
000695CNY02.CSI,科长三角净收益,CSI,中证指数有限公司,主题指数,20191231,20230403,CSI
000697CNY01.CSI,科大湾区全收益,CSI,中证指数有限公司,主题指数,20191231,20230403,CSI
000697CNY02.CSI,科大湾区净收益,CSI,中证指数有限公司,主题指数,20191231,20230403,CSI
000698CNY010.CSI,科创100(全),CSI,中证指数有限公司,规模指数,20191231,20230807,CSI
000698CNY020.CSI,科创100(净),CSI,中证指数有限公司,规模指数,20191231,20230807,CSI
000698EUR200.CSI,科创100EUR,CSI,中证指数有限公司,规模指数,20191231,20230807,CSI
000698EUR210.CSI,科创100(全)EUR,CSI,中证指数有限公司,规模指数,20191231,20230807,CSI
000698GBP200.CSI,科创100GBP,CSI,中证指数有限公司,规模指数,20191231,20230807,CSI
000698GBP210.CSI,科创100(全)GBP,CSI,中证指数有限公司,规模指数,20191231,20230807,CSI
000698HKD200.CSI,科创100HKD,CSI,中证指数有限公司,规模指数,20191231,20230807,CSI
000698HKD210.CSI,科创100(全)HKD,CSI,中证指数有限公司,规模指数,20191231,20230807,CSI
000698USD200.CSI,科创100USD,CSI,中证指数有限公司,规模指数,20191231,20230807,CSI
000698USD210.CSI,科创100(全)USD,CSI,中证指数有限公司,规模指数,20191231,20230807,CSI
000698USD300.CSI,科创100USD(CNH),CSI,中证指数有限公司,规模指数,20191231,20230807,CSI
000698USD310.CSI,科创100(全)USD(CNH),CSI,中证指数有限公司,规模指数,20191231,20230807,CSI
000699CNY010.CSI,科创200全收益,CSI,中证指数有限公司、上海证券交易所,规模指数,20221230,20240820,CSI
000699CNY020.CSI,科创200净收益,CSI,中证指数有限公司、上海证券交易所,规模指数,20221230,20240820,CSI
000801.CSI,资源80,CSI,中证指数有限公司,主题指数,20041231,20111108,CSI
000803.CSI,300波动,CSI,中证指数有限公司,策略指数,20041231,20120109,CSI
000804.CSI,500波动,CSI,中证指数有限公司,策略指数,20041231,20120109,CSI
000805.CSI,A股资源,CSI,中证指数有限公司,主题指数,20041231,20120106,CSI
000806.CSI,消费服务,CSI,中证指数有限公司、上海证券交易所,主题指数,20041231,20120210,CSI
000807.CSI,食品饮料,CSI,中证指数有限公司,行业指数,20041231,20120217,CSI
000808.CSI,医药生物,CSI,中证指数有限公司,行业指数,20041231,20120217,CSI
000811.CSI,细分有色,CSI,中证指数有限公司,主题指数,20041231,20120411,CSI
000812.CSI,细分机械,CSI,中证指数有限公司,主题指数,20041231,20120411,CSI
000813.CSI,细分化工,CSI,中证指数有限公司,主题指数,20041231,20120411,CSI
000815.CSI,细分食品,CSI,中证指数有限公司,主题指数,20041231,20120411,CSI
000816.CSI,细分地产,CSI,中证指数有限公司,主题指数,20041231,20120411,CSI
000817.CSI,兴证海西,CSI,中证指数有限公司,主题指数,20110817,20110927,CSI
000818.CSI,细分金融,CSI,中证指数有限公司,主题指数,20041231,20120411,CSI
000820.CSI,煤炭指数,CSI,中证指数有限公司,行业指数,20041231,20120509,CSI
000821.CSI,300红利,CSI,中证指数有限公司,策略指数,20041231,20120720,CSI
000822.CSI,500红利,CSI,中证指数有限公司,策略指数,20041231,20120720,CSI
000824.CSI,国企红利,CSI,中证指数有限公司,策略指数,20090630,20120720,CSI
000825.CSI,央企红利,CSI,中证指数有限公司,策略指数,20081231,20120720,CSI
000826.CSI,民企红利,CSI,中证指数有限公司,策略指数,20090630,20120720,CSI
000828.CSI,300高贝,CSI,中证指数有限公司,策略指数,20041231,20120806,CSI
000829.CSI,300低贝,CSI,中证指数有限公司,策略指数,20041231,20120806,CSI
000830.CSI,500高贝,CSI,中证指数有限公司,策略指数,20041231,20120806,CSI
000831.CSI,500低贝,CSI,中证指数有限公司,策略指数,20041231,20120806,CSI
000832.CSI,中证转债,CSI,中证指数有限公司、上海证券交易所,债券指数,20021231,20120912,CSI
000832CNY030.CSI,中证转债(全),CSI,中证指数有限公司、上海证券交易所,债券指数,20021231,20260105,CSI
000833.CSI,中高企债,CSI,中证指数有限公司,债券指数,20081231,20120910,CSI
000834.CSI,价值7030,CSI,中证指数有限公司,多资产指数,20041231,20120830,CSI
000835.CSI,价值3070,CSI,中证指数有限公司,多资产指数,20041231,20120830,CSI
000836.CSI,成长7030,CSI,中证指数有限公司,多资产指数,20041231,20120830,CSI
000837.CSI,成长3070,CSI,中证指数有限公司,多资产指数,20041231,20120830,CSI
000838.CSI,创业价值,CSI,中证指数有限公司,主题指数,20091231,20120926,CSI
000839.CSI,浙企综指,CSI,中证指数有限公司,主题指数,20041231,20121109,CSI
000840.CSI,浙江民企,CSI,中证指数有限公司,主题指数,20041231,20121109,CSI
000841.CSI,800医药,CSI,中证指数有限公司,行业指数,20041231,20121221,CSI
000842.CSI,800等权,CSI,中证指数有限公司,策略指数,20041231,20121221,CSI
000843.CSI,300动态,CSI,中证指数有限公司,策略指数,20041231,20130107,CSI
000844.CSI,300稳定,CSI,中证指数有限公司,策略指数,20041231,20130107,CSI
000845.CSI,中期信用,CSI,中证指数有限公司,债券指数,20071231,20120918,CSI
000846.CSI,ESG100,CSI,中证指数有限公司,主题指数,20110630,20121016,CSI
000859.CSI,国企一带一路,CSI,中证指数有限公司,主题指数,20131231,20190516,CSI
000861.CSI,央企创新,CSI,中证指数有限公司,主题指数,20121231,20190516,CSI
000894.CSI,中证A100USD,CSI,中证指数有限公司,规模指数,20051230,20240809,CSI
000902.CSI,中证流通,CSI,中证指数有限公司,综合指数,20051230,20060227,CSI
000903USD210.CSI,中证A100(全)USD,CSI,中证指数有限公司,规模指数,20051230,20240809,CSI
000903USD220.CSI,中证A100(净)USD,CSI,中证指数有限公司,规模指数,20051230,20240809,CSI
000904.CSI,中证200,CSI,中证指数有限公司,规模指数,20041231,20070115,CSI
000905SEK200.CSI,中证500SEK,CSI,中证指数有限公司,规模指数,20241122,20241212,CSI
000907.CSI,中证700,CSI,中证指数有限公司,规模指数,20041231,20070115,CSI
000908.CSI,300能源,CSI,中证指数有限公司,行业指数,20041231,20070702,CSI
000909.CSI,300材料,CSI,中证指数有限公司,行业指数,20041231,20070702,CSI
000910.CSI,300工业,CSI,中证指数有限公司,行业指数,20041231,20070702,CSI
000911.CSI,300可选,CSI,中证指数有限公司,行业指数,20041231,20070702,CSI
000912.CSI,300消费,CSI,中证指数有限公司,行业指数,20041231,20070702,CSI
000915.CSI,300信息,CSI,中证指数有限公司,行业指数,20041231,20070702,CSI
000916.CSI,300通信,CSI,中证指数有限公司,行业指数,20041231,20070702,CSI
000917.CSI,300公用,CSI,中证指数有限公司,行业指数,20041231,20070702,CSI
000918.CSI,300成长,CSI,中证指数有限公司,风格指数,20041231,20080121,CSI
000919.CSI,300价值,CSI,中证指数有限公司,风格指数,20041231,20080121,CSI
000920.CSI,300R成长,CSI,中证指数有限公司,风格指数,20041231,20080121,CSI
000921.CSI,300R价值,CSI,中证指数有限公司,风格指数,20041231,20080121,CSI
000922.CSI,中证红利,CSI,中证指数有限公司,策略指数,20041231,20080526,CSI
000922CNY020.CSI,中证红利净收益,CSI,中证指数有限公司,策略指数,20041231,20231207,CSI
000923.CSI,公司债指,CSI,中证指数有限公司,债券指数,20071231,20081119,CSI
000925.CSI,基本面50,CSI,中证指数有限公司,策略指数,20041231,20090226,CSI
000926.CSI,中证央企,CSI,中证指数有限公司,主题指数,20081231,20090330,CSI
000927.CSI,央企100,CSI,中证指数有限公司,主题指数,20081231,20090330,CSI
000929.CSI,800材料,CSI,中证指数有限公司,行业指数,20041231,20090703,CSI
000930.CSI,800工业,CSI,中证指数有限公司,行业指数,20041231,20090703,CSI
000931.CSI,800可选,CSI,中证指数有限公司,行业指数,20041231,20090703,CSI
000936.CSI,800通信,CSI,中证指数有限公司,行业指数,20041231,20090703,CSI
000937.CSI,800公用,CSI,中证指数有限公司,行业指数,20041231,20090703,CSI
000938.CSI,中证民企,CSI,中证指数有限公司,主题指数,20090630,20090825,CSI
000939.CSI,民企成长,CSI,中证指数有限公司,主题指数,20131213,20090825,CSI
000940.CSI,财富大盘,CSI,中证指数有限公司,策略指数,20041231,20090925,CSI
000941.CSI,新能源,CSI,中证指数有限公司,主题指数,20081231,20091028,CSI
000942.CSI,内地消费,CSI,中证指数有限公司,主题指数,20041231,20091028,CSI
000943.CSI,新基建50,CSI,中证指数有限公司,主题指数,20141231,20091028,CSI
000944.CSI,内地资源,CSI,中证指数有限公司,主题指数,20041231,20091028,CSI
000945.CSI,内地运输,CSI,中证指数有限公司,主题指数,20041231,20091028,CSI
000947.CSI,内地银行,CSI,中证指数有限公司,主题指数,20041231,20091028,CSI
000948.CSI,内地地产,CSI,中证指数有限公司,主题指数,20041231,20091028,CSI
000949.CSI,中证农业,CSI,中证指数有限公司,主题指数,20041231,20091028,CSI
000950.CSI,300基建,CSI,中证指数有限公司,主题指数,20041231,20091028,CSI
000951.CSI,300银行,CSI,中证指数有限公司,行业指数,20041231,20091028,CSI
000952.CSI,300地产,CSI,中证指数有限公司,行业指数,20041231,20091028,CSI
000953.CSI,中证地企,CSI,中证指数有限公司、上海证券交易所,主题指数,20090630,20100209,CSI
000954.CSI,地企100,CSI,中证指数有限公司、上海证券交易所,主题指数,20090630,20100209,CSI
000955.CSI,中证国企,CSI,中证指数有限公司、上海证券交易所,主题指数,20090630,20100209,CSI
000956.CSI,国企200,CSI,中证指数有限公司、上海证券交易所,主题指数,20090630,20100209,CSI
000957.CSI,300运输,CSI,中证指数有限公司,行业指数,20041231,20100317,CSI
000958.CSI,创业成长,CSI,中证指数有限公司,主题指数,20091231,20100324,CSI
000959.CSI,银河99,CSI,中证指数有限公司、上海证券交易所,主题指数,20041231,20100209,CSI
000961.CSI,中证上游,CSI,中证指数有限公司,主题指数,20041231,20100416,CSI
000962.CSI,中证中游,CSI,中证指数有限公司,主题指数,20041231,20100416,CSI
000963.CSI,中证下游,CSI,中证指数有限公司,主题指数,20041231,20100416,CSI
000964.CSI,中证新兴,CSI,中证指数有限公司、上海证券交易所,主题指数,20041231,20100430,CSI
000965.CSI,基本200,CSI,中证指数有限公司,策略指数,20041231,20100602,CSI
000966.CSI,基本400,CSI,中证指数有限公司,策略指数,20041231,20100602,CSI
000967.CSI,基本600,CSI,中证指数有限公司,策略指数,20041231,20100602,CSI
000968.CSI,300周期,CSI,中证指数有限公司、上海证券交易所,主题指数,20041231,20100528,CSI
000969.CSI,300非周,CSI,中证指数有限公司、上海证券交易所,主题指数,20041231,20100528,CSI
000970.CSI,ESG40,CSI,中证指数有限公司,主题指数,20100630,20100917,CSI
000971.CSI,等权90,CSI,中证指数有限公司、上海证券交易所,策略指数,20031231,20101202,CSI
000972.CSI,300沪市,CSI,中证指数有限公司、上海证券交易所,主题指数,20041231,20101202,CSI
000975.CSI,钱江30,CSI,中证指数有限公司,主题指数,20091231,20140102,CSI
000976.CSI,新华金牛,CSI,中证指数有限公司、新华指数(北京)有限公司、中证金牛(北京)基金销售有限公司,主题指数,20041231,20140218,CSI
000977.CSI,内地低碳,CSI,中证指数有限公司,主题指数,20100630,20110121,CSI
000978.CSI,医药100,CSI,中证指数有限公司,主题指数,20041231,20110318,CSI
000979.CSI,大宗商品,CSI,中证指数有限公司、上海证券交易所,主题指数,20041231,20110822,CSI
000980.CSI,中证超大,CSI,中证指数有限公司、上海证券交易所,规模指数,20041231,20110510,CSI
000981.CSI,300分层,CSI,中证指数有限公司、上海证券交易所,策略指数,20041231,20110613,CSI
000983.CSI,智能资产,CSI,中证指数有限公司、深圳新产业技术产交所,主题指数,20060630,20110617,CSI
000984.CSI,300等权,CSI,中证指数有限公司,策略指数,20041231,20110802,CSI
000985.CSI,中证全指,CSI,中证指数有限公司,规模指数,20041231,20110802,CSI
000985USD210.CSI,中证全指(全)USD,CSI,中证指数有限公司,规模指数,20041231,20240812,CSI
000985USD220.CSI,中证全指(净)USD,CSI,中证指数有限公司,规模指数,20041231,20240812,CSI
000985USD310.CSI,中证全指(全)USD(CNH),CSI,中证指数有限公司,规模指数,20041231,20240812,CSI
000985USD320.CSI,中证全指(净)USD(CNH),CSI,中证指数有限公司,规模指数,20041231,20240812,CSI
000988.CSI,全指工业,CSI,中证指数有限公司,行业指数,20041231,20110802,CSI
000990.CSI,全指消费,CSI,中证指数有限公司,行业指数,20041231,20110802,CSI
000994.CSI,全指通信,CSI,中证指数有限公司,行业指数,20041231,20110802,CSI
000995.CSI,全指公用,CSI,中证指数有限公司,行业指数,20041231,20110802,CSI
000998.CSI,中证TMT,CSI,中证指数有限公司,主题指数,20110630,20111108,CSI
399997CNY02.CSI,中证白酒净收益,CSI,中证指数有限公司,主题指数,20081231,20150121,CSI
899001.CSI,三板成指,CSI,中证指数有限公司,规模指数,20141231,20150318,CSI
899002.CSI,三板做市,CSI,中证指数有限公司,规模指数,20141231,20150318,CSI
899003.CSI,创新成指,CSI,中证指数有限公司,规模指数,20181220,20190114,CSI
899050CNY01.CSI,北证50全收益,CSI,中证指数有限公司、北京证券交易所有限责任公司,规模指数,20220429,20221121,CSI
899050CNY02.CSI,北证50净收益,CSI,中证指数有限公司、北京证券交易所有限责任公司,规模指数,20220429,20221121,CSI
899301.CSI,三板龙头,CSI,中证指数有限公司,主题指数,20181220,20190114,CSI
899302.CSI,三板制造,CSI,中证指数有限公司,主题指数,20181220,20190114,CSI
899303.CSI,三板服务,CSI,中证指数有限公司,主题指数,20181220,20190114,CSI
899304.CSI,三板医药,CSI,中证指数有限公司,主题指数,20181220,20190114,CSI
899305.CSI,三板消费,CSI,中证指数有限公司,主题指数,20181220,20190422,CSI
899306.CSI,三板研发,CSI,中证指数有限公司,主题指数,20181220,20190422,CSI
899307.CSI,三板活跃,CSI,中证指数有限公司,主题指数,20181220,20190422,CSI
899601CNY010.CSI,北证专精特新全收益,CSI,中证指数有限公司、北京证券交易所有限责任公司,主题指数,20240628,20250630,CSI
899601CNY020.CSI,北证专精特新净收益,CSI,中证指数有限公司、北京证券交易所有限责任公司,主题指数,20240628,20250630,CSI
921188.CSI,300欧元对冲全收益,CSI,中证指数有限公司,策略指数,20101231,20191115,CSI
921260.CSI,互联互通A股投资全收益,CSI,中证指数有限公司,主题指数,20170331,20191118,CSI
921261.CSI,全球电子竞技(全),CSI,中证指数有限公司,主题指数,20121231,20191125,CSI
921262.CSI,全球电子竞技(全)HKD,CSI,中证指数有限公司,主题指数,20121231,20191125,CSI
921263.CSI,全球电子竞技(全)USD,CSI,中证指数有限公司,主题指数,20121231,20191125,CSI
921265.CSI,民企300全收益,CSI,中证指数有限公司,主题指数,20090630,20191115,CSI
921266.CSI,民企贡献全收益,CSI,中证指数有限公司,主题指数,20131231,20191115,CSI
921267.CSI,民企领先全收益,CSI,中证指数有限公司,主题指数,20121231,20191115,CSI
921268.CSI,持续发展全收益,CSI,中证指数有限公司,主题指数,20140630,20191115,CSI
921273.CSI,海南指数(全),CSI,中证指数有限公司,主题指数,20121231,20191018,CSI
921341.CSI,大湾区高质发展(全),CSI,中证指数有限公司,主题指数,20141231,20191018,CSI
921342.CSI,大湾区高质发展(全)HKD,CSI,中证指数有限公司,主题指数,20141231,20191018,CSI
921343.CSI,大湾区价值蓝筹(全),CSI,中证指数有限公司,主题指数,20141231,20191018,CSI
921344.CSI,大湾区价值蓝筹(全)HKD,CSI,中证指数有限公司,主题指数,20141231,20191018,CSI
921345.CSI,大湾区红利低波(全),CSI,中证指数有限公司,策略指数,20141231,20191018,CSI
921346.CSI,大湾区红利低波(全)HKD,CSI,中证指数有限公司,策略指数,20141231,20191018,CSI
921347.CSI,大湾区科技领先(全),CSI,中证指数有限公司,主题指数,20141231,20191018,CSI
921348.CSI,大湾区科技领先(全)HKD,CSI,中证指数有限公司,主题指数,20141231,20191018,CSI
921349.CSI,大湾区先进制造(全),CSI,中证指数有限公司,主题指数,20141231,20191018,CSI
921350.CSI,大湾区先进制造(全)HKD,CSI,中证指数有限公司,主题指数,20141231,20191018,CSI
921351.CSI,大湾区消费升级(全),CSI,中证指数有限公司,主题指数,20141231,20191018,CSI
921352.CSI,大湾区消费升级(全)HKD,CSI,中证指数有限公司,主题指数,20141231,20191018,CSI
921353.CSI,CS科技全收益,CSI,中证指数有限公司,主题指数,20081231,20191115,CSI
921354.CSI,CS消费全收益,CSI,中证指数有限公司,主题指数,20081231,20191115,CSI
921355.CSI,CS周期全收益,CSI,中证指数有限公司,主题指数,20081231,20191115,CSI
921356.CSI,民企创新全收益,CSI,中证指数有限公司,主题指数,20091231,20191115,CSI
921357.CSI,优选消费50(全),CSI,中证指数有限公司,主题指数,20091231,20191115,CSI
921358.CSI,优选消费50(全)HKD,CSI,中证指数有限公司,主题指数,20091231,20191115,CSI
921371.CSI,品牌消费100全收益,CSI,中证指数有限公司,策略指数,20081231,20191125,CSI
921372.CSI,浙江国资全收益,CSI,中证指数有限公司,主题指数,20121231,20191209,CSI
921373.CSI,股息龙头全收益,CSI,中证指数有限公司,策略指数,20131231,20191115,CSI
921374.CSI,交银理财长三角全收益,CSI,中证指数有限公司、上海证券交易所,主题指数,20121231,20191022,CSI
921375.CSI,300质量低波全收益,CSI,中证指数有限公司,策略指数,20041231,20191125,CSI
921376.CSI,泰康红利LV全收益,CSI,中证指数有限公司,策略指数,20071231,20191128,CSI
921377.CSI,经济成长全收益,CSI,中证指数有限公司、上海证券交易所,策略指数,20041231,20191226,CSI
921378.CSI,AH经济成长(全),CSI,中证指数有限公司、上海证券交易所,策略指数,20041231,20191226,CSI
921379.CSI,AH经济成长(全)HKD,CSI,中证指数有限公司、上海证券交易所,策略指数,20041231,20191226,CSI
921380.CSI,科技50全收益,CSI,中证指数有限公司,主题指数,20140630,20191125,CSI
921381.CSI,中证长三角全收益,CSI,中证指数有限公司,主题指数,20121231,20191125,CSI
921382.CSI,智选300ESG领先全收益,CSI,中证指数有限公司,主题指数,20151231,20191125,CSI
921383.CSI,CS医药50全收益,CSI,中证指数有限公司、上海证券交易所,主题指数,20141231,20191226,CSI
921384.CSI,300美元对冲2全收益,CSI,中证指数有限公司,策略指数,20101231,20191115,CSI
921385.CSI,500美元对冲2全收益,CSI,中证指数有限公司,策略指数,20101231,20191115,CSI
921386.CSI,1000美元对冲2全收益,CSI,中证指数有限公司,策略指数,20101231,20191115,CSI
921387.CSI,300瑞郎对冲全收益,CSI,中证指数有限公司,策略指数,20101231,20191115,CSI
921388.CSI,智选AAA短期公司债(净),CSI,中证指数有限公司,债券指数,20151231,20191125,CSI
921389.CSI,300波控3全收益,CSI,中证指数有限公司,多资产指数,20041231,20191115,CSI
921390.CSI,500波控3全收益,CSI,中证指数有限公司,多资产指数,20041231,20191115,CSI
921391.CSI,红利波控3全收益,CSI,中证指数有限公司,多资产指数,20051230,20191115,CSI
921392.CSI,转债50(净),CSI,中证指数有限公司、上海证券交易所,债券指数,20111230,20200114,CSI
921393.CSI,湖北指数全收益,CSI,中证指数有限公司,主题指数,20121231,20200204,CSI
921394.CSI,信息科技50全收益,CSI,中证指数有限公司,策略指数,20141231,20200123,CSI
921395.CSI,沪港深300(全),CSI,中证指数有限公司、上海证券交易所,规模指数,20141114,20200114,CSI
921396.CSI,沪港深300(全)HKD,CSI,中证指数有限公司、上海证券交易所,规模指数,20141114,20200114,CSI
921397.CSI,A股通50全收益,CSI,中证指数有限公司,主题指数,20170331,20200220,CSI
921398.CSI,A股通100全收益,CSI,中证指数有限公司,主题指数,20170331,20200220,CSI
921402.CSI,证券先锋全收益,CSI,中证指数有限公司、上海证券交易所,策略指数,20131231,20200114,CSI
921403.CSI,品牌工程全收益,CSI,中证指数有限公司、上海证券交易所,主题指数,20170825,20200114,CSI
921404.CSI,SHS品牌消费50(全),CSI,中证指数有限公司,主题指数,20091231,20200220,CSI
921405.CSI,SHS品牌消费50(全)HKD,CSI,中证指数有限公司,主题指数,20091231,20200220,CSI
921406.CSI,5G50全收益,CSI,中证指数有限公司,主题指数,20151231,20200220,CSI
921407.CSI,全球金矿(全),CSI,中证指数有限公司,主题指数,20141114,20200220,CSI
921408.CSI,全球金矿(全)USD,CSI,中证指数有限公司,主题指数,20141114,20200220,CSI
921409.CSI,SHS创新药(全),CSI,中证指数有限公司,主题指数,20141231,20200220,CSI
921410.CSI,SHS创新药(全)HKD,CSI,中证指数有限公司,主题指数,20141231,20200220,CSI
921411.CSI,中证华泰证券转债价值(净),CSI,中证指数有限公司,债券指数,20161231,20200220,CSI
921412.CSI,证券公司30全收益,CSI,中证指数有限公司,主题指数,20131231,20200220,CSI
921414.CSI,长三角地债(净),CSI,中证指数有限公司,债券指数,20131231,20200313,CSI
921415.CSI,江苏债(净),CSI,中证指数有限公司,债券指数,20141231,20200313,CSI
921416.CSI,山东债(净),CSI,中证指数有限公司,债券指数,20141231,20200313,CSI
921417.CSI,四川债(净),CSI,中证指数有限公司,债券指数,20151231,20200313,CSI
921418.CSI,湖南债(净),CSI,中证指数有限公司,债券指数,20151231,20200313,CSI
921419.CSI,贵州债(净),CSI,中证指数有限公司,债券指数,20151231,20200313,CSI
921420.CSI,河南债(净),CSI,中证指数有限公司,债券指数,20151231,20200313,CSI
921421.CSI,浙江债(净),CSI,中证指数有限公司,债券指数,20131231,20200313,CSI
921422.CSI,广东债(净),CSI,中证指数有限公司,债券指数,20131231,20200313,CSI
921423.CSI,河北债(净),CSI,中证指数有限公司,债券指数,20151231,20200313,CSI
921424.CSI,云南债(净),CSI,中证指数有限公司,债券指数,20151231,20200313,CSI
921425.CSI,安徽债(净),CSI,中证指数有限公司,债券指数,20151231,20200313,CSI
921426.CSI,福建债(净),CSI,中证指数有限公司,债券指数,20151231,20200313,CSI
921427.CSI,湖北债(净),CSI,中证指数有限公司,债券指数,20151231,20200313,CSI
921428.CSI,辽宁债(净),CSI,中证指数有限公司,债券指数,20151231,20200313,CSI
921429.CSI,内蒙古债(净),CSI,中证指数有限公司,债券指数,20151231,20200313,CSI
921430.CSI,1-5年安徽债(净),CSI,中证指数有限公司,债券指数,20151231,20200313,CSI
921431.CSI,1-5年福建债(净),CSI,中证指数有限公司,债券指数,20151231,20200313,CSI
921432.CSI,1-5年湖北债(净),CSI,中证指数有限公司,债券指数,20151231,20200313,CSI
921433.CSI,1-5年辽宁债(净),CSI,中证指数有限公司,债券指数,20151231,20200313,CSI
921434.CSI,1-5年内蒙古债(净),CSI,中证指数有限公司,债券指数,20151231,20200313,CSI
921435.CSI,1-3年安徽债(净),CSI,中证指数有限公司,债券指数,20151231,20200313,CSI
921436.CSI,1-3年福建债(净),CSI,中证指数有限公司,债券指数,20151231,20200313,CSI
921437.CSI,1-3年湖北债(净),CSI,中证指数有限公司,债券指数,20151231,20200313,CSI
921438.CSI,1-3年辽宁债(净),CSI,中证指数有限公司,债券指数,20151231,20200313,CSI
921439.CSI,1-3年内蒙古债(净),CSI,中证指数有限公司,债券指数,20151231,20200313,CSI
921440.CSI,创新药30全收益,CSI,中证指数有限公司、上海证券交易所,主题指数,20141231,20200421,CSI
921441.CSI,AI50全收益,CSI,中证指数有限公司,主题指数,20121231,20200506,CSI
921442.CSI,SHS科技100(全),CSI,中证指数有限公司、上海证券交易所,主题指数,20141114,20200421,CSI
921443.CSI,SHS科技100(全)HKD,CSI,中证指数有限公司、上海证券交易所,主题指数,20141114,20200421,CSI
921444.CSI,SHS高股息100(全),CSI,中证指数有限公司、上海证券交易所,主题指数,20141114,20200421,CSI
921445.CSI,SHS高股息100(全)HKD,CSI,中证指数有限公司、上海证券交易所,主题指数,20141114,20200421,CSI
921446.CSI,东证红利低波全收益,CSI,中证指数有限公司、上海证券交易所,策略指数,20091231,20200421,CSI
921447.CSI,科技先锋全收益,CSI,中证指数有限公司、上海证券交易所,主题指数,20140630,20200421,CSI
921452.CSI,大湾区质量成长均衡(全),CSI,中证指数有限公司,主题指数,20161230,20200313,CSI
921453.CSI,大湾区质量成长均衡(全)HKD,CSI,中证指数有限公司,主题指数,20161230,20200313,CSI
921454.CSI,港股通消费(全),CSI,中证指数有限公司,主题指数,20141114,20200306,CSI
921455.CSI,港股通消费(全)CNY,CSI,中证指数有限公司,主题指数,20141114,20200306,CSI
921456.CSI,中国教育(全),CSI,中证指数有限公司、上海证券交易所,主题指数,20141231,20200421,CSI
921457.CSI,中国教育(全)HKD,CSI,中证指数有限公司、上海证券交易所,主题指数,20141231,20200421,CSI
921458.CSI,中国教育(全)USD,CSI,中证指数有限公司、上海证券交易所,主题指数,20141231,20200421,CSI
921459.CSI,中证800(全)USD,CSI,中证指数有限公司,规模指数,20041231,20200311,CSI
921460.CSI,中证1000(全)USD,CSI,中证指数有限公司,规模指数,20041231,20200311,CSI
921461.CSI,电子50全收益,CSI,中证指数有限公司,主题指数,20081231,20090722,CSI
921462.CSI,SHS中国教育(全)HKD,CSI,中证指数有限公司,主题指数,20141231,20150731,CSI
921463.CSI,300ESG全收益,CSI,中证指数有限公司,主题指数,20170630,20200430,CSI
921465.CSI,300ESG领先全收益,CSI,中证指数有限公司,主题指数,20170630,20200430,CSI
921466.CSI,300ESG价值全收益,CSI,中证指数有限公司,策略指数,20170630,20200430,CSI
921467.CSI,医药龙头全收益,CSI,中证指数有限公司、上海证券交易所,主题指数,20121231,20200521,CSI
921468.CSI,红利质量全收益,CSI,中证指数有限公司、上海证券交易所,策略指数,20041231,20200521,CSI
921469.CSI,云计算50全收益,CSI,中证指数有限公司,主题指数,20141231,20200612,CSI
921470.CSI,SHS云计算(全),CSI,中证指数有限公司、上海证券交易所,主题指数,20141231,20200421,CSI
921471.CSI,SHS云计算(全)HKD,CSI,中证指数有限公司、上海证券交易所,主题指数,20141231,20200421,CSI
921472.CSI,7-10年国开债L(净),CSI,中证指数有限公司、国家开发银行,债券指数,20131231,20200717,CSI
921474.CSI,SHS地产龙头(全),CSI,中证指数有限公司,主题指数,20141114,20150313,CSI
921475.CSI,SHS地产龙头(全)HKD,CSI,中证指数有限公司,主题指数,20141114,20150313,CSI
921476.CSI,ESG120策略全收益,CSI,中证指数有限公司,策略指数,20170630,20200430,CSI
921477.CSI,华夏银行ESG全收益,CSI,中证指数有限公司,策略指数,20170630,20200430,CSI
921478.CSI,苏州绿色发展全收益,CSI,中证指数有限公司,主题指数,20170630,20200925,CSI
921479.CSI,证券保险全收益,CSI,中证指数有限公司,行业指数,20151231,20200506,CSI
921480.CSI,线上消费全收益,CSI,中证指数有限公司,主题指数,20141231,20200506,CSI
921481.CSI,SHS线上消费(全),CSI,中证指数有限公司,主题指数,20141231,20200506,CSI
921482.CSI,SHS线上消费(全)HKD,CSI,中证指数有限公司,主题指数,20141231,20200506,CSI
921483.CSI,电子科技50全收益,CSI,中证指数有限公司,主题指数,20141231,20200612,CSI
921484.CSI,CS医药创新全收益,CSI,中证指数有限公司,主题指数,20141231,20200506,CSI
921485.CSI,MG沪港深120(全),CSI,中证指数有限公司,策略指数,20141114,20200506,CSI
921486.CSI,MG沪港深120(全)HKD,CSI,中证指数有限公司,策略指数,20141114,20200506,CSI
921487.CSI,SHS人工智能50(全),CSI,中证指数有限公司,主题指数,20141231,20200506,CSI
921488.CSI,SHS人工智能50(全)HKD,CSI,中证指数有限公司,主题指数,20141231,20200506,CSI
921489.CSI,A股通策略全收益,CSI,中证指数有限公司、上海证券交易所,策略指数,20170331,20200521,CSI
921490.CSI,中证中财-苏农长三角ESG债券(净),CSI,中证指数有限公司,债券指数,20180630,20200925,CSI
921491.CSI,5G100全收益,CSI,中证指数有限公司,主题指数,20151231,20200612,CSI
921492.CSI,SHS5G100(全),CSI,中证指数有限公司,主题指数,20151231,20200612,CSI
921492HKD.CSI,SHS5G100(全)HKD,CSI,中证指数有限公司,主题指数,20151231,20200612,CSI
921494.CSI,消费电子全收益,CSI,中证指数有限公司,主题指数,20121231,20200612,CSI
921495.CSI,工业互联全收益,CSI,中证指数有限公司,主题指数,20141231,20200708,CSI
921496.CSI,交银理财大湾区(全),CSI,中证指数有限公司,策略指数,20141231,20200610,CSI
921496HKD.CSI,交银理财大湾区(全)HKD,CSI,中证指数有限公司,策略指数,20141231,20200610,CSI
921497.CSI,沪港深新基建(全),CSI,中证指数有限公司、上海证券交易所,主题指数,20141231,20200707,CSI
921497HKD.CSI,沪港深新基建(全)HKD,CSI,中证指数有限公司、上海证券交易所,主题指数,20141231,20200707,CSI
921499.CSI,长三角信用债(净),CSI,中证指数有限公司,债券指数,20141231,20200701,CSI
921500.CSI,京津冀信用债(净),CSI,中证指数有限公司,债券指数,20141231,20200701,CSI
921501.CSI,大湾区信用债(净),CSI,中证指数有限公司,债券指数,20141231,20200701,CSI
921502.CSI,北京信用债(净),CSI,中证指数有限公司,债券指数,20141231,20200701,CSI
921503.CSI,上海信用债(净),CSI,中证指数有限公司,债券指数,20141231,20200701,CSI
921504.CSI,天津信用债(净),CSI,中证指数有限公司,债券指数,20141231,20200701,CSI
921505.CSI,江苏信用债(净),CSI,中证指数有限公司,债券指数,20141231,20200701,CSI
921506.CSI,广东信用债(净),CSI,中证指数有限公司,债券指数,20141231,20200701,CSI
921508.CSI,浙江信用债(净),CSI,中证指数有限公司,债券指数,20141231,20200701,CSI
921509.CSI,福建信用债(净),CSI,中证指数有限公司,债券指数,20141231,20200701,CSI
921510.CSI,湖北信用债(净),CSI,中证指数有限公司,债券指数,20141231,20200701,CSI
921511.CSI,四川信用债(净),CSI,中证指数有限公司,债券指数,20141231,20200701,CSI
921512.CSI,周期50全收益,CSI,中证指数有限公司,主题指数,20041231,20200717,CSI
921513.CSI,公共卫生全收益,CSI,中证指数有限公司、上海证券交易所,主题指数,20121231,20200707,CSI
921514.CSI,央企25债(净),CSI,中证指数有限公司,债券指数,20131231,20200701,CSI
921515.CSI,0-5年央企25(净),CSI,中证指数有限公司,债券指数,20131231,20200701,CSI
921516.CSI,3-7年央企25(净),CSI,中证指数有限公司,债券指数,20131231,20200701,CSI
921517.CSI,0-3年银行50金融债(净),CSI,中证指数有限公司,债券指数,20131231,20200701,CSI
921518.CSI,0-5年银行50金融债(净),CSI,中证指数有限公司,债券指数,20131231,20200701,CSI
921519.CSI,3-7年银行50金融债(净),CSI,中证指数有限公司,债券指数,20131231,20200701,CSI
921520.CSI,科技50领先全收益,CSI,中证指数有限公司,策略指数,20141231,20200717,CSI
921521.CSI,智选航空航天科技全收益,CSI,中证指数有限公司,主题指数,20121231,20200708,CSI
921522.CSI,央企新动能全收益,CSI,中证指数有限公司,主题指数,20141231,20200701,CSI
921523.CSI,SHS动漫游戏(全),CSI,中证指数有限公司,主题指数,20141114,20200708,CSI
921523HKD.CSI,SHS动漫游戏(全)HKD,CSI,中证指数有限公司,主题指数,20141114,20200708,CSI
921524.CSI,SHS科技龙头(全),CSI,中证指数有限公司,主题指数,20141114,20200716,CSI
921524HKD.CSI,SHS科技龙头(全)HKD,CSI,中证指数有限公司,主题指数,20141114,20200716,CSI
921525.CSI,兴业证券ESG盈利100全收益,CSI,中证指数有限公司,主题指数,20170630,20200806,CSI
921526.CSI,企业核心竞争力50全收益,CSI,中证指数有限公司,主题指数,20170630,20200824,CSI
930050.CSI,中证A50,CSI,中证指数有限公司,规模指数,20141231,20240102,CSI
930050CNY010.CSI,中证A50全收益,CSI,中证指数有限公司,规模指数,20141231,20240102,CSI
930050CNY020.CSI,中证A50净收益,CSI,中证指数有限公司,规模指数,20141231,20240102,CSI
930598.CSI,稀土产业,CSI,中证指数有限公司,主题指数,20111231,20150302,CSI
930599.CSI,中证高装,CSI,中证指数有限公司,主题指数,20041231,20150302,CSI
930601.CSI,中证软件,CSI,中证指数有限公司,主题指数,20041231,20150310,CSI
930604.CSI,中国互联网30,CSI,中证指数有限公司,主题指数,20070629,20150323,CSI
930605.CSI,中国互联网30USD,CSI,中证指数有限公司,主题指数,20070629,20150323,CSI
930606.CSI,中证钢铁,CSI,中证指数有限公司,主题指数,20081231,20150331,CSI
930607.CSI,中证汽车,CSI,中证指数有限公司,主题指数,20041231,20150331,CSI
930608.CSI,中证基建,CSI,中证指数有限公司,主题指数,20041231,20150331,CSI
930609.CSI,纯债债基,CSI,中证指数有限公司,基金指数,20141231,20160831,CSI
930610.CSI,普通债基,CSI,中证指数有限公司,基金指数,20141231,20160831,CSI
930611.CSI,中小国改,CSI,中证指数有限公司,主题指数,20131231,20150407,CSI
930612.CSI,混合改革,CSI,中证指数有限公司,主题指数,20131231,20150407,CSI
930613.CSI,非周民企,CSI,中证指数有限公司,主题指数,20091231,20150407,CSI
930614.CSI,环保50,CSI,中证指数有限公司,主题指数,20111230,20150407,CSI
930616.CSI,中证文体,CSI,中证指数有限公司,主题指数,20120629,20150519,CSI
930617.CSI,军工信息,CSI,中证指数有限公司,主题指数,20091231,20150416,CSI
930618.CSI,中证保险,CSI,中证指数有限公司,主题指数,20121231,20150416,CSI
930619.CSI,黄金采掘,CSI,中证指数有限公司,主题指数,20111231,20150416,CSI
930620.CSI,CSSW丝路,CSI,中证指数有限公司,主题指数,20081231,20150423,CSI
930621.CSI,CSSW高铁,CSI,中证指数有限公司,主题指数,20081231,20150423,CSI
930622.CSI,CSSW白酒,CSI,中证指数有限公司,行业指数,20041231,20150423,CSI
930623.CSI,CS娱乐,CSI,中证指数有限公司,主题指数,20110131,20150428,CSI
930624.CSI,CS医药,CSI,中证指数有限公司,主题指数,20081231,20150428,CSI
930625.CSI,SHS互联网,CSI,中证指数有限公司,主题指数,20120629,20150421,CSI
930626.CSI,沪港深内地保险,CSI,中证指数有限公司,主题指数,20070629,20150421,CSI
930627.CSI,SHS互联网HKD,CSI,中证指数有限公司,主题指数,20120629,20150421,CSI
930628.CSI,沪港深内地保险HKD,CSI,中证指数有限公司,主题指数,20070629,20150421,CSI
930629.CSI,CSSW健康,CSI,中证指数有限公司,主题指数,20081231,20150508,CSI
930632.CSI,CS稀金属,CSI,中证指数有限公司,主题指数,20111231,20150512,CSI
930633.CSI,中证旅游,CSI,中证指数有限公司,主题指数,20081231,20150508,CSI
930634.CSI,CS土改农,CSI,中证指数有限公司,主题指数,20101231,20150508,CSI
930635.CSI,CS智慧农,CSI,中证指数有限公司,主题指数,20101231,20150508,CSI
930640.CSI,CSWD重组,CSI,中证指数有限公司,主题指数,20111230,20150508,CSI
930641.CSI,中证中药,CSI,中证指数有限公司,主题指数,20041231,20150519,CSI
930642.CSI,中证核电,CSI,中证指数有限公司,主题指数,20041231,20150519,CSI
930643.CSI,CS轻资产,CSI,中证指数有限公司,主题指数,20041231,20150519,CSI
930644.CSI,港股通中国内地,CSI,中证指数有限公司,主题指数,20141114,20180814,CSI
930645.CSI,港股通中国内地CNY,CSI,中证指数有限公司,主题指数,20141114,20180814,CSI
930646.CSI,美股中国内地,CSI,中证指数有限公司,规模指数,20070629,20180814,CSI
930647.CSI,美股中国内地CNY,CSI,中证指数有限公司,规模指数,20070629,20180814,CSI
930648.CSI,CS智消费,CSI,中证指数有限公司,主题指数,20120629,20150605,CSI
930649.CSI,中证安防,CSI,中证指数有限公司、上海证券交易所,主题指数,20120629,20150624,CSI
930650.CSI,中证海洋,CSI,中证指数有限公司、上海证券交易所,主题指数,20091231,20150529,CSI
930651.CSI,CS计算机,CSI,中证指数有限公司,主题指数,20041231,20150605,CSI
930652.CSI,CS电子,CSI,中证指数有限公司,主题指数,20041231,20150605,CSI
930653.CSI,CS食品饮,CSI,中证指数有限公司,主题指数,20041231,20150605,CSI
930654.CSI,CS休闲娱,CSI,中证指数有限公司,主题指数,20041231,20150605,CSI
930655.CSI,500两倍,CSI,中证指数有限公司、上海证券交易所,策略指数,20090630,20150616,CSI
930656.CSI,500反向,CSI,中证指数有限公司、上海证券交易所,策略指数,20090630,20150616,CSI
930657.CSI,500反两,CSI,中证指数有限公司、上海证券交易所,策略指数,20090630,20150616,CSI
930660.CSI,CSSW体育,CSI,中证指数有限公司、上海证券交易所,主题指数,20081231,20150624,CSI
930661.CSI,CSSW互金,CSI,中证指数有限公司、上海证券交易所,主题指数,20111230,20150624,CSI
930662.CSI,CS现代农,CSI,中证指数有限公司,主题指数,20101231,20150713,CSI
930663.CSI,中证创投,CSI,中证指数有限公司,主题指数,20121231,20150713,CSI
930665.CSI,商品动量,CSI,中证指数有限公司,期货指数,20090331,20150720,CSI
930666.CSI,商品趋势,CSI,中证指数有限公司,期货指数,20090331,20150720,CSI
930667.CSI,300精明,CSI,中证指数有限公司,策略指数,20041231,20150716,CSI
930668.CSI,300精明HKD,CSI,中证指数有限公司,策略指数,20041231,20150716,CSI
930669.CSI,300精明USD,CSI,中证指数有限公司,策略指数,20041231,20150716,CSI
930670.CSI,500商业,CSI,中证指数有限公司,行业指数,20041231,20150707,CSI
930671.CSI,500运输,CSI,中证指数有限公司,行业指数,20041231,20150707,CSI
930672.CSI,500资本品,CSI,中证指数有限公司,主题指数,20041231,20150707,CSI
930673.CSI,500地产,CSI,中证指数有限公司,行业指数,20041231,20150707,CSI
930674.CSI,500零售,CSI,中证指数有限公司,行业指数,20041231,20150707,CSI
930675.CSI,500传媒,CSI,中证指数有限公司,行业指数,20041231,20150707,CSI
930676.CSI,500耐用,CSI,中证指数有限公司,行业指数,20041231,20150707,CSI
930677.CSI,500汽车汽配,CSI,中证指数有限公司,行业指数,20041231,20150707,CSI
930679.CSI,500电子,CSI,中证指数有限公司,行业指数,20041231,20150707,CSI
930680.CSI,500计算机,CSI,中证指数有限公司,行业指数,20041231,20150707,CSI
930681.CSI,500医药(二级),CSI,中证指数有限公司,行业指数,20041231,20150707,CSI
930682.CSI,500食品饮料,CSI,中证指数有限公司,行业指数,20041231,20150707,CSI
930683.CSI,500电力设备,CSI,中证指数有限公司,行业指数,20041231,20150707,CSI
930684.CSI,500机械,CSI,中证指数有限公司,行业指数,20041231,20150707,CSI
930685.CSI,500建筑装饰,CSI,中证指数有限公司,行业指数,20041231,20150707,CSI
930686.CSI,500一般零售,CSI,中证指数有限公司,行业指数,20041231,20150707,CSI
930687.CSI,500纺织服装,CSI,中证指数有限公司,行业指数,20041231,20150707,CSI
930688.CSI,500家用电器,CSI,中证指数有限公司,行业指数,20041231,20150707,CSI
930689.CSI,500煤炭,CSI,中证指数有限公司,行业指数,20041231,20150707,CSI
930690.CSI,500硬件,CSI,中证指数有限公司,行业指数,20041231,20150707,CSI
930691.CSI,500化学药,CSI,中证指数有限公司,行业指数,20041231,20150707,CSI
930692.CSI,500化学制品,CSI,中证指数有限公司,行业指数,20041231,20150707,CSI
930693.CSI,500建筑材料,CSI,中证指数有限公司,行业指数,20041231,20150707,CSI
930694.CSI,500有色,CSI,中证指数有限公司,行业指数,20041231,20150707,CSI
930695.CSI,500农牧渔,CSI,中证指数有限公司,行业指数,20041231,20150707,CSI
930696.CSI,500饮料,CSI,中证指数有限公司,主题指数,20041231,20150707,CSI
930697.CSI,家用电器,CSI,中证指数有限公司,行业指数,20041231,20150707,CSI
930698.CSI,CS水利,CSI,中证指数有限公司,主题指数,20120629,20150731,CSI
930699.CSI,萧何重组,CSI,中证指数有限公司,主题指数,20111230,20150716,CSI
930700.CSI,CS上海,CSI,中证指数有限公司,主题指数,20121231,20150709,CSI
930701.CSI,CS京津冀,CSI,中证指数有限公司,主题指数,20121231,20150709,CSI
930702.CSI,CS西部,CSI,中证指数有限公司,主题指数,20121231,20150709,CSI
930703.CSI,福建50,CSI,中证指数有限公司,主题指数,20121231,20150709,CSI
930704.CSI,CS广东,CSI,中证指数有限公司,主题指数,20121231,20150709,CSI
930705.CSI,电商数据,CSI,中证指数有限公司,主题指数,20101231,20150722,CSI
930706.CSI,中证水泥,CSI,中证指数有限公司,主题指数,20041231,20150713,CSI
930707.CSI,中证畜牧,CSI,中证指数有限公司,主题指数,20111231,20150713,CSI
930708.CSI,中证有色,CSI,中证指数有限公司,主题指数,20131231,20150713,CSI
930709.CSI,香港证券,CSI,中证指数有限公司,主题指数,20121231,20150713,CSI
930710.CSI,香港证券CNY,CSI,中证指数有限公司,主题指数,20121231,20150713,CSI
930711.CSI,CS智穿戴,CSI,中证指数有限公司,主题指数,20120629,20150731,CSI
930712.CSI,CS物联网,CSI,中证指数有限公司,主题指数,20120629,20150731,CSI
930713.CSI,CS人工智,CSI,中证指数有限公司,主题指数,20120629,20150731,CSI
930715.CSI,CS朝阳88,CSI,中证指数有限公司,主题指数,20120131,20150805,CSI
930716.CSI,CS物流,CSI,中证指数有限公司,主题指数,20111230,20150731,CSI
930717.CSI,SHS中国教育,CSI,中证指数有限公司,主题指数,20141231,20150731,CSI
930718.CSI,CS航运,CSI,中证指数有限公司,主题指数,20041231,20150731,CSI
930719.CSI,CS精准医,CSI,中证指数有限公司,主题指数,20120629,20150805,CSI
930720.CSI,CS互医疗,CSI,中证指数有限公司,主题指数,20120629,20150805,CSI
930721.CSI,CS智汽车,CSI,中证指数有限公司,主题指数,20120629,20150805,CSI
930722.CSI,CS互平台,CSI,中证指数有限公司,主题指数,20120629,20150805,CSI
930723.CSI,沪港深F100,CSI,中证指数有限公司,策略指数,20141114,20150805,CSI
930724.CSI,沪港深F100HKD,CSI,中证指数有限公司,策略指数,20141114,20150805,CSI
930725.CSI,CS车联网,CSI,中证指数有限公司,主题指数,20101231,20150805,CSI
930726.CSI,CS生医,CSI,中证指数有限公司,主题指数,20120629,20150805,CSI
930727.CSI,CS自贸区,CSI,中证指数有限公司,主题指数,20131231,20150805,CSI
930728.CSI,CS乐园,CSI,中证指数有限公司,主题指数,20091231,20150805,CSI
930730.CSI,银策消费,CSI,中证指数有限公司,主题指数,20111231,20150824,CSI
930732.CSI,CS中国造,CSI,中证指数有限公司,主题指数,20120629,20150810,CSI
930733.CSI,CS互联+,CSI,中证指数有限公司,主题指数,20120629,20150810,CSI
930734.CSI,360互联+,CSI,中证指数有限公司,主题指数,20121231,20150810,CSI
930735.CSI,海外中国内地,CSI,中证指数有限公司,主题指数,20141114,20180814,CSI
930736.CSI,海外中国内地HKD,CSI,中证指数有限公司,主题指数,20141114,20180814,CSI
930737.CSI,海外中国内地USD,CSI,中证指数有限公司,主题指数,20141114,20180814,CSI
930738.CSI,四川国改,CSI,中证指数有限公司,主题指数,20111231,20180710,CSI
930739.CSI,银策100,CSI,中证指数有限公司,主题指数,20101231,20150824,CSI
930740.CSI,300红利低波,CSI,中证指数有限公司,策略指数,20041231,20181204,CSI
930741.CSI,CS航空,CSI,中证指数有限公司,主题指数,20111231,20150826,CSI
930742.CSI,中证电商,CSI,中证指数有限公司,主题指数,20121231,20150826,CSI
930743.CSI,中证生科,CSI,中证指数有限公司,主题指数,20111231,20150826,CSI
930744.CSI,中证信托,CSI,中证指数有限公司,主题指数,20121231,20150826,CSI
930745.CSI,CSWD数据,CSI,中证指数有限公司,主题指数,20121231,20150826,CSI
930746.CSI,港中小企,CSI,中证指数有限公司,主题指数,20141114,20150826,CSI
930747.CSI,港中小企CNY,CSI,中证指数有限公司,主题指数,20141114,20150826,CSI
930748.CSI,沪深300USD,CSI,中证指数有限公司,规模指数,20041231,20151106,CSI
930749.CSI,沪深300USD(CNH),CSI,中证指数有限公司,规模指数,20041231,20151106,CSI
930750.CSI,中证500USD,CSI,中证指数有限公司,规模指数,20041231,20151106,CSI
930751.CSI,中证500USD(CNH),CSI,中证指数有限公司,规模指数,20041231,20151106,CSI
930752.CSI,中证500HKD,CSI,中证指数有限公司,规模指数,20041231,20151106,CSI
930753.CSI,中证500HKD(CNH),CSI,中证指数有限公司,规模指数,20041231,20151106,CSI
930754.CSI,民企成长USD,CSI,中证指数有限公司,主题指数,20131213,20151106,CSI
930755.CSI,民企成长USD(CNH),CSI,中证指数有限公司,主题指数,20131213,20151106,CSI
930756.CSI,环保USD,CSI,中证指数有限公司,主题指数,20111230,20151106,CSI
930757.CSI,环保USD(CNH),CSI,中证指数有限公司,主题指数,20111230,20151106,CSI
930758.CSI,凤凰50,CSI,中证指数有限公司,策略指数,20121231,20181121,CSI
930759.CSI,雪球100,CSI,中证指数有限公司,主题指数,20121231,20150915,CSI
930760.CSI,雪球智选,CSI,中证指数有限公司,主题指数,20121231,20150916,CSI
930761.CSI,中金100USD(CNH),CSI,中证指数有限公司,策略指数,20081231,20181115,CSI
930762.CSI,雪球精选,CSI,中证指数有限公司,主题指数,20121231,20150915,CSI
930763.CSI,CS房天下,CSI,中证指数有限公司,主题指数,20081231,20150923,CSI
930764.CSI,艾瑞中国互联网,CSI,中证指数有限公司,主题指数,20111230,20151207,CSI
930765.CSI,艾瑞中国互联网(美元),CSI,中证指数有限公司,主题指数,20111230,20151207,CSI
930766.CSI,民企高装主题,CSI,中证指数有限公司,主题指数,20120629,20151029,CSI
930767.CSI,沪深300优选,CSI,中证指数有限公司、上海证券交易所,策略指数,20041231,20151210,CSI
930768.CSI,沪深300优选HKD,CSI,中证指数有限公司、上海证券交易所,策略指数,20041231,20151210,CSI
930769.CSI,财富100,CSI,中证指数有限公司,主题指数,20140131,20151207,CSI
930770.CSI,财富188,CSI,中证指数有限公司,主题指数,20131231,20151207,CSI
930771.CSI,CS新能源,CSI,中证指数有限公司,主题指数,20111231,20151216,CSI
930772.CSI,A100两倍,CSI,中证指数有限公司,策略指数,20090630,20151225,CSI
930773.CSI,A100反向,CSI,中证指数有限公司,策略指数,20090630,20151225,CSI
930774.CSI,A100反两,CSI,中证指数有限公司,策略指数,20090630,20151225,CSI
930775.CSI,钢铁CFI,CSI,中证指数有限公司,期货指数,20090331,20151225,CSI
930776.CSI,CS增持,CSI,中证指数有限公司,策略指数,20111231,20160114,CSI
930777.CSI,CS定增,CSI,中证指数有限公司,策略指数,20111231,20160114,CSI
930778.CSI,CS高端造,CSI,中证指数有限公司,主题指数,20111231,20160120,CSI
930779.CSI,银商领先,CSI,中证指数有限公司,主题指数,20111231,20160120,CSI
930780.CSI,中证兴业中高债,CSI,中证指数有限公司,债券指数,20081231,20160201,CSI
930781.CSI,中证影视,CSI,中证指数有限公司,主题指数,20120629,20160204,CSI
930782.CSI,500SNLV,CSI,中证指数有限公司,策略指数,20041231,20160204,CSI
930783.CSI,CS英大EI,CSI,中证指数有限公司,主题指数,20131231,20160204,CSI
930786.CSI,短融AAA,CSI,中证指数有限公司,债券指数,20070131,20160303,CSI
930787.CSI,短融AA+,CSI,中证指数有限公司,债券指数,20070131,20160303,CSI
930788.CSI,短融AA,CSI,中证指数有限公司,债券指数,20070131,20160303,CSI
930789.CSI,CSMA预期,CSI,中证指数有限公司,策略指数,20111231,20160329,CSI
930790.CSI,CS娱乐TI,CSI,中证指数有限公司,主题指数,20121231,20160322,CSI
930791.CSI,CS医药TI,CSI,中证指数有限公司,主题指数,20041231,20160322,CSI
930792.CSI,HK银行,CSI,中证指数有限公司,主题指数,20141114,20160422,CSI
930793.CSI,HK银行CNY,CSI,中证指数有限公司,主题指数,20141114,20160422,CSI
930794.CSI,中美互联网,CSI,中证指数有限公司,主题指数,20131231,20160422,CSI
930795.CSI,中美互联网USD,CSI,中证指数有限公司,主题指数,20131231,20160422,CSI
930796.CSI,全球中国互联网,CSI,中证指数有限公司,主题指数,20131231,20160422,CSI
930797.CSI,全球中国互联网USD,CSI,中证指数有限公司,主题指数,20131231,20160422,CSI
930820.CSI,CS高端制,CSI,中证指数有限公司,主题指数,20041231,20160511,CSI
930821.CSI,中证VR,CSI,中证指数有限公司,主题指数,20120629,20160511,CSI
930822.CSI,CS院校企,CSI,中证指数有限公司,主题指数,20101231,20160511,CSI
930823.CSI,中证中票,CSI,中证指数有限公司,债券指数,20081231,20160525,CSI
930824.CSI,中票AAA,CSI,中证指数有限公司,债券指数,20081231,20160525,CSI
930825.CSI,中票AA+,CSI,中证指数有限公司,债券指数,20091231,20160525,CSI
930826.CSI,中票AA,CSI,中证指数有限公司,债券指数,20091231,20160525,CSI
930827.CSI,中票AA-,CSI,中证指数有限公司,债券指数,20111231,20160525,CSI
930828.CSI,中票0-1,CSI,中证指数有限公司,债券指数,20101231,20160525,CSI
930829.CSI,中票1-3,CSI,中证指数有限公司,债券指数,20081231,20160525,CSI
930830.CSI,中票3-5,CSI,中证指数有限公司,债券指数,20081231,20160525,CSI
930831.CSI,中票5-7,CSI,中证指数有限公司,债券指数,20101231,20160525,CSI
930832.CSI,中票7+,CSI,中证指数有限公司,债券指数,20101231,20160525,CSI
930833.CSI,中票城投,CSI,中证指数有限公司,债券指数,20091231,20160525,CSI
930834.CSI,中票非城投,CSI,中证指数有限公司,债券指数,20081231,20160525,CSI
930835.CSI,环保专利,CSI,中证指数有限公司,主题指数,20131231,20160518,CSI
930836.CSI,沪港深高股息,CSI,中证指数有限公司,策略指数,20141114,20160608,CSI
930837.CSI,沪港深高股息HKD,CSI,中证指数有限公司,策略指数,20141114,20160608,CSI
930838.CSI,CS高股息,CSI,中证指数有限公司,策略指数,20041231,20160608,CSI
930839.CSI,港股通高息精选,CSI,中证指数有限公司,策略指数,20141114,20160608,CSI
930840.CSI,港股通高息精选CNY,CSI,中证指数有限公司,策略指数,20141114,20160608,CSI
930841.CSI,2025退休,CSI,中证指数有限公司,多资产指数,20051231,20160715,CSI
930842.CSI,2035退休,CSI,中证指数有限公司,多资产指数,20051231,20160715,CSI
930843.CSI,2045退休,CSI,中证指数有限公司,多资产指数,20051231,20160715,CSI
930844.CSI,企业年金,CSI,中证指数有限公司,多资产指数,20051231,20160912,CSI
930845.CSI,CS供给侧,CSI,中证指数有限公司、上海证券交易所,主题指数,20131231,20160624,CSI
930846.CSI,300SNLV,CSI,中证指数有限公司、上海证券交易所,策略指数,20041231,20160624,CSI
930847.CSI,800SNLV,CSI,中证指数有限公司、上海证券交易所,策略指数,20041231,20160624,CSI
930848.CSI,1000SNLV,CSI,中证指数有限公司、上海证券交易所,策略指数,20041231,20160624,CSI
930849.CSI,10年国开债,CSI,中证指数有限公司,债券指数,20071231,20160630,CSI
930850.CSI,智能制造,CSI,中证指数有限公司、上海证券交易所,主题指数,20120629,20160720,CSI
930851.CSI,云计算,CSI,中证指数有限公司、上海证券交易所,主题指数,20120629,20160720,CSI
930852.CSI,量子通信,CSI,中证指数有限公司、上海证券交易所,主题指数,20120629,20160720,CSI
930853.CSI,海绵城市,CSI,中证指数有限公司、上海证券交易所,主题指数,20120629,20160720,CSI
930854.CSI,水环境,CSI,中证指数有限公司、上海证券交易所,主题指数,20120629,20160720,CSI
930855.CSI,CS质量成长,CSI,中证指数有限公司、上海证券交易所,策略指数,20050630,20160712,CSI
930856.CSI,HK质量,CSI,中证指数有限公司、上海证券交易所,策略指数,20141114,20160712,CSI
930857.CSI,HK质量CNY,CSI,中证指数有限公司、上海证券交易所,策略指数,20141114,20160712,CSI
930858.CSI,沪港深质量,CSI,中证指数有限公司、上海证券交易所,策略指数,20141114,20160712,CSI
930859.CSI,沪港深质量HKD,CSI,中证指数有限公司、上海证券交易所,策略指数,20141114,20160712,CSI
930860.CSI,盈利质量,CSI,中证指数有限公司、上海证券交易所,策略指数,20050630,20160712,CSI
930861.CSI,香港EQ,CSI,中证指数有限公司、上海证券交易所,策略指数,20141114,20160712,CSI
930862.CSI,香港EQCNY,CSI,中证指数有限公司、上海证券交易所,策略指数,20141114,20160712,CSI
930863.CSI,沪港深EQ,CSI,中证指数有限公司、上海证券交易所,策略指数,20141114,20160712,CSI
930864.CSI,沪港深EQHKD,CSI,中证指数有限公司、上海证券交易所,策略指数,20141114,20160712,CSI
930865.CSI,5年地债,CSI,中证指数有限公司,债券指数,20130630,20160719,CSI
930866.CSI,10年地债,CSI,中证指数有限公司,债券指数,20131231,20160719,CSI
930867.CSI,目标2055,CSI,中证指数有限公司,多资产指数,20051231,20160802,CSI
930868.CSI,目标2035,CSI,中证指数有限公司,多资产指数,20051231,20160802,CSI
930869.CSI,目标2045,CSI,中证指数有限公司,多资产指数,20051231,20160802,CSI
930870.CSI,政金债,CSI,中证指数有限公司,债券指数,20071231,20160809,CSI
930870CNY030.CSI,政金债(全),CSI,中证指数有限公司,债券指数,20071231,20260105,CSI
930871.CSI,政金债1-3,CSI,中证指数有限公司,债券指数,20071231,20160809,CSI
930872.CSI,政金债3-5,CSI,中证指数有限公司,债券指数,20071231,20160809,CSI
930873.CSI,政金债5-8,CSI,中证指数有限公司,债券指数,20071231,20160809,CSI
930874.CSI,政金债8-10,CSI,中证指数有限公司,债券指数,20071231,20160809,CSI
930875.CSI,空天军工,CSI,中证指数有限公司,主题指数,20110630,20160817,CSI
930876.CSI,香港彩娱,CSI,中证指数有限公司,主题指数,20141114,20160817,CSI
930877.CSI,香港彩娱CNY,CSI,中证指数有限公司,主题指数,20141114,20160817,CSI
930878.CSI,中国质量成长,CSI,中证指数有限公司,策略指数,20070630,20160818,CSI
930879.CSI,中国质量成长USD,CSI,中证指数有限公司,策略指数,20070630,20160818,CSI
930880.CSI,中国盈利质量,CSI,中证指数有限公司,策略指数,20070630,20160818,CSI
930881.CSI,中国盈利质量USD,CSI,中证指数有限公司,策略指数,20070630,20160818,CSI
930882.CSI,CS珠三角,CSI,中证指数有限公司,主题指数,20121231,20160817,CSI
930883.CSI,创新驱动,CSI,中证指数有限公司、上海证券交易所,主题指数,20121231,20161019,CSI
930884.CSI,300创新,CSI,中证指数有限公司、上海证券交易所,主题指数,20121231,20161019,CSI
930885.CSI,500创新,CSI,中证指数有限公司、上海证券交易所,主题指数,20121231,20161019,CSI
930886.CSI,煤炭CFI,CSI,中证指数有限公司,期货指数,20120330,20160818,CSI
930887.CSI,300DRC,CSI,中证指数有限公司,多资产指数,20041231,20160818,CSI
930888.CSI,500DRC,CSI,中证指数有限公司,多资产指数,20050331,20160818,CSI
930889.CSI,ETF市价,CSI,中证指数有限公司,基金指数,20051230,20160831,CSI
930890.CSI,主动股基,CSI,中证指数有限公司,基金指数,20071231,20160831,CSI
930891.CSI,被动股基,CSI,中证指数有限公司,基金指数,20071231,20160831,CSI
930892.CSI,普通混基,CSI,中证指数有限公司,基金指数,20021231,20160831,CSI
930893.CSI,灵活混基,CSI,中证指数有限公司,基金指数,20111231,20160831,CSI
930894.CSI,保本混基,CSI,中证指数有限公司,基金指数,20111231,20160831,CSI
930895.CSI,定开债基,CSI,中证指数有限公司,基金指数,20131231,20160831,CSI
930896.CSI,分级债A,CSI,中证指数有限公司,基金指数,20131231,20160831,CSI
930897.CSI,非纯债基,CSI,中证指数有限公司,基金指数,20071231,20160831,CSI
930898.CSI,转债债基,CSI,中证指数有限公司,基金指数,20111231,20160831,CSI
930899.CSI,全球消费50,CSI,中证指数有限公司,主题指数,20111230,20161013,CSI
930899CNY10.CSI,全球消费50人民币中间价,CSI,中证指数有限公司,主题指数,20111230,20161013,CSI
930899CNY11.CSI,全球消费50人民币中间价(全),CSI,中证指数有限公司,主题指数,20111230,20161013,CSI
930900.CSI,全球消费50USD,CSI,中证指数有限公司,主题指数,20111230,20161013,CSI
930901.CSI,动漫游戏,CSI,中证指数有限公司、上海证券交易所,主题指数,20121231,20161018,CSI
930902.CSI,中证数据,CSI,中证指数有限公司、上海证券交易所,主题指数,20121231,20161018,CSI
930903.CSI,中证A股,CSI,中证指数有限公司、上海证券交易所,综合指数,19991231,20161018,CSI
930904.CSI,中证PPP,CSI,中证指数有限公司,主题指数,20131231,20161107,CSI
930906.CSI,软商CFI,CSI,中证指数有限公司,期货指数,20090331,20161107,CSI
930907.CSI,香港海外高股息,CSI,中证指数有限公司,策略指数,20141114,20161107,CSI
930908.CSI,香港海外高股息CNY,CSI,中证指数有限公司,策略指数,20141114,20161107,CSI
930909.CSI,中证地产债,CSI,中证指数有限公司,债券指数,20071231,20161107,CSI
930910.CSI,农牧渔,CSI,中证指数有限公司,行业指数,20041231,20161212,CSI
930911.CSI,化学原料,CSI,中证指数有限公司,行业指数,20041231,20161212,CSI
930912.CSI,GTJAINTL中国影视(人民币),CSI,中证指数有限公司,主题指数,20111230,20161129,CSI
930913.CSI,GTJAINTL中国影视(港元),CSI,中证指数有限公司,主题指数,20111230,20161129,CSI
930914.CSI,港股通高股息,CSI,中证指数有限公司,策略指数,20141114,20161125,CSI
930914CNY220.CSI,港股通高股息(净)CNY,CSI,中证指数有限公司,策略指数,20141114,20231207,CSI
930915.CSI,港股通高股息CNY,CSI,中证指数有限公司,策略指数,20141114,20161125,CSI
930916.CSI,中证10年国债,CSI,中证指数有限公司,债券指数,20081231,20161205,CSI
930917.CSI,SHS高股息,CSI,中证指数有限公司,策略指数,20141114,20161228,CSI
930918.CSI,SHS高股息HKD,CSI,中证指数有限公司,策略指数,20141114,20161228,CSI
930923.CSI,港中国中小,CSI,中证指数有限公司,主题指数,20091231,20180928,CSI
930924.CSI,港中国中小CNY,CSI,中证指数有限公司,主题指数,20091231,20180928,CSI
930925.CSI,沪港深保险,CSI,中证指数有限公司,行业指数,20141231,20181121,CSI
930926.CSI,沪港深保险HKD,CSI,中证指数有限公司,行业指数,20141231,20181121,CSI
930927.CSI,CR基石,CSI,中证指数有限公司,主题指数,20050630,20161223,CSI
930928.CSI,CR新动能,CSI,中证指数有限公司,主题指数,20130628,20161223,CSI
930929.CSI,中证MARP,CSI,中证指数有限公司,多资产指数,20071231,20170109,CSI
930930.CSI,港股综合,CSI,中证指数有限公司,综合指数,20141114,20170116,CSI
930931.CSI,港股通50,CSI,中证指数有限公司,规模指数,20141114,20170116,CSI
930932.CSI,港股通内地证券,CSI,中证指数有限公司,主题指数,20151231,20170116,CSI
930933.CSI,港股综合CNY,CSI,中证指数有限公司,综合指数,20141114,20170116,CSI
930934.CSI,港股通50CNY,CSI,中证指数有限公司,规模指数,20141114,20170116,CSI
930935.CSI,港股通内地证券CNY,CSI,中证指数有限公司,主题指数,20151231,20170116,CSI
930936.CSI,国开成长,CSI,中证指数有限公司,风格指数,20140630,20170119,CSI
930937.CSI,稳健成长,CSI,中证指数有限公司,策略指数,20061229,20170118,CSI
930938.CSI,500成长估值,CSI,中证指数有限公司,策略指数,20091231,20181204,CSI
930939.CSI,500质量成长,CSI,中证指数有限公司,策略指数,20041231,20181121,CSI
930940.CSI,CME商品,CSI,中证指数有限公司,期货指数,20051230,20170629,CSI
930941.CSI,CME商品CNY,CSI,中证指数有限公司,期货指数,20051230,20170629,CSI
930942.CSI,300动态对冲,CSI,中证指数有限公司,策略指数,20101231,20170428,CSI
930943.CSI,500动态对冲,CSI,中证指数有限公司,策略指数,20101231,20170428,CSI
930944.CSI,1000动态对冲,CSI,中证指数有限公司,策略指数,20101231,20170428,CSI
930945.CSI,香港新股,CSI,中证指数有限公司,主题指数,20041231,20170317,CSI
930946.CSI,香港新股CNY,CSI,中证指数有限公司,主题指数,20041231,20170317,CSI
930947.CSI,中金300等权波控,CSI,中证指数有限公司,多资产指数,20071231,20170223,CSI
930948.CSI,300EWMR,CSI,中证指数有限公司,策略指数,20041231,20170223,CSI
930949.CSI,价值回报,CSI,中证指数有限公司,策略指数,20051230,20170224,CSI
930950.CSI,偏股基金,CSI,中证指数有限公司,基金指数,20071231,20170427,CSI
930951.CSI,交易所绿色债,CSI,中证指数有限公司、上海证券交易所,债券指数,20161230,20170619,CSI
930952.CSI,黑金CFI,CSI,中证指数有限公司,期货指数,20090331,20170629,CSI
930953.CSI,中信大类资产,CSI,中证指数有限公司,多资产指数,20061229,20170526,CSI
930954.CSI,5年久期国开债,CSI,中证指数有限公司,债券指数,20071231,20170522,CSI
930955.CSI,红利低波100,CSI,中证指数有限公司,策略指数,20051230,20170526,CSI
930956.CSI,绿色投资,CSI,中证指数有限公司,主题指数,20120629,20170526,CSI
930957.CSI,港股通中国100,CSI,中证指数有限公司,规模指数,20141114,20170623,CSI
930958.CSI,港股通中国100CNY,CSI,中证指数有限公司,规模指数,20141114,20170623,CSI
930959.CSI,港股通海外50,CSI,中证指数有限公司,主题指数,20141114,20170623,CSI
930960.CSI,港股通能源C,CSI,中证指数有限公司,行业指数,20141114,20170623,CSI
930961.CSI,港股通材料C,CSI,中证指数有限公司,行业指数,20141114,20170623,CSI
930962.CSI,港股通工业C,CSI,中证指数有限公司,行业指数,20141114,20170623,CSI
930964.CSI,港股通消费C,CSI,中证指数有限公司,行业指数,20141114,20170623,CSI
930965.CSI,港股通医药C,CSI,中证指数有限公司,行业指数,20141114,20170623,CSI
930966.CSI,港股通金融C,CSI,中证指数有限公司,行业指数,20141114,20170623,CSI
930967.CSI,港股通信息C,CSI,中证指数有限公司,行业指数,20141114,20170623,CSI
930968.CSI,港股通通信C,CSI,中证指数有限公司,行业指数,20141114,20170623,CSI
930969.CSI,港股通公用C,CSI,中证指数有限公司,行业指数,20141114,20170623,CSI
930970.CSI,港股通能源CCNY,CSI,中证指数有限公司,行业指数,20141114,20170623,CSI
930971.CSI,港股通材料CCNY,CSI,中证指数有限公司,行业指数,20141114,20170623,CSI
930972.CSI,港股通工业CCNY,CSI,中证指数有限公司,行业指数,20141114,20170623,CSI
930974.CSI,港股通消费CCNY,CSI,中证指数有限公司,行业指数,20141114,20170623,CSI
930975.CSI,港股通医药CCNY,CSI,中证指数有限公司,行业指数,20141114,20170623,CSI
930976.CSI,港股通金融CCNY,CSI,中证指数有限公司,行业指数,20141114,20170623,CSI
930977.CSI,港股通信息CCNY,CSI,中证指数有限公司,行业指数,20141114,20170623,CSI
930978.CSI,港股通通信CCNY,CSI,中证指数有限公司,行业指数,20141114,20170623,CSI
930979.CSI,港股通公用CCNY,CSI,中证指数有限公司,行业指数,20141114,20170623,CSI
930980.CSI,港股通海外50CNY,CSI,中证指数有限公司,主题指数,20141114,20170623,CSI
930981.CSI,东北指数,CSI,中证指数有限公司,主题指数,20131231,20170614,CSI
930983.CSI,MG200,CSI,中证指数有限公司,主题指数,20071231,20170615,CSI
930984.CSI,MG新经济,CSI,中证指数有限公司,主题指数,20071228,20170615,CSI
930985.CSI,500LBLV,CSI,中证指数有限公司,策略指数,20041231,20170622,CSI
930986.CSI,金融科技,CSI,中证指数有限公司,主题指数,20140630,20170622,CSI
930987.CSI,安徽发展,CSI,中证指数有限公司,主题指数,20131231,20190320,CSI
930988.CSI,粮食CFI,CSI,中证指数有限公司,期货指数,20090331,20170629,CSI
930989.CSI,油脂CFI,CSI,中证指数有限公司,期货指数,20090331,20170629,CSI
930992.CSI,沪港深红利低波,CSI,中证指数有限公司,策略指数,20141114,20170628,CSI
930993.CSI,沪港深红利低波HKD,CSI,中证指数有限公司,策略指数,20141114,20170628,CSI
930994.CSI,工银股混,CSI,中证指数有限公司,基金指数,20141231,20170712,CSI
930995.CSI,工银配置,CSI,中证指数有限公司,多资产指数,20141231,20170712,CSI
930996.CSI,5年久期政金债,CSI,中证指数有限公司,债券指数,20071231,20170720,CSI
930997.CSI,新能源车,CSI,中证指数有限公司,主题指数,20141231,20170719,CSI
930998.CSI,港股通大湾区,CSI,中证指数有限公司,主题指数,20161230,20170719,CSI
930999.CSI,SHS大湾区,CSI,中证指数有限公司,主题指数,20161230,20170719,CSI
931000.CSI,大湾区,CSI,中证指数有限公司,主题指数,20161230,20170719,CSI
931001.CSI,港股通大湾区CNY,CSI,中证指数有限公司,主题指数,20161230,20170719,CSI
931002.CSI,SHS大湾区HKD,CSI,中证指数有限公司,主题指数,20161230,20170719,CSI
931004.CSI,女性消费,CSI,中证指数有限公司,主题指数,20091231,20170721,CSI
931005.CSI,母婴消费,CSI,中证指数有限公司,主题指数,20091231,20170721,CSI
931006.CSI,老年消费,CSI,中证指数有限公司,主题指数,20091231,20170721,CSI
931008.CSI,汽车指数,CSI,中证指数有限公司,主题指数,20041231,20130715,CSI
931009.CSI,建筑材料,CSI,中证指数有限公司,主题指数,20041231,20130715,CSI
931010.CSI,1-3年国开债,CSI,中证指数有限公司,债券指数,20071231,20170828,CSI
931011.CSI,医药创新,CSI,中证指数有限公司,主题指数,20121231,20170831,CSI
931013.CSI,消费低波,CSI,中证指数有限公司,策略指数,20041231,20171018,CSI
931014.CSI,成长低波,CSI,中证指数有限公司,策略指数,20041231,20171018,CSI
931016.CSI,中证5年国债活跃券,CSI,中证指数有限公司,债券指数,20111231,20171025,CSI
931017.CSI,中证10年国债活跃券,CSI,中证指数有限公司,债券指数,20111231,20171025,CSI
931018.CSI,中证5-10年国债活跃券,CSI,中证指数有限公司,债券指数,20111231,20171025,CSI
931019.CSI,香港汽车,CSI,中证指数有限公司,主题指数,20161230,20220721,CSI
931019CNY100.CSI,香港汽车人民币中间价,CSI,中证指数有限公司,主题指数,20161230,20220721,CSI
931019CNY110.CSI,香港汽车人民币中间价(全),CSI,中证指数有限公司,主题指数,20161230,20220721,CSI
931019CNY200.CSI,香港汽车CNY,CSI,中证指数有限公司,主题指数,20161230,20220721,CSI
931019CNY210.CSI,香港汽车(全)CNY,CSI,中证指数有限公司,主题指数,20161230,20220721,CSI
931019HKD210.CSI,香港汽车(全),CSI,中证指数有限公司,主题指数,20161230,20220721,CSI
931020.CSI,装配建筑,CSI,中证指数有限公司,主题指数,20151231,20171017,CSI
931021.CSI,家电龙头,CSI,中证指数有限公司,主题指数,20041231,20171017,CSI
931022.CSI,大气治理,CSI,中证指数有限公司,主题指数,20111231,20171017,CSI
931023.CSI,北京50,CSI,中证指数有限公司,主题指数,20121231,20171030,CSI
931024.CSI,港股通非银,CSI,中证指数有限公司,主题指数,20141114,20171106,CSI
931025.CSI,港股通地产,CSI,中证指数有限公司,主题指数,20141114,20171106,CSI
931026.CSI,港股通TMT,CSI,中证指数有限公司,主题指数,20141114,20171106,CSI
931027.CSI,港股通大消费,CSI,中证指数有限公司,主题指数,20141114,20171106,CSI
931028.CSI,港股通非银CNY,CSI,中证指数有限公司,主题指数,20141114,20171106,CSI
931029.CSI,港股通地产CNY,CSI,中证指数有限公司,主题指数,20141114,20171106,CSI
931030.CSI,港股通TMTCNY,CSI,中证指数有限公司,主题指数,20141114,20171106,CSI
931031.CSI,港股通大消费CNY,CSI,中证指数有限公司,主题指数,20141114,20171106,CSI
931032.CSI,复兴100,CSI,中证指数有限公司,主题指数,20121231,20171106,CSI
931033.CSI,杭州湾区,CSI,中证指数有限公司,主题指数,20091231,20171108,CSI
931034.CSI,南方2025,CSI,中证指数有限公司,多资产指数,20051230,20180118,CSI
931035.CSI,南方2035,CSI,中证指数有限公司,多资产指数,20051230,20180118,CSI
931036.CSI,南方2045,CSI,中证指数有限公司,多资产指数,20051230,20180118,CSI
931037.CSI,绿色领先,CSI,中证指数有限公司,主题指数,20150630,20180104,CSI
931038.CSI,A100AH,CSI,中证指数有限公司,策略指数,20051230,20171206,CSI
931039.CSI,银行AH,CSI,中证指数有限公司,策略指数,20041231,20171206,CSI
931040.CSI,证券AH,CSI,中证指数有限公司,策略指数,20070630,20171206,CSI
931041.CSI,证保AH,CSI,中证指数有限公司,策略指数,20041231,20171206,CSI
931042.CSI,能源AH,CSI,中证指数有限公司,策略指数,20041231,20171206,CSI
931043.CSI,央企AH,CSI,中证指数有限公司,策略指数,20081231,20171206,CSI
931044.CSI,国企AH,CSI,中证指数有限公司,策略指数,20090630,20171206,CSI
931045.CSI,A100AHHKD,CSI,中证指数有限公司,策略指数,20051230,20171206,CSI
931046.CSI,银行AHHKD,CSI,中证指数有限公司,策略指数,20041231,20171206,CSI
931047.CSI,证券AHHKD,CSI,中证指数有限公司,策略指数,20070630,20171206,CSI
931048.CSI,证保AHHKD,CSI,中证指数有限公司,策略指数,20041231,20171206,CSI
931049.CSI,能源AHHKD,CSI,中证指数有限公司,策略指数,20041231,20171206,CSI
931050.CSI,央企AHHKD,CSI,中证指数有限公司,策略指数,20081231,20171206,CSI
931051.CSI,国企AHHKD,CSI,中证指数有限公司,策略指数,20090630,20171206,CSI
931052.CSI,国信价值,CSI,中证指数有限公司,策略指数,20070629,20171208,CSI
931053.CSI,高股息策略,CSI,中证指数有限公司,策略指数,20081231,20171211,CSI
931054.CSI,财务稳健,CSI,中证指数有限公司,策略指数,20050630,20171211,CSI
931055.CSI,稳健低波,CSI,中证指数有限公司,策略指数,20041231,20171211,CSI
931057.CSI,股权激励,CSI,中证指数有限公司,主题指数,20111231,20180104,CSI
931058.CSI,竞争优势,CSI,中证指数有限公司,主题指数,20121231,20180104,CSI
931059.CSI,同业存单AAA,CSI,中证指数有限公司,债券指数,20141231,20180111,CSI
931059CNY030.CSI,同业存单AAA(全),CSI,中证指数有限公司,债券指数,20141231,20260105,CSI
931060.CSI,高等级同业存单,CSI,中证指数有限公司,债券指数,20141231,20180111,CSI
931061.CSI,时钟配置,CSI,中证指数有限公司,多资产指数,20051230,20180122,CSI
931062.CSI,质量低波,CSI,中证指数有限公司,策略指数,20050630,20180122,CSI
931063.CSI,创始经营,CSI,中证指数有限公司,主题指数,20161231,20180122,CSI
931065.CSI,财通浙30,CSI,中证指数有限公司,主题指数,20141231,20181204,CSI
931066.CSI,军工龙头,CSI,中证指数有限公司,主题指数,20121231,20180205,CSI
931067.CSI,绩优策略,CSI,中证指数有限公司,策略指数,20050630,20180214,CSI
931068.CSI,消费龙头,CSI,中证指数有限公司,主题指数,20041231,20181121,CSI
931069.CSI,中金300,CSI,中证指数有限公司,策略指数,20081231,20180214,CSI
931070.CSI,中金100,CSI,中证指数有限公司,策略指数,20081231,20180214,CSI
931071.CSI,人工智能,CSI,中证指数有限公司,主题指数,20141231,20181121,CSI
931072.CSI,全球中国互联网HKD,CSI,中证指数有限公司,主题指数,20131231,20180326,CSI
931073.CSI,CSIHK1,CSI,中证指数有限公司,策略指数,20041231,20180427,CSI
931074.CSI,CSIHK2,CSI,中证指数有限公司,策略指数,20041231,20180427,CSI
931075.CSI,CSIHK3,CSI,中证指数有限公司,策略指数,20041231,20180427,CSI
931076.CSI,CSIHK4,CSI,中证指数有限公司,策略指数,20041231,20180427,CSI
931077.CSI,CSIHK5,CSI,中证指数有限公司,策略指数,20041231,20180427,CSI
931078.CSI,中证转债及可交换债,CSI,中证指数有限公司,债券指数,20021231,20190122,CSI
931078CNY030.CSI,中证转债及可交换债(全),CSI,中证指数有限公司,债券指数,20021231,20260105,CSI
931079.CSI,5G通信,CSI,中证指数有限公司、上海证券交易所,主题指数,20151231,20190425,CSI
931079CNY020.CSI,5G通信净收益,CSI,中证指数有限公司、上海证券交易所,主题指数,20151231,20231207,CSI
931080.CSI,30年国债,CSI,中证指数有限公司,债券指数,20101231,20231219,CSI
931080CNY040.CSI,30年国债(净),CSI,中证指数有限公司,债券指数,20101231,20231219,CSI
931080CNY050.CSI,30年国债(利),CSI,中证指数有限公司,债券指数,20101231,20231219,CSI
931082.CSI,A500现金流,CSI,中证指数有限公司,策略指数,20131231,20250716,CSI
931082CNY010.CSI,A500现金流全收益,CSI,中证指数有限公司,策略指数,20131231,20250716,CSI
931082CNY020.CSI,A500现金流净收益,CSI,中证指数有限公司,策略指数,20131231,20250716,CSI
931083.CSI,全球电子游戏,CSI,中证指数有限公司,主题指数,20121231,20180507,CSI
931084.CSI,全球电子游戏HKD,CSI,中证指数有限公司,主题指数,20121231,20180507,CSI
931085.CSI,全球电子游戏USD,CSI,中证指数有限公司,主题指数,20121231,20180507,CSI
931086.CSI,MG新经济AUD,CSI,中证指数有限公司,主题指数,20071228,20180530,CSI
931087.CSI,科技龙头,CSI,中证指数有限公司,主题指数,20120629,20190320,CSI
931088.CSI,180ESG,CSI,中证指数有限公司,主题指数,20151231,20181210,CSI
931088CNY01.CSI,180ESG全收益,CSI,中证指数有限公司,主题指数,20151231,20181210,CSI
931090.CSI,海外中国能源,CSI,中证指数有限公司,行业指数,20141114,20180814,CSI
931091.CSI,海外中国材料,CSI,中证指数有限公司,行业指数,20141114,20180814,CSI
931092.CSI,海外中国工业,CSI,中证指数有限公司,行业指数,20141114,20180814,CSI
931093.CSI,海外中国可选,CSI,中证指数有限公司,行业指数,20141114,20180814,CSI
931094.CSI,海外中国消费,CSI,中证指数有限公司,行业指数,20141114,20180814,CSI
931096.CSI,海外中国金融,CSI,中证指数有限公司,行业指数,20141114,20180814,CSI
931097.CSI,海外中国信息,CSI,中证指数有限公司,行业指数,20141114,20180814,CSI
931098.CSI,海外中国通信,CSI,中证指数有限公司,行业指数,20141114,20180814,CSI
931099.CSI,海外中国公用,CSI,中证指数有限公司,行业指数,20141114,20180814,CSI
931100.CSI,海外中国能源HKD,CSI,中证指数有限公司,行业指数,20141114,20180814,CSI
931101.CSI,海外中国材料HKD,CSI,中证指数有限公司,行业指数,20141114,20180814,CSI
931102.CSI,海外中国工业HKD,CSI,中证指数有限公司,行业指数,20141114,20180814,CSI
931103.CSI,海外中国可选HKD,CSI,中证指数有限公司,行业指数,20141114,20180814,CSI
931104.CSI,海外中国消费HKD,CSI,中证指数有限公司,行业指数,20141114,20180814,CSI
931106.CSI,海外中国金融HKD,CSI,中证指数有限公司,行业指数,20141114,20180814,CSI
931107.CSI,海外中国信息HKD,CSI,中证指数有限公司,行业指数,20141114,20180814,CSI
931108.CSI,海外中国通信HKD,CSI,中证指数有限公司,行业指数,20141114,20180814,CSI
931109.CSI,海外中国公用HKD,CSI,中证指数有限公司,行业指数,20141114,20180814,CSI
931110.CSI,海外中国能源USD,CSI,中证指数有限公司,行业指数,20141114,20180814,CSI
931111.CSI,海外中国材料USD,CSI,中证指数有限公司,行业指数,20141114,20180814,CSI
931112.CSI,海外中国工业USD,CSI,中证指数有限公司,行业指数,20141114,20180814,CSI
931113.CSI,海外中国可选USD,CSI,中证指数有限公司,行业指数,20141114,20180814,CSI
931114.CSI,海外中国消费USD,CSI,中证指数有限公司,行业指数,20141114,20180814,CSI
931115.CSI,海外中国医药(美元),CSI,中证指数有限公司,主题指数,20141114,20180814,CSI
931116.CSI,海外中国金融USD,CSI,中证指数有限公司,行业指数,20141114,20180814,CSI
931117.CSI,海外中国信息USD,CSI,中证指数有限公司,行业指数,20141114,20180814,CSI
931118.CSI,海外中国通信USD,CSI,中证指数有限公司,行业指数,20141114,20180814,CSI
931119.CSI,海外中国公用USD,CSI,中证指数有限公司,行业指数,20141114,20180814,CSI
931120.CSI,中国互联网1040,CSI,中证指数有限公司,主题指数,20070629,20180928,CSI
931121.CSI,中国互联网1040USD,CSI,中证指数有限公司,主题指数,20070629,20180928,CSI
931122.CSI,中国互联网1040EUR,CSI,中证指数有限公司,主题指数,20070629,20180928,CSI
931123.CSI,蓝天环境改善(人民币),CSI,中证指数有限公司,主题指数,20161231,20181121,CSI
931124.CSI,蓝天环境改善(港元),CSI,中证指数有限公司,主题指数,20161231,20181121,CSI
931125.CSI,蓝天环境改善(美元),CSI,中证指数有限公司,主题指数,20161231,20181121,CSI
931126.CSI,蓝天环境改善(欧元),CSI,中证指数有限公司,主题指数,20161231,20181121,CSI
931127.CSI,浙江新动能,CSI,中证指数有限公司,主题指数,20081231,20190122,CSI
931128.CSI,浙江新动能USD,CSI,中证指数有限公司,主题指数,20081231,20190122,CSI
931129.CSI,盈利估值,CSI,中证指数有限公司,策略指数,20090630,20181204,CSI
931130.CSI,红利成长低波,CSI,中证指数有限公司,策略指数,20051230,20181204,CSI
931131.CSI,乡村振兴,CSI,中证指数有限公司,主题指数,20161230,20170614,CSI
931131CNY01.CSI,乡村振兴全收益,CSI,中证指数有限公司,主题指数,20161230,20170614,CSI
931132.CSI,诚通央企红利,CSI,中证指数有限公司,策略指数,20161230,20230504,CSI
931132CNY01.CSI,诚通央企红利全收益,CSI,中证指数有限公司,策略指数,20161230,20230504,CSI
931132CNY02.CSI,诚通央企红利净收益,CSI,中证指数有限公司,策略指数,20161230,20230504,CSI
931133.CSI,经济蓝筹,CSI,中证指数有限公司,策略指数,20041231,20190320,CSI
931134.CSI,AH经济蓝筹,CSI,中证指数有限公司,策略指数,20041231,20190320,CSI
931135.CSI,AH经济蓝筹HKD,CSI,中证指数有限公司,策略指数,20041231,20190320,CSI
931136.CSI,深圳科技,CSI,中证指数有限公司,主题指数,20141114,20190122,CSI
931137.CSI,深圳科技HKD,CSI,中证指数有限公司,主题指数,20141114,20190122,CSI
931138.CSI,高息低波,CSI,中证指数有限公司,策略指数,20041231,20181204,CSI
931139.CSI,CS消费50,CSI,中证指数有限公司,主题指数,20041231,20190320,CSI
931140.CSI,医药50,CSI,中证指数有限公司,主题指数,20041231,20190320,CSI
931141.CSI,CS长三角,CSI,中证指数有限公司,主题指数,20121231,20190320,CSI
931142.CSI,东证竞争,CSI,中证指数有限公司,策略指数,20091231,20190320,CSI
931143.CSI,CS红利配置,CSI,中证指数有限公司、上海证券交易所,多资产指数,20131231,20190422,CSI
931144.CSI,通信技术,CSI,中证指数有限公司,主题指数,20151231,20190530,CSI
931145.CSI,中证绿色债,CSI,中证指数有限公司,债券指数,20161230,20190131,CSI
931146.CSI,交易所绿色债AAA,CSI,中证指数有限公司,债券指数,20161230,20190131,CSI
931147.CSI,交易所高等级绿色债,CSI,中证指数有限公司,债券指数,20161230,20190131,CSI
931148.CSI,ESG80,CSI,中证指数有限公司,主题指数,20110630,20190227,CSI
931149.CSI,环境质量,CSI,中证指数有限公司,策略指数,20120629,20190131,CSI
931150.CSI,绿色质量,CSI,中证指数有限公司,策略指数,20120629,20190131,CSI
931151.CSI,光伏产业,CSI,中证指数有限公司、上海证券交易所,主题指数,20121231,20190422,CSI
931152.CSI,CS创新药,CSI,中证指数有限公司、上海证券交易所,主题指数,20141231,20190422,CSI
931152USD200.CSI,CS创新药USD,CSI,中证指数有限公司、上海证券交易所,主题指数,20141231,20250620,CSI
931152USD210.CSI,CS创新药(全)USD,CSI,中证指数有限公司、上海证券交易所,主题指数,20141231,20250620,CSI
931152USD220.CSI,CS创新药(净)USD,CSI,中证指数有限公司、上海证券交易所,主题指数,20141231,20250620,CSI
931153.CSI,FOF基金,CSI,中证指数有限公司,基金指数,20180222,20190524,CSI
931154.CSI,能源CFI,CSI,中证指数有限公司,期货指数,20120330,20190827,CSI
931155.CSI,300质量成长,CSI,中证指数有限公司、上海证券交易所,策略指数,20041231,20190422,CSI
931156.CSI,800质量成长,CSI,中证指数有限公司、上海证券交易所,策略指数,20041231,20190422,CSI
931157.CSI,SHS红利成长LV,CSI,中证指数有限公司、上海证券交易所,策略指数,20141114,20190425,CSI
931158.CSI,SHS红利成长LVHKD,CSI,中证指数有限公司、上海证券交易所,策略指数,20141114,20190425,CSI
931159.CSI,创新100,CSI,中证指数有限公司,主题指数,20140630,20190516,CSI
931160.CSI,通信设备,CSI,中证指数有限公司,主题指数,20041231,20130715,CSI
931161.CSI,0-4年地债,CSI,中证指数有限公司、上海证券交易所,债券指数,20131231,20190425,CSI
931162.CSI,中证转债及可交换债50,CSI,中证指数有限公司、上海证券交易所,债券指数,20021231,20190425,CSI
931162CNY030.CSI,中证转债及可交换债50(全),CSI,中证指数有限公司、上海证券交易所,债券指数,20021231,20260105,CSI
931163.CSI,浙江100,CSI,中证指数有限公司、上海证券交易所,主题指数,20121231,20190425,CSI
931165.CSI,新兴科技100,CSI,中证指数有限公司、上海证券交易所,策略指数,20081231,20190425,CSI
931166.CSI,医药健康100,CSI,中证指数有限公司、上海证券交易所,策略指数,20081231,20190425,CSI
931167.CSI,先进制造100,CSI,中证指数有限公司、上海证券交易所,策略指数,20081231,20190425,CSI
931168.CSI,绿色价值100,CSI,中证指数有限公司、上海证券交易所,主题指数,20160630,20190627,CSI
931169.CSI,证券30,CSI,中证指数有限公司,主题指数,20131231,20190530,CSI
931170.CSI,民企龙头,CSI,中证指数有限公司、上海证券交易所,主题指数,20120629,20190425,CSI
931171.CSI,长三角指,CSI,中证指数有限公司,主题指数,20121231,20190610,CSI
931172.CSI,信用主体50,CSI,中证指数有限公司,债券指数,20121231,20190530,CSI
931173.CSI,中证消费与供应链金融ABS,CSI,中证指数有限公司,债券指数,20151231,20190610,CSI
931174.CSI,0-3年央企25,CSI,中证指数有限公司,债券指数,20131231,20190530,CSI
931175.CSI,银行50金融债,CSI,中证指数有限公司,债券指数,20131231,20190530,CSI
931176.CSI,台州综指,CSI,中证指数有限公司,主题指数,20101231,20190530,CSI
931177.CSI,全球台州综指,CSI,中证指数有限公司,主题指数,20101231,20190530,CSI
931178.CSI,全球台州综指(美元),CSI,中证指数有限公司,主题指数,20101231,20190530,CSI
931179.CSI,台州制造30,CSI,中证指数有限公司,主题指数,20101231,20190530,CSI
931180.CSI,易方达2030,CSI,中证指数有限公司,多资产指数,20111230,20190524,CSI
931181.CSI,易方达2040,CSI,中证指数有限公司,多资产指数,20111230,20190524,CSI
931182.CSI,易方达2050,CSI,中证指数有限公司,多资产指数,20111230,20190524,CSI
931183.CSI,易方达2060,CSI,中证指数有限公司,多资产指数,20111230,20190524,CSI
931184.CSI,易方达中低,CSI,中证指数有限公司,多资产指数,20111230,20190524,CSI
931185.CSI,易方达中等,CSI,中证指数有限公司,多资产指数,20111230,20190524,CSI
931186.CSI,中证科技,CSI,中证指数有限公司,主题指数,20121231,20190530,CSI
931187.CSI,科技100,CSI,中证指数有限公司,主题指数,20140613,20190530,CSI
931188.CSI,300欧元对冲,CSI,中证指数有限公司,策略指数,20101231,20191115,CSI
931189.CSI,信用债AAA,CSI,中证指数有限公司、上海证券交易所,债券指数,20071231,20190627,CSI
931190.CSI,信用债AA+,CSI,中证指数有限公司、上海证券交易所,债券指数,20071231,20190627,CSI
931191.CSI,信用债AA,CSI,中证指数有限公司、上海证券交易所,债券指数,20071231,20190627,CSI
931192.CSI,信用债0-1,CSI,中证指数有限公司、上海证券交易所,债券指数,20071231,20190627,CSI
931193.CSI,信用债1-3,CSI,中证指数有限公司、上海证券交易所,债券指数,20071231,20190627,CSI
931194.CSI,信用债3-5,CSI,中证指数有限公司、上海证券交易所,债券指数,20071231,20190627,CSI
931195.CSI,信用债5-7,CSI,中证指数有限公司、上海证券交易所,债券指数,20071231,20190627,CSI
931196.CSI,信用债7-10,CSI,中证指数有限公司、上海证券交易所,债券指数,20071231,20190627,CSI
931197.CSI,信用债1-5,CSI,中证指数有限公司、上海证券交易所,债券指数,20071231,20190627,CSI
931198.CSI,信用债中高等级,CSI,中证指数有限公司、上海证券交易所,债券指数,20071231,20190627,CSI
931199.CSI,信用债0-1中高等级,CSI,中证指数有限公司、上海证券交易所,债券指数,20071231,20190627,CSI
931200.CSI,信用债1-3中高等级,CSI,中证指数有限公司、上海证券交易所,债券指数,20071231,20190627,CSI
931201.CSI,信用债3-5中高等级,CSI,中证指数有限公司、上海证券交易所,债券指数,20071231,20190627,CSI
931202.CSI,信用债5-7中高等级,CSI,中证指数有限公司、上海证券交易所,债券指数,20071231,20190627,CSI
931203.CSI,信用债7-10中高等级,CSI,中证指数有限公司、上海证券交易所,债券指数,20071231,20190627,CSI
931204.CSI,信用债1-5中高等级,CSI,中证指数有限公司、上海证券交易所,债券指数,20071231,20190627,CSI
931205.CSI,信用债0-1AAA,CSI,中证指数有限公司、上海证券交易所,债券指数,20071231,20190627,CSI
931206.CSI,信用债1-3AAA,CSI,中证指数有限公司、上海证券交易所,债券指数,20071231,20190627,CSI
931207.CSI,信用债3-5AAA,CSI,中证指数有限公司、上海证券交易所,债券指数,20071231,20190627,CSI
931208.CSI,信用债5-7AAA,CSI,中证指数有限公司、上海证券交易所,债券指数,20071231,20190627,CSI
931209.CSI,信用债7-10AAA,CSI,中证指数有限公司、上海证券交易所,债券指数,20071231,20190627,CSI
931210.CSI,信用债1-5AAA,CSI,中证指数有限公司、上海证券交易所,债券指数,20071231,20190627,CSI
931211.CSI,信用债0-1AA+,CSI,中证指数有限公司、上海证券交易所,债券指数,20071231,20190627,CSI
931212.CSI,信用债1-3AA+,CSI,中证指数有限公司、上海证券交易所,债券指数,20091231,20190627,CSI
931213.CSI,信用债3-5AA+,CSI,中证指数有限公司、上海证券交易所,债券指数,20081231,20190627,CSI
931214.CSI,信用债5-7AA+,CSI,中证指数有限公司、上海证券交易所,债券指数,20071231,20190627,CSI
931215.CSI,信用债7-10AA+,CSI,中证指数有限公司、上海证券交易所,债券指数,20071231,20190627,CSI
931216.CSI,信用债1-5AA+,CSI,中证指数有限公司、上海证券交易所,债券指数,20081231,20190627,CSI
931217.CSI,信用债0-1AA,CSI,中证指数有限公司、上海证券交易所,债券指数,20071231,20190627,CSI
931218.CSI,信用债1-3AA,CSI,中证指数有限公司、上海证券交易所,债券指数,20081231,20190627,CSI
931219.CSI,信用债3-5AA,CSI,中证指数有限公司、上海证券交易所,债券指数,20081231,20190627,CSI
931220.CSI,信用债5-7AA,CSI,中证指数有限公司、上海证券交易所,债券指数,20071231,20190627,CSI
931221.CSI,信用债7-10AA,CSI,中证指数有限公司、上海证券交易所,债券指数,20081231,20190627,CSI
931222.CSI,信用债1-5AA,CSI,中证指数有限公司、上海证券交易所,债券指数,20081231,20190627,CSI
931223.CSI,智选央企质量信用债,CSI,中证指数有限公司,债券指数,20181231,20231025,CSI
931223CNY040.CSI,智选央企质量信用债(净),CSI,中证指数有限公司,债券指数,20181231,20231025,CSI
931223CNY050.CSI,智选央企质量信用债(利),CSI,中证指数有限公司,债券指数,20181231,20231025,CSI
931223CNY060.CSI,智选央企质量信用债(税),CSI,中证指数有限公司,债券指数,20181231,20231025,CSI
931224.CSI,港股通休闲消费,CSI,中证指数有限公司,主题指数,20161230,20170623,CSI
931224CNY100.CSI,港股通休闲消费人民币中间价,CSI,中证指数有限公司,主题指数,20161230,20170623,CSI
931224CNY110.CSI,港股通休闲消费人民币中间价(全),CSI,中证指数有限公司,主题指数,20161230,20170623,CSI
931224CNY200.CSI,港股通休闲消费CNY,CSI,中证指数有限公司,主题指数,20161230,20170623,CSI
931224CNY210.CSI,港股通休闲消费(全)CNY,CSI,中证指数有限公司,主题指数,20161230,20170623,CSI
931224HKD210.CSI,港股通休闲消费(全),CSI,中证指数有限公司,主题指数,20161230,20170623,CSI
931225.CSI,农银乡村振兴,CSI,中证指数有限公司,主题指数,20161230,20230619,CSI
931225CNY01.CSI,农银乡村振兴全收益,CSI,中证指数有限公司,主题指数,20161230,20230619,CSI
931226.CSI,1000质量成长,CSI,中证指数有限公司,策略指数,20111230,20230719,CSI
931226CNY010.CSI,1000质量成长全收益,CSI,中证指数有限公司,策略指数,20111230,20230719,CSI
931226CNY020.CSI,1000质量成长净收益,CSI,中证指数有限公司,策略指数,20111230,20230719,CSI
931227.CSI,国泰海通ESG股债联动,CSI,中证指数有限公司,多资产指数,20171229,20230322,CSI
931228.CSI,亚洲新兴市场科技,CSI,中证指数有限公司,主题指数,20121231,20240102,CSI
931229.CSI,中证氢能,CSI,中证指数有限公司,主题指数,20190628,20230403,CSI
931229CNY01.CSI,中证氢能全收益,CSI,中证指数有限公司,主题指数,20190628,20230403,CSI
931230.CSI,汽车零部件,CSI,中证指数有限公司,主题指数,20161230,20130715,CSI
931230CNY010.CSI,汽车零部件全收益,CSI,中证指数有限公司,主题指数,20161230,20130715,CSI
931231.CSI,央企红利50,CSI,中证指数有限公司,策略指数,20161230,20230504,CSI
931231CNY01.CSI,央企红利50全收益,CSI,中证指数有限公司,策略指数,20161230,20230504,CSI
931231CNY02.CSI,央企红利50净收益,CSI,中证指数有限公司,策略指数,20161230,20230504,CSI
931232.CSI,朝阳100,CSI,中证指数有限公司,策略指数,20120131,20230808,CSI
931232CNY010.CSI,朝阳100全收益,CSI,中证指数有限公司,策略指数,20120131,20230808,CSI
931232CNY020.CSI,朝阳100净收益,CSI,中证指数有限公司,策略指数,20120131,20230808,CSI
931233.CSI,港股通央企红利,CSI,中证指数有限公司,策略指数,20141114,20170628,CSI
931233CNY100.CSI,港股通央企红利人民币中间价,CSI,中证指数有限公司,策略指数,20141114,20170628,CSI
931233CNY110.CSI,港股通央企红利人民币中间价(全),CSI,中证指数有限公司,策略指数,20141114,20170628,CSI
931233HKD210.CSI,港股通央企红利(全),CSI,中证指数有限公司,策略指数,20141114,20170628,CSI
931234.CSI,长三角示范区50,CSI,中证指数有限公司,主题指数,20191231,20230413,CSI
931234CNY01.CSI,长三角示范区50全收益,CSI,中证指数有限公司,主题指数,20191231,20230413,CSI
931235.CSI,中证电信,CSI,中证指数有限公司,主题指数,20181228,20220721,CSI
931235CNY01.CSI,中证电信全收益,CSI,中证指数有限公司,主题指数,20181228,20220721,CSI
931236.CSI,转债价值,CSI,中证指数有限公司,债券指数,20171229,20230403,CSI
931236CNY04.CSI,转债价值(净),CSI,中证指数有限公司,债券指数,20171229,20230403,CSI
931236CNY05.CSI,转债价值(利),CSI,中证指数有限公司,债券指数,20171229,20230403,CSI
931236CNY06.CSI,转债价值(税),CSI,中证指数有限公司,债券指数,20171229,20230403,CSI
931237.CSI,CS贵金属,CSI,中证指数有限公司,主题指数,20141231,20240112,CSI
931237CNY010.CSI,CS贵金属全收益,CSI,中证指数有限公司,主题指数,20141231,20240112,CSI
931237CNY020.CSI,CS贵金属净收益,CSI,中证指数有限公司,主题指数,20141231,20240112,CSI
931238.CSI,SSH黄金股票,CSI,中证指数有限公司,主题指数,20141231,20171017,CSI
931238CNY100.CSI,SSH黄金股票人民币中间价,CSI,中证指数有限公司,主题指数,20141231,20260202,CSI
931238CNY110.CSI,SSH黄金股票人民币中间价(全),CSI,中证指数有限公司,主题指数,20141231,20260202,CSI
931238CNY210.CSI,SSH黄金股票(全),CSI,中证指数有限公司,主题指数,20141231,20171017,CSI
931238HKD200.CSI,SSH黄金股票HKD,CSI,中证指数有限公司,主题指数,20141231,20171017,CSI
931238HKD210.CSI,SSH黄金股票(全)HKD,CSI,中证指数有限公司,主题指数,20141231,20171017,CSI
931238USD200.CSI,SSH黄金股票USD,CSI,中证指数有限公司,主题指数,20141231,20171017,CSI
931238USD210.CSI,SSH黄金股票(全)USD,CSI,中证指数有限公司,主题指数,20141231,20171017,CSI
931239.CSI,港股通汽车,CSI,中证指数有限公司,主题指数,20161230,20220721,CSI
931239CNY100.CSI,港股通汽车人民币中间价,CSI,中证指数有限公司,主题指数,20161230,20220721,CSI
931239CNY110.CSI,港股通汽车人民币中间价(全),CSI,中证指数有限公司,主题指数,20161230,20220721,CSI
931239CNY200.CSI,港股通汽车CNY,CSI,中证指数有限公司,主题指数,20161230,20220721,CSI
931239CNY210.CSI,港股通汽车(全)CNY,CSI,中证指数有限公司,主题指数,20161230,20220721,CSI
931239HKD210.CSI,港股通汽车(全),CSI,中证指数有限公司,主题指数,20161230,20220721,CSI
931240.CSI,金选偏股基金,CSI,中证指数有限公司,基金指数,20181228,20230628,CSI
931241.CSI,家居家电,CSI,中证指数有限公司,主题指数,20141231,20230323,CSI
931241CNY01.CSI,家居家电全收益,CSI,中证指数有限公司,主题指数,20141231,20230323,CSI
931242.CSI,央企ESG50,CSI,中证指数有限公司,主题指数,20170630,20230504,CSI
931242CNY01.CSI,央企ESG50全收益,CSI,中证指数有限公司,主题指数,20170630,20230504,CSI
931243.CSI,诚通央企ESG,CSI,中证指数有限公司,主题指数,20161230,20230504,CSI
931243CNY01.CSI,诚通央企ESG全收益,CSI,中证指数有限公司,主题指数,20161230,20230504,CSI
931244.CSI,信达央企质量50,CSI,中证指数有限公司,策略指数,20161230,20230801,CSI
931244CNY010.CSI,信达央企质量50全收益,CSI,中证指数有限公司,策略指数,20161230,20230801,CSI
931245.CSI,央企基建,CSI,中证指数有限公司,主题指数,20161230,20230504,CSI
931245CNY01.CSI,央企基建全收益,CSI,中证指数有限公司,主题指数,20161230,20230504,CSI
931246.CSI,商用飞机,CSI,中证指数有限公司,主题指数,20171229,20220721,CSI
931246CNY01.CSI,商用飞机全收益,CSI,中证指数有限公司,主题指数,20171229,20220721,CSI
931247.CSI,中证信创,CSI,中证指数有限公司,主题指数,20171229,20121221,CSI
931247CNY01.CSI,中证信创全收益,CSI,中证指数有限公司,主题指数,20171229,20121221,CSI
931248.CSI,油气资源,CSI,中证指数有限公司,主题指数,20141231,20230612,CSI
931248CNY010.CSI,油气资源全收益,CSI,中证指数有限公司,主题指数,20141231,20230612,CSI
931248CNY020.CSI,油气资源净收益,CSI,中证指数有限公司,主题指数,20141231,20230612,CSI
931249.CSI,沪深港内地100,CSI,中证指数有限公司,主题指数,20161230,20231120,CSI
931249CNY210.CSI,沪深港内地100(全),CSI,中证指数有限公司,主题指数,20161230,20231120,CSI
931249HKD200.CSI,沪深港内地100HKD,CSI,中证指数有限公司,主题指数,20161230,20231120,CSI
931249HKD210.CSI,沪深港内地100(全)HKD,CSI,中证指数有限公司,主题指数,20161230,20231120,CSI
931249USD200.CSI,沪深港内地100USD,CSI,中证指数有限公司,主题指数,20161230,20231120,CSI
931249USD210.CSI,沪深港内地100(全)USD,CSI,中证指数有限公司,主题指数,20161230,20231120,CSI
931250.CSI,港股通创新药,CSI,中证指数有限公司,主题指数,20171229,20120720,CSI
931250CNY100.CSI,港股通创新药人民币中间价,CSI,中证指数有限公司,主题指数,20171229,20120720,CSI
931250CNY110.CSI,港股通创新药人民币中间价(全),CSI,中证指数有限公司,主题指数,20171229,20120720,CSI
931250HKD210.CSI,港股通创新药(全),CSI,中证指数有限公司,主题指数,20171229,20120720,CSI
931251.CSI,国新央企ESG成长100,CSI,中证指数有限公司,策略指数,20180629,20230508,CSI
931251CNY01.CSI,国新央企ESG成长100全收益,CSI,中证指数有限公司,策略指数,20180629,20230508,CSI
931252.CSI,汽车电子产业,CSI,中证指数有限公司,主题指数,20181228,20220107,CSI
931252CNY010.CSI,汽车电子产业全收益,CSI,中证指数有限公司,主题指数,20181228,20220107,CSI
931253.CSI,证券时报ESG百强,CSI,中证指数有限公司,主题指数,20191231,20230921,CSI
931253CNY010.CSI,证券时报ESG百强全收益,CSI,中证指数有限公司,主题指数,20191231,20230921,CSI
931254.CSI,央企高装,CSI,中证指数有限公司,主题指数,20161230,20230504,CSI
931254CNY01.CSI,央企高装全收益,CSI,中证指数有限公司,主题指数,20161230,20230504,CSI
931255.CSI,主动偏股优选等权基金,CSI,中证指数有限公司,基金指数,20071231,20231106,CSI
931257.CSI,SSH贵金属,CSI,中证指数有限公司,主题指数,20141231,20161107,CSI
931257CNY210.CSI,SSH贵金属(全),CSI,中证指数有限公司,主题指数,20141231,20161107,CSI
931257HKD200.CSI,SSH贵金属HKD,CSI,中证指数有限公司,主题指数,20141231,20161107,CSI
931257HKD210.CSI,SSH贵金属(全)HKD,CSI,中证指数有限公司,主题指数,20141231,20161107,CSI
931257USD200.CSI,SSH贵金属USD,CSI,中证指数有限公司,主题指数,20141231,20161107,CSI
931257USD210.CSI,SSH贵金属(全)USD,CSI,中证指数有限公司,主题指数,20141231,20161107,CSI
931258.CSI,东证价值,CSI,中证指数有限公司,策略指数,20091231,20240930,CSI
931258CNY010.CSI,东证价值全收益,CSI,中证指数有限公司,策略指数,20091231,20240930,CSI
931258CNY020.CSI,东证价值净收益,CSI,中证指数有限公司,策略指数,20091231,20240930,CSI
931259.CSI,转债成长策略,CSI,中证指数有限公司,债券指数,20181228,20230516,CSI
931259CNY04.CSI,转债成长策略(净),CSI,中证指数有限公司,债券指数,20181228,20230516,CSI
931259CNY05.CSI,转债成长策略(利),CSI,中证指数有限公司,债券指数,20181228,20230516,CSI
931259CNY06.CSI,转债成长策略(税),CSI,中证指数有限公司,债券指数,20181228,20230516,CSI
931260.CSI,互联互通A股投资,CSI,中证指数有限公司,主题指数,20170331,20191118,CSI
931261.CSI,全球电子竞技,CSI,中证指数有限公司,主题指数,20121231,20191125,CSI
931262.CSI,全球电子竞技HKD,CSI,中证指数有限公司,主题指数,20121231,20191125,CSI
931263.CSI,全球电子竞技USD,CSI,中证指数有限公司,主题指数,20121231,20191125,CSI
931265.CSI,民企300,CSI,中证指数有限公司,主题指数,20090630,20191115,CSI
931266.CSI,民企贡献,CSI,中证指数有限公司,主题指数,20131231,20191115,CSI
931267.CSI,民企领先,CSI,中证指数有限公司,主题指数,20121231,20191115,CSI
931268.CSI,持续发展,CSI,中证指数有限公司,主题指数,20140630,20191115,CSI
931269.CSI,港股通30,CSI,中证指数有限公司,规模指数,20141114,20231121,CSI
931269CNY200.CSI,港股通30CNY,CSI,中证指数有限公司,规模指数,20141114,20231121,CSI
931269CNY210.CSI,港股通30(全)CNY,CSI,中证指数有限公司,规模指数,20141114,20231121,CSI
931269HKD210.CSI,港股通30(全),CSI,中证指数有限公司,规模指数,20141114,20231121,CSI
931271.CSI,通信设备主题,CSI,中证指数有限公司,主题指数,20181228,20121221,CSI
931271CNY010.CSI,通信设备主题全收益,CSI,中证指数有限公司,主题指数,20181228,20121221,CSI
931272.CSI,华夏银行绿色经济,CSI,中证指数有限公司,多资产指数,20171229,20231120,CSI
931273.CSI,海南指数,CSI,中证指数有限公司,主题指数,20121231,20191018,CSI
931274.CSI,政金债0-1,CSI,中证指数有限公司,债券指数,20071231,20191118,CSI
931275.CSI,政金债1-5,CSI,中证指数有限公司,债券指数,20071231,20191118,CSI
931276.CSI,政金债5-10,CSI,中证指数有限公司,债券指数,20071231,20191118,CSI
931277.CSI,政金债10+,CSI,中证指数有限公司,债券指数,20071231,20191118,CSI
931278.CSI,政金债10-25,CSI,中证指数有限公司,债券指数,20071231,20191118,CSI
931279.CSI,国开债,CSI,中证指数有限公司,债券指数,20071231,20191118,CSI
931280.CSI,国开债0-1,CSI,中证指数有限公司,债券指数,20071231,20191118,CSI
931281.CSI,国开债1-5,CSI,中证指数有限公司,债券指数,20071231,20191118,CSI
931282.CSI,国开债3-5,CSI,中证指数有限公司,债券指数,20071231,20191118,CSI
931283.CSI,国开债5-7,CSI,中证指数有限公司,债券指数,20071231,20191118,CSI
931284.CSI,国开债5-10,CSI,中证指数有限公司,债券指数,20071231,20191118,CSI
931285.CSI,国开债10+,CSI,中证指数有限公司,债券指数,20071231,20191118,CSI
931286.CSI,国开债10-25,CSI,中证指数有限公司,债券指数,20071231,20191118,CSI
931287.CSI,农发债,CSI,中证指数有限公司,债券指数,20071231,20191118,CSI
931288.CSI,农发债0-1,CSI,中证指数有限公司,债券指数,20071231,20191118,CSI
931289.CSI,农发债1-3,CSI,中证指数有限公司,债券指数,20071231,20191118,CSI
931290.CSI,农发债1-5,CSI,中证指数有限公司,债券指数,20071231,20191118,CSI
931291.CSI,农发债3-5,CSI,中证指数有限公司,债券指数,20071231,20191118,CSI
931292.CSI,农发债5-7,CSI,中证指数有限公司,债券指数,20071231,20191118,CSI
931293.CSI,农发债5-10,CSI,中证指数有限公司,债券指数,20071231,20191118,CSI
931294.CSI,农发债7-10,CSI,中证指数有限公司,债券指数,20071231,20191118,CSI
931295.CSI,进出口债,CSI,中证指数有限公司,债券指数,20071231,20191118,CSI
931296.CSI,进出口债0-1,CSI,中证指数有限公司,债券指数,20071231,20191118,CSI
931297.CSI,进出口债1-3,CSI,中证指数有限公司,债券指数,20071231,20191118,CSI
931298.CSI,进出口债1-5,CSI,中证指数有限公司,债券指数,20071231,20191118,CSI
931299.CSI,进出口债3-5,CSI,中证指数有限公司,债券指数,20071231,20191118,CSI
931300.CSI,进出口债5-7,CSI,中证指数有限公司,债券指数,20081231,20191118,CSI
931301.CSI,进出口债5-10,CSI,中证指数有限公司,债券指数,20081231,20191118,CSI
931302.CSI,进出口债7-10,CSI,中证指数有限公司,债券指数,20111231,20191118,CSI
931303.CSI,国债及政金债,CSI,中证指数有限公司,债券指数,20071231,20191118,CSI
931303CNY030.CSI,国债及政金债(全),CSI,中证指数有限公司,债券指数,20071231,20260626,CSI
931304.CSI,国债及政金债0-1,CSI,中证指数有限公司,债券指数,20071231,20191118,CSI
931304CNY030.CSI,国债及政金债0-1(全),CSI,中证指数有限公司,债券指数,20071231,20260626,CSI
931305.CSI,国债及政金债1-3,CSI,中证指数有限公司,债券指数,20071231,20191118,CSI
931305CNY030.CSI,国债及政金债1-3(全),CSI,中证指数有限公司,债券指数,20071231,20260626,CSI
931306.CSI,国债及政金债1-5,CSI,中证指数有限公司,债券指数,20071231,20191118,CSI
931306CNY030.CSI,国债及政金债1-5(全),CSI,中证指数有限公司,债券指数,20071231,20260626,CSI
931307.CSI,国债及政金债3-5,CSI,中证指数有限公司,债券指数,20071231,20191118,CSI
931307CNY030.CSI,国债及政金债3-5(全),CSI,中证指数有限公司,债券指数,20071231,20260626,CSI
931308.CSI,国债及政金债5-7,CSI,中证指数有限公司,债券指数,20071231,20191118,CSI
931308CNY030.CSI,国债及政金债5-7(全),CSI,中证指数有限公司,债券指数,20071231,20260626,CSI
931309.CSI,国债及政金债5-10,CSI,中证指数有限公司,债券指数,20071231,20191118,CSI
931309CNY030.CSI,国债及政金债5-10(全),CSI,中证指数有限公司,债券指数,20071231,20260626,CSI
931310.CSI,国债及政金债7-10,CSI,中证指数有限公司,债券指数,20071231,20191118,CSI
931310CNY030.CSI,国债及政金债7-10(全),CSI,中证指数有限公司,债券指数,20071231,20260626,CSI
931311.CSI,国债及政金债10+,CSI,中证指数有限公司,债券指数,20071231,20191118,CSI
931311CNY030.CSI,国债及政金债10+(全),CSI,中证指数有限公司,债券指数,20071231,20260626,CSI
931312.CSI,国债及政金债10-25,CSI,中证指数有限公司,债券指数,20071231,20191118,CSI
931312CNY030.CSI,国债及政金债10-25(全),CSI,中证指数有限公司,债券指数,20071231,20260626,CSI
931313.CSI,国债及政金债30,CSI,中证指数有限公司,债券指数,20071231,20191118,CSI
931313CNY030.CSI,国债及政金债30(全),CSI,中证指数有限公司,债券指数,20071231,20260626,CSI
931314.CSI,1-5年长三角地债,CSI,中证指数有限公司,债券指数,20131231,20191018,CSI
931315.CSI,1-5年江苏债,CSI,中证指数有限公司,债券指数,20141231,20191018,CSI
931316.CSI,1-5年山东债,CSI,中证指数有限公司,债券指数,20141231,20191018,CSI
931317.CSI,1-5年四川债,CSI,中证指数有限公司,债券指数,20151231,20191018,CSI
931318.CSI,1-5年湖南债,CSI,中证指数有限公司,债券指数,20151231,20191018,CSI
931319.CSI,1-5年贵州债,CSI,中证指数有限公司,债券指数,20151231,20191018,CSI
931320.CSI,1-5年河南债,CSI,中证指数有限公司,债券指数,20151231,20191018,CSI
931321.CSI,1-5年浙江债,CSI,中证指数有限公司,债券指数,20131231,20191018,CSI
931322.CSI,1-5年广东债,CSI,中证指数有限公司,债券指数,20131231,20191018,CSI
931323.CSI,1-5年河北债,CSI,中证指数有限公司,债券指数,20151231,20191018,CSI
931324.CSI,1-5年云南债,CSI,中证指数有限公司,债券指数,20151231,20191018,CSI
931325.CSI,1-3年长三角地债,CSI,中证指数有限公司,债券指数,20131231,20191018,CSI
931326.CSI,1-3年江苏债,CSI,中证指数有限公司,债券指数,20151231,20191018,CSI
931327.CSI,1-3年山东债,CSI,中证指数有限公司,债券指数,20151231,20191018,CSI
931328.CSI,1-3年四川债,CSI,中证指数有限公司,债券指数,20151231,20191018,CSI
931329.CSI,1-3年湖南债,CSI,中证指数有限公司,债券指数,20151231,20191018,CSI
931330.CSI,1-3年贵州债,CSI,中证指数有限公司,债券指数,20151231,20191018,CSI
931331.CSI,1-3年河南债,CSI,中证指数有限公司,债券指数,20151231,20191018,CSI
931332.CSI,1-3年浙江债,CSI,中证指数有限公司,债券指数,20131231,20191018,CSI
931333.CSI,1-3年广东债,CSI,中证指数有限公司,债券指数,20131231,20191018,CSI
931334.CSI,1-3年河北债,CSI,中证指数有限公司,债券指数,20151231,20191018,CSI
931335.CSI,1-3年云南债,CSI,中证指数有限公司,债券指数,20151231,20191018,CSI
931336.CSI,1-5年地债,CSI,中证指数有限公司,债券指数,20131231,20191018,CSI
931337.CSI,原油CFI,CSI,中证指数有限公司,期货指数,20180326,20190827,CSI
931338.CSI,原油CFI(USD),CSI,中证指数有限公司,期货指数,20180326,20190827,CSI
931339.CSI,原油CFI(TWD),CSI,中证指数有限公司,期货指数,20180326,20190827,CSI
931340.CSI,中证转债平衡策略,CSI,中证指数有限公司,债券指数,20161231,20191115,CSI
931341.CSI,大湾区高质发展,CSI,中证指数有限公司,主题指数,20141231,20191018,CSI
931342.CSI,大湾区高质发展HKD,CSI,中证指数有限公司,主题指数,20141231,20191018,CSI
931343.CSI,大湾区价值蓝筹,CSI,中证指数有限公司,主题指数,20141231,20191018,CSI
931344.CSI,大湾区价值蓝筹HKD,CSI,中证指数有限公司,主题指数,20141231,20191018,CSI
931345.CSI,大湾区红利低波,CSI,中证指数有限公司,策略指数,20141231,20191018,CSI
931346.CSI,大湾区红利低波HKD,CSI,中证指数有限公司,策略指数,20141231,20191018,CSI
931347.CSI,大湾区科技领先,CSI,中证指数有限公司,主题指数,20141231,20191018,CSI
931348.CSI,大湾区科技领先HKD,CSI,中证指数有限公司,主题指数,20141231,20191018,CSI
931349.CSI,大湾区先进制造,CSI,中证指数有限公司,主题指数,20141231,20191018,CSI
931350.CSI,大湾区先进制造HKD,CSI,中证指数有限公司,主题指数,20141231,20191018,CSI
931351.CSI,大湾区消费升级,CSI,中证指数有限公司,主题指数,20141231,20191018,CSI
931352.CSI,大湾区消费升级HKD,CSI,中证指数有限公司,主题指数,20141231,20191018,CSI
931353.CSI,CS科技,CSI,中证指数有限公司,主题指数,20081231,20191115,CSI
931354.CSI,CS消费,CSI,中证指数有限公司,主题指数,20081231,20191115,CSI
931355.CSI,CS周期,CSI,中证指数有限公司,主题指数,20081231,20191115,CSI
931356.CSI,民企创新,CSI,中证指数有限公司,主题指数,20091231,20191115,CSI
931357.CSI,优选消费50,CSI,中证指数有限公司,主题指数,20091231,20191115,CSI
931358.CSI,优选消费50HKD,CSI,中证指数有限公司,主题指数,20091231,20191115,CSI
931359.CSI,沪深300AUD(CNH),CSI,中证指数有限公司,规模指数,20041231,20190830,CSI
931360.CSI,铁路债券,CSI,中证指数有限公司,债券指数,20111231,20191018,CSI
931361.CSI,铁路债券0-1,CSI,中证指数有限公司,债券指数,20111231,20191018,CSI
931362.CSI,铁路债券1-3,CSI,中证指数有限公司,债券指数,20111231,20191018,CSI
931363.CSI,铁路债券1-5,CSI,中证指数有限公司,债券指数,20111231,20191018,CSI
931365.CSI,铁路债券3-5,CSI,中证指数有限公司,债券指数,20111231,20191018,CSI
931366.CSI,铁路债券5-7,CSI,中证指数有限公司,债券指数,20111231,20191018,CSI
931367.CSI,铁路债券5-10,CSI,中证指数有限公司,债券指数,20111231,20191018,CSI
931368.CSI,铁路债券7-10,CSI,中证指数有限公司,债券指数,20111231,20191018,CSI
931369.CSI,铁路债券10+,CSI,中证指数有限公司,债券指数,20111231,20191018,CSI
931370.CSI,交易所铁路债券,CSI,中证指数有限公司,债券指数,20111231,20191115,CSI
931371.CSI,品牌消费100,CSI,中证指数有限公司,策略指数,20081231,20191125,CSI
931372.CSI,浙江国资,CSI,中证指数有限公司,主题指数,20121231,20191209,CSI
931373.CSI,股息龙头,CSI,中证指数有限公司,策略指数,20131231,20191115,CSI
931374.CSI,交银理财长三角,CSI,中证指数有限公司、上海证券交易所,主题指数,20121231,20191022,CSI
931375.CSI,300质量低波,CSI,中证指数有限公司,策略指数,20041231,20191125,CSI
931376.CSI,泰康红利LV,CSI,中证指数有限公司,策略指数,20071231,20191128,CSI
931377.CSI,经济成长,CSI,中证指数有限公司、上海证券交易所,策略指数,20041231,20191226,CSI
931378.CSI,AH经济成长,CSI,中证指数有限公司、上海证券交易所,策略指数,20041231,20191226,CSI
931379.CSI,AH经济成长HKD,CSI,中证指数有限公司、上海证券交易所,策略指数,20041231,20191226,CSI
931380.CSI,科技50,CSI,中证指数有限公司,主题指数,20140630,20191125,CSI
931381.CSI,中证长三角,CSI,中证指数有限公司,主题指数,20121231,20191125,CSI
931382.CSI,智选300ESG领先,CSI,中证指数有限公司,主题指数,20151231,20191125,CSI
931383.CSI,CS医药50,CSI,中证指数有限公司、上海证券交易所,主题指数,20141231,20191226,CSI
931384.CSI,300美元对冲2,CSI,中证指数有限公司,策略指数,20101231,20191115,CSI
931385.CSI,500美元对冲2,CSI,中证指数有限公司,策略指数,20101231,20191115,CSI
931386.CSI,1000美元对冲2,CSI,中证指数有限公司,策略指数,20101231,20191115,CSI
931387.CSI,300瑞郎对冲,CSI,中证指数有限公司,策略指数,20101231,20191115,CSI
931388.CSI,智选AAA短期公司债,CSI,中证指数有限公司,债券指数,20151231,20191125,CSI
931389.CSI,300波控3,CSI,中证指数有限公司,多资产指数,20041231,20191115,CSI
931390.CSI,500波控3,CSI,中证指数有限公司,多资产指数,20041231,20191115,CSI
931391.CSI,红利波控3,CSI,中证指数有限公司,多资产指数,20051230,20191115,CSI
931392.CSI,转债50,CSI,中证指数有限公司、上海证券交易所,债券指数,20111230,20200114,CSI
931392CNY030.CSI,转债50(全),CSI,中证指数有限公司、上海证券交易所,债券指数,20111230,20260105,CSI
931393.CSI,湖北指数,CSI,中证指数有限公司,主题指数,20121231,20200204,CSI
931394.CSI,信息科技50,CSI,中证指数有限公司,策略指数,20141231,20200123,CSI
931395.CSI,沪港深300,CSI,中证指数有限公司、上海证券交易所,规模指数,20141114,20200114,CSI
931396.CSI,沪港深300HKD,CSI,中证指数有限公司、上海证券交易所,规模指数,20141114,20200114,CSI
931397.CSI,A股通50,CSI,中证指数有限公司,主题指数,20170331,20200220,CSI
931398.CSI,A股通100,CSI,中证指数有限公司,主题指数,20170331,20200220,CSI
931399.CSI,中信债股稳健,CSI,中证指数有限公司,多资产指数,20081231,20191125,CSI
931400.CSI,中信债股进取,CSI,中证指数有限公司,多资产指数,20081231,20191125,CSI
931401.CSI,香港30,CSI,中证指数有限公司,规模指数,20041231,20231121,CSI
931401CNY200.CSI,香港30CNY,CSI,中证指数有限公司,规模指数,20041231,20231121,CSI
931401CNY210.CSI,香港30(全)CNY,CSI,中证指数有限公司,规模指数,20041231,20231121,CSI
931401HKD210.CSI,香港30(全),CSI,中证指数有限公司,规模指数,20041231,20231121,CSI
931402.CSI,证券先锋,CSI,中证指数有限公司、上海证券交易所,策略指数,20131231,20200114,CSI
931403.CSI,品牌工程,CSI,中证指数有限公司、上海证券交易所,主题指数,20170825,20200114,CSI
931404.CSI,SHS品牌消费50,CSI,中证指数有限公司,主题指数,20091231,20200220,CSI
931405.CSI,SHS品牌消费50HKD,CSI,中证指数有限公司,主题指数,20091231,20200220,CSI
931406.CSI,5G50,CSI,中证指数有限公司,主题指数,20151231,20200220,CSI
931407.CSI,全球金矿,CSI,中证指数有限公司,主题指数,20141114,20200220,CSI
931408.CSI,全球金矿USD,CSI,中证指数有限公司,主题指数,20141114,20200220,CSI
931409.CSI,SHS创新药,CSI,中证指数有限公司,主题指数,20141231,20200220,CSI
931410.CSI,SHS创新药HKD,CSI,中证指数有限公司,主题指数,20141231,20200220,CSI
931411.CSI,中证华泰证券转债价值,CSI,中证指数有限公司,债券指数,20161231,20200220,CSI
931412.CSI,证券公司30,CSI,中证指数有限公司,主题指数,20131231,20200220,CSI
931413.CSI,全球金矿主题,CSI,中证指数有限公司,主题指数,20141231,20231101,CSI
931413CNY210.CSI,全球金矿主题(全),CSI,中证指数有限公司,主题指数,20141231,20231101,CSI
931413HKD200.CSI,全球金矿主题HKD,CSI,中证指数有限公司,主题指数,20141231,20231101,CSI
931413HKD210.CSI,全球金矿主题(全)HKD,CSI,中证指数有限公司,主题指数,20141231,20231101,CSI
931413USD200.CSI,全球金矿主题USD,CSI,中证指数有限公司,主题指数,20141231,20231101,CSI
931413USD210.CSI,全球金矿主题(全)USD,CSI,中证指数有限公司,主题指数,20141231,20231101,CSI
931414.CSI,长三角地债,CSI,中证指数有限公司,债券指数,20131231,20200313,CSI
931415.CSI,江苏债,CSI,中证指数有限公司,债券指数,20141231,20200313,CSI
931416.CSI,山东债,CSI,中证指数有限公司,债券指数,20141231,20200313,CSI
931417.CSI,四川债,CSI,中证指数有限公司,债券指数,20151231,20200313,CSI
931418.CSI,湖南债,CSI,中证指数有限公司,债券指数,20151231,20200313,CSI
931419.CSI,贵州债,CSI,中证指数有限公司,债券指数,20151231,20200313,CSI
931420.CSI,河南债,CSI,中证指数有限公司,债券指数,20151231,20200313,CSI
931421.CSI,浙江债,CSI,中证指数有限公司,债券指数,20131231,20200313,CSI
931422.CSI,广东债,CSI,中证指数有限公司,债券指数,20131231,20200313,CSI
931423.CSI,河北债,CSI,中证指数有限公司,债券指数,20151231,20200313,CSI
931424.CSI,云南债,CSI,中证指数有限公司,债券指数,20151231,20200313,CSI
931425.CSI,安徽债,CSI,中证指数有限公司,债券指数,20151231,20200313,CSI
931426.CSI,福建债,CSI,中证指数有限公司,债券指数,20151231,20200313,CSI
931427.CSI,湖北债,CSI,中证指数有限公司,债券指数,20151231,20200313,CSI
931428.CSI,辽宁债,CSI,中证指数有限公司,债券指数,20151231,20200313,CSI
931429.CSI,内蒙古债,CSI,中证指数有限公司,债券指数,20151231,20200313,CSI
931430.CSI,1-5年安徽债,CSI,中证指数有限公司,债券指数,20151231,20200313,CSI
931431.CSI,1-5年福建债,CSI,中证指数有限公司,债券指数,20151231,20200313,CSI
931432.CSI,1-5年湖北债,CSI,中证指数有限公司,债券指数,20151231,20200313,CSI
931433.CSI,1-5年辽宁债,CSI,中证指数有限公司,债券指数,20151231,20200313,CSI
931434.CSI,1-5年内蒙古债,CSI,中证指数有限公司,债券指数,20151231,20200313,CSI
931435.CSI,1-3年安徽债,CSI,中证指数有限公司,债券指数,20151231,20200313,CSI
931436.CSI,1-3年福建债,CSI,中证指数有限公司,债券指数,20151231,20200313,CSI
931437.CSI,1-3年湖北债,CSI,中证指数有限公司,债券指数,20151231,20200313,CSI
931438.CSI,1-3年辽宁债,CSI,中证指数有限公司,债券指数,20151231,20200313,CSI
931439.CSI,1-3年内蒙古债,CSI,中证指数有限公司,债券指数,20151231,20200313,CSI
931440.CSI,创新药30,CSI,中证指数有限公司、上海证券交易所,主题指数,20141231,20200421,CSI
931441.CSI,AI50,CSI,中证指数有限公司,主题指数,20121231,20200506,CSI
931442.CSI,SHS科技100,CSI,中证指数有限公司、上海证券交易所,主题指数,20141114,20200421,CSI
931443.CSI,SHS科技100HKD,CSI,中证指数有限公司、上海证券交易所,主题指数,20141114,20200421,CSI
931444.CSI,SHS高股息100,CSI,中证指数有限公司、上海证券交易所,主题指数,20141114,20200421,CSI
931445.CSI,SHS高股息100HKD,CSI,中证指数有限公司、上海证券交易所,主题指数,20141114,20200421,CSI
931446.CSI,东证红利低波,CSI,中证指数有限公司、上海证券交易所,策略指数,20091231,20200421,CSI
931447.CSI,科技先锋,CSI,中证指数有限公司、上海证券交易所,主题指数,20140630,20200421,CSI
931448.CSI,平安恒定风险,CSI,中证指数有限公司,多资产指数,20141231,20200123,CSI
931449CNY120.CSI,港股通AI人民币中间价(净),CSI,中证指数有限公司,主题指数,20211231,20240313,CSI
931449CNY220.CSI,港股通AI(净)CNY,CSI,中证指数有限公司,主题指数,20211231,20240313,CSI
931449HKD220.CSI,港股通AI(净),CSI,中证指数有限公司,主题指数,20211231,20240313,CSI
931450.CSI,新能车主题,CSI,中证指数有限公司,主题指数,20141231,20240826,CSI
931450CNY010.CSI,新能车主题全收益,CSI,中证指数有限公司,主题指数,20141231,20240826,CSI
931450CNY020.CSI,新能车主题净收益,CSI,中证指数有限公司,主题指数,20141231,20240826,CSI
931451.CSI,五矿金属矿业,CSI,中证指数有限公司,主题指数,20201231,20240628,CSI
931451CNY010.CSI,五矿金属矿业全收益,CSI,中证指数有限公司,主题指数,20201231,20240628,CSI
931451CNY020.CSI,五矿金属矿业净收益,CSI,中证指数有限公司,主题指数,20201231,20240628,CSI
931452.CSI,大湾区质量成长均衡,CSI,中证指数有限公司,主题指数,20161230,20200313,CSI
931453.CSI,大湾区质量成长均衡HKD,CSI,中证指数有限公司,主题指数,20161230,20200313,CSI
931454.CSI,港股通消费,CSI,中证指数有限公司,主题指数,20141114,20200306,CSI
931454CNY100.CSI,港股通消费人民币中间价,CSI,中证指数有限公司,主题指数,20141114,20250801,CSI
931454CNY110.CSI,港股通消费人民币中间价(全),CSI,中证指数有限公司,主题指数,20141114,20250801,CSI
931454CNY120.CSI,港股通消费人民币中间价(净),CSI,中证指数有限公司,主题指数,20141114,20250801,CSI
931455.CSI,港股通消费CNY,CSI,中证指数有限公司,主题指数,20141114,20200306,CSI
931456.CSI,中国教育,CSI,中证指数有限公司、上海证券交易所,主题指数,20141231,20200421,CSI
931457.CSI,中国教育HKD,CSI,中证指数有限公司、上海证券交易所,主题指数,20141231,20200421,CSI
931458.CSI,中国教育USD,CSI,中证指数有限公司、上海证券交易所,主题指数,20141231,20200421,CSI
931459.CSI,中证800USD,CSI,中证指数有限公司,规模指数,20041231,20200311,CSI
931460.CSI,中证1000USD,CSI,中证指数有限公司,规模指数,20041231,20200311,CSI
931461.CSI,电子50,CSI,中证指数有限公司,主题指数,20081231,20090722,CSI
931462.CSI,SHS中国教育HKD,CSI,中证指数有限公司,主题指数,20141231,20150731,CSI
931463.CSI,300ESG,CSI,中证指数有限公司,主题指数,20170630,20200430,CSI
931465.CSI,300ESG领先,CSI,中证指数有限公司,主题指数,20170630,20200430,CSI
931466.CSI,300ESG价值,CSI,中证指数有限公司,策略指数,20170630,20200430,CSI
931467.CSI,医药龙头,CSI,中证指数有限公司、上海证券交易所,主题指数,20121231,20200521,CSI
931468.CSI,红利质量,CSI,中证指数有限公司、上海证券交易所,策略指数,20041231,20200521,CSI
931469.CSI,云计算50,CSI,中证指数有限公司,主题指数,20141231,20200612,CSI
931470.CSI,SHS云计算,CSI,中证指数有限公司、上海证券交易所,主题指数,20141231,20200421,CSI
931471.CSI,SHS云计算HKD,CSI,中证指数有限公司、上海证券交易所,主题指数,20141231,20200421,CSI
931472.CSI,7-10年国开债L,CSI,中证指数有限公司、国家开发银行,债券指数,20131231,20200717,CSI
931473.CSI,民企50,CSI,中证指数有限公司,主题指数,20101231,20231109,CSI
931473CNY010.CSI,民企50全收益,CSI,中证指数有限公司,主题指数,20101231,20231109,CSI
931474.CSI,SHS地产龙头,CSI,中证指数有限公司,主题指数,20141114,20150313,CSI
931475.CSI,SHS地产龙头HKD,CSI,中证指数有限公司,主题指数,20141114,20150313,CSI
931476.CSI,ESG120策略,CSI,中证指数有限公司,策略指数,20170630,20200430,CSI
931477.CSI,华夏银行ESG,CSI,中证指数有限公司,策略指数,20170630,20200430,CSI
931478.CSI,苏州绿色发展,CSI,中证指数有限公司,主题指数,20170630,20200925,CSI
931479.CSI,证券保险,CSI,中证指数有限公司,行业指数,20151231,20200506,CSI
931480.CSI,线上消费,CSI,中证指数有限公司,主题指数,20141231,20200506,CSI
931481.CSI,SHS线上消费,CSI,中证指数有限公司,主题指数,20141231,20200506,CSI
931482.CSI,SHS线上消费HKD,CSI,中证指数有限公司,主题指数,20141231,20200506,CSI
931483.CSI,电子科技50,CSI,中证指数有限公司,主题指数,20141231,20200612,CSI
931484.CSI,CS医药创新,CSI,中证指数有限公司,主题指数,20141231,20200506,CSI
931485.CSI,MG沪港深120,CSI,中证指数有限公司,策略指数,20141114,20200506,CSI
931486.CSI,MG沪港深120HKD,CSI,中证指数有限公司,策略指数,20141114,20200506,CSI
931487.CSI,SHS人工智能50,CSI,中证指数有限公司,主题指数,20141231,20200506,CSI
931488.CSI,SHS人工智能50HKD,CSI,中证指数有限公司,主题指数,20141231,20200506,CSI
931489.CSI,A股通策略,CSI,中证指数有限公司、上海证券交易所,策略指数,20170331,20200521,CSI
931490.CSI,中证中财-苏农长三角ESG债券,CSI,中证指数有限公司,债券指数,20180630,20200925,CSI
931491.CSI,5G100,CSI,中证指数有限公司,主题指数,20151231,20200612,CSI
931492.CSI,SHS5G100,CSI,中证指数有限公司,主题指数,20151231,20200612,CSI
931492HKD.CSI,SHS5G100HKD,CSI,中证指数有限公司,主题指数,20151231,20200612,CSI
931493.CSI,精选市场金矿,CSI,中证指数有限公司,主题指数,20141231,20231101,CSI
931493CNY210.CSI,精选市场金矿(全),CSI,中证指数有限公司,主题指数,20141231,20231101,CSI
931493HKD200.CSI,精选市场金矿HKD,CSI,中证指数有限公司,主题指数,20141231,20231101,CSI
931493HKD210.CSI,精选市场金矿(全)HKD,CSI,中证指数有限公司,主题指数,20141231,20231101,CSI
931493USD200.CSI,精选市场金矿USD,CSI,中证指数有限公司,主题指数,20141231,20231101,CSI
931493USD210.CSI,精选市场金矿(全)USD,CSI,中证指数有限公司,主题指数,20141231,20231101,CSI
931494.CSI,消费电子,CSI,中证指数有限公司,主题指数,20121231,20200612,CSI
931495.CSI,工业互联,CSI,中证指数有限公司,主题指数,20141231,20200708,CSI
931496.CSI,交银理财大湾区,CSI,中证指数有限公司,策略指数,20141231,20200610,CSI
931496HKD.CSI,交银理财大湾区HKD,CSI,中证指数有限公司,策略指数,20141231,20200610,CSI
931497.CSI,沪港深新基建,CSI,中证指数有限公司、上海证券交易所,主题指数,20141231,20200707,CSI
931497HKD.CSI,沪港深新基建HKD,CSI,中证指数有限公司、上海证券交易所,主题指数,20141231,20200707,CSI
931498.CSI,行业潜力,CSI,中证指数有限公司、上海证券交易所,策略指数,20081231,20141113,CSI
931498CNY01.CSI,行业潜力全收益,CSI,中证指数有限公司、上海证券交易所,策略指数,20081231,20141113,CSI
931499.CSI,长三角信用债,CSI,中证指数有限公司,债券指数,20141231,20200701,CSI
931500.CSI,京津冀信用债,CSI,中证指数有限公司,债券指数,20141231,20200701,CSI
931501.CSI,大湾区信用债,CSI,中证指数有限公司,债券指数,20141231,20200701,CSI
931502.CSI,北京信用债,CSI,中证指数有限公司,债券指数,20141231,20200701,CSI
931503.CSI,上海信用债,CSI,中证指数有限公司,债券指数,20141231,20200701,CSI
931504.CSI,天津信用债,CSI,中证指数有限公司,债券指数,20141231,20200701,CSI
931505.CSI,江苏信用债,CSI,中证指数有限公司,债券指数,20141231,20200701,CSI
931506.CSI,广东信用债,CSI,中证指数有限公司,债券指数,20141231,20200701,CSI
931508.CSI,浙江信用债,CSI,中证指数有限公司,债券指数,20141231,20200701,CSI
931509.CSI,福建信用债,CSI,中证指数有限公司,债券指数,20141231,20200701,CSI
931510.CSI,湖北信用债,CSI,中证指数有限公司,债券指数,20141231,20200701,CSI
931511.CSI,四川信用债,CSI,中证指数有限公司,债券指数,20141231,20200701,CSI
931512.CSI,周期50,CSI,中证指数有限公司,主题指数,20041231,20200717,CSI
931513.CSI,公共卫生,CSI,中证指数有限公司、上海证券交易所,主题指数,20121231,20200707,CSI
931514.CSI,央企25债,CSI,中证指数有限公司,债券指数,20131231,20200701,CSI
931515.CSI,0-5年央企25,CSI,中证指数有限公司,债券指数,20131231,20200701,CSI
931516.CSI,3-7年央企25,CSI,中证指数有限公司,债券指数,20131231,20200701,CSI
931517.CSI,0-3年银行50金融债,CSI,中证指数有限公司,债券指数,20131231,20200701,CSI
931518.CSI,0-5年银行50金融债,CSI,中证指数有限公司,债券指数,20131231,20200701,CSI
931519.CSI,3-7年银行50金融债,CSI,中证指数有限公司,债券指数,20131231,20200701,CSI
931520.CSI,科技50领先,CSI,中证指数有限公司,策略指数,20141231,20200717,CSI
931521.CSI,智选航空航天科技,CSI,中证指数有限公司,主题指数,20121231,20200708,CSI
931522.CSI,央企新动能,CSI,中证指数有限公司,主题指数,20141231,20200701,CSI
931523.CSI,SHS动漫游戏,CSI,中证指数有限公司,主题指数,20141114,20200708,CSI
931523HKD.CSI,SHS动漫游戏HKD,CSI,中证指数有限公司,主题指数,20141114,20200708,CSI
931524.CSI,SHS科技龙头,CSI,中证指数有限公司,主题指数,20141114,20200716,CSI
931524HKD.CSI,SHS科技龙头HKD,CSI,中证指数有限公司,主题指数,20141114,20200716,CSI
931525.CSI,兴业证券ESG盈利100,CSI,中证指数有限公司,主题指数,20170630,20200806,CSI
931526.CSI,企业核心竞争力50,CSI,中证指数有限公司,主题指数,20170630,20200824,CSI
931527.CSI,招银理财期限结构,CSI,中证指数有限公司,期货指数,20090331,20200708,CSI
931528.CSI,光伏设备行业,CSI,中证指数有限公司,行业指数,20211231,20210824,CSI
931528CNY010.CSI,光伏设备行业全收益,CSI,中证指数有限公司,行业指数,20211231,20210824,CSI
931529.CSI,国企数字经济,CSI,中证指数有限公司,主题指数,20161230,20230804,CSI
931529CNY010.CSI,国企数字经济全收益,CSI,中证指数有限公司,主题指数,20161230,20230804,CSI
931530.CSI,内地企业能源,CSI,中证指数有限公司,行业指数,20041231,20141017,CSI
931530CNY01.CSI,内地企业能源(全),CSI,中证指数有限公司,行业指数,20041231,20141017,CSI
931530HKD00.CSI,内地企业能源HKD,CSI,中证指数有限公司,行业指数,20041231,20141017,CSI
931530HKD01.CSI,内地企业能源(全)HKD,CSI,中证指数有限公司,行业指数,20041231,20141017,CSI
931530USD00.CSI,内地企业能源USD,CSI,中证指数有限公司,行业指数,20041231,20141017,CSI
931530USD01.CSI,内地企业能源(全)USD,CSI,中证指数有限公司,行业指数,20041231,20141017,CSI
931531.CSI,内地企业材料,CSI,中证指数有限公司,行业指数,20041231,20141017,CSI
931531CNY01.CSI,内地企业材料(全),CSI,中证指数有限公司,行业指数,20041231,20141017,CSI
931531HKD00.CSI,内地企业材料HKD,CSI,中证指数有限公司,行业指数,20041231,20141017,CSI
931531HKD01.CSI,内地企业材料(全)HKD,CSI,中证指数有限公司,行业指数,20041231,20141017,CSI
931531USD00.CSI,内地企业材料USD,CSI,中证指数有限公司,行业指数,20041231,20141017,CSI
931531USD01.CSI,内地企业材料(全)USD,CSI,中证指数有限公司,行业指数,20041231,20141017,CSI
931532.CSI,内地企业工业,CSI,中证指数有限公司,行业指数,20041231,20141017,CSI
931532CNY01.CSI,内地企业工业(全),CSI,中证指数有限公司,行业指数,20041231,20141017,CSI
931532HKD00.CSI,内地企业工业HKD,CSI,中证指数有限公司,行业指数,20041231,20141017,CSI
931532HKD01.CSI,内地企业工业(全)HKD,CSI,中证指数有限公司,行业指数,20041231,20141017,CSI
931532USD00.CSI,内地企业工业USD,CSI,中证指数有限公司,行业指数,20041231,20141017,CSI
931532USD01.CSI,内地企业工业(全)USD,CSI,中证指数有限公司,行业指数,20041231,20141017,CSI
931533.CSI,内地企业可选,CSI,中证指数有限公司,行业指数,20041231,20141017,CSI
931533CNY01.CSI,内地企业可选(全),CSI,中证指数有限公司,行业指数,20041231,20141017,CSI
931533HKD00.CSI,内地企业可选HKD,CSI,中证指数有限公司,行业指数,20041231,20141017,CSI
931533HKD01.CSI,内地企业可选(全)HKD,CSI,中证指数有限公司,行业指数,20041231,20141017,CSI
931533USD00.CSI,内地企业可选USD,CSI,中证指数有限公司,行业指数,20041231,20141017,CSI
931533USD01.CSI,内地企业可选(全)USD,CSI,中证指数有限公司,行业指数,20041231,20141017,CSI
931534.CSI,内地企业消费,CSI,中证指数有限公司,行业指数,20041231,20141017,CSI
931534CNY01.CSI,内地企业消费(全),CSI,中证指数有限公司,行业指数,20041231,20141017,CSI
931534HKD00.CSI,内地企业消费HKD,CSI,中证指数有限公司,行业指数,20041231,20141017,CSI
931534HKD01.CSI,内地企业消费(全)HKD,CSI,中证指数有限公司,行业指数,20041231,20141017,CSI
931534USD00.CSI,内地企业消费USD,CSI,中证指数有限公司,行业指数,20041231,20141017,CSI
931534USD01.CSI,内地企业消费(全)USD,CSI,中证指数有限公司,行业指数,20041231,20141017,CSI
931535.CSI,内地企业医药,CSI,中证指数有限公司,行业指数,20041231,20141017,CSI
931535CNY01.CSI,内地企业医药(全),CSI,中证指数有限公司,行业指数,20041231,20141017,CSI
931535HKD00.CSI,内地企业医药HKD,CSI,中证指数有限公司,行业指数,20041231,20141017,CSI
931535HKD01.CSI,内地企业医药(全)HKD,CSI,中证指数有限公司,行业指数,20041231,20141017,CSI
931535USD00.CSI,内地企业医药USD,CSI,中证指数有限公司,行业指数,20041231,20141017,CSI
931535USD01.CSI,内地企业医药(全)USD,CSI,中证指数有限公司,行业指数,20041231,20141017,CSI
931536.CSI,内地企业金融,CSI,中证指数有限公司,行业指数,20041231,20141017,CSI
931536CNY01.CSI,内地企业金融(全),CSI,中证指数有限公司,行业指数,20041231,20141017,CSI
931536HKD00.CSI,内地企业金融HKD,CSI,中证指数有限公司,行业指数,20041231,20141017,CSI
931536HKD01.CSI,内地企业金融(全)HKD,CSI,中证指数有限公司,行业指数,20041231,20141017,CSI
931536USD00.CSI,内地企业金融USD,CSI,中证指数有限公司,行业指数,20041231,20141017,CSI
931536USD01.CSI,内地企业金融(全)USD,CSI,中证指数有限公司,行业指数,20041231,20141017,CSI
931537.CSI,内地企业信息,CSI,中证指数有限公司,行业指数,20041231,20141017,CSI
931537CNY01.CSI,内地企业信息(全),CSI,中证指数有限公司,行业指数,20041231,20141017,CSI
931537HKD00.CSI,内地企业信息HKD,CSI,中证指数有限公司,行业指数,20041231,20141017,CSI
931537HKD01.CSI,内地企业信息(全)HKD,CSI,中证指数有限公司,行业指数,20041231,20141017,CSI
931537USD00.CSI,内地企业信息USD,CSI,中证指数有限公司,行业指数,20041231,20141017,CSI
931537USD01.CSI,内地企业信息(全)USD,CSI,中证指数有限公司,行业指数,20041231,20141017,CSI
931538.CSI,内地企业通信,CSI,中证指数有限公司,行业指数,20041231,20141017,CSI
931538CNY01.CSI,内地企业通信(全),CSI,中证指数有限公司,行业指数,20041231,20141017,CSI
931538HKD00.CSI,内地企业通信HKD,CSI,中证指数有限公司,行业指数,20041231,20141017,CSI
931538HKD01.CSI,内地企业通信(全)HKD,CSI,中证指数有限公司,行业指数,20041231,20141017,CSI
931538USD00.CSI,内地企业通信USD,CSI,中证指数有限公司,行业指数,20041231,20141017,CSI
931538USD01.CSI,内地企业通信(全)USD,CSI,中证指数有限公司,行业指数,20041231,20141017,CSI
931539.CSI,内地企业公用,CSI,中证指数有限公司,行业指数,20041231,20141017,CSI
931539CNY01.CSI,内地企业公用(全),CSI,中证指数有限公司,行业指数,20041231,20141017,CSI
931539HKD00.CSI,内地企业公用HKD,CSI,中证指数有限公司,行业指数,20041231,20141017,CSI
931539HKD01.CSI,内地企业公用(全)HKD,CSI,中证指数有限公司,行业指数,20041231,20141017,CSI
931539USD00.CSI,内地企业公用USD,CSI,中证指数有限公司,行业指数,20041231,20141017,CSI
931539USD01.CSI,内地企业公用(全)USD,CSI,中证指数有限公司,行业指数,20041231,20141017,CSI
931540.CSI,中国1000能源,CSI,中证指数有限公司,行业指数,20041231,20160510,CSI
931540CNY01.CSI,中国1000能源(全),CSI,中证指数有限公司,行业指数,20041231,20160510,CSI
931540HKD00.CSI,中国1000能源HKD,CSI,中证指数有限公司,行业指数,20041231,20160510,CSI
931540HKD01.CSI,中国1000能源(全)HKD,CSI,中证指数有限公司,行业指数,20041231,20160510,CSI
931540USD00.CSI,中国1000能源USD,CSI,中证指数有限公司,行业指数,20041231,20160510,CSI
931540USD01.CSI,中国1000能源(全)USD,CSI,中证指数有限公司,行业指数,20041231,20160510,CSI
931541.CSI,中国1000材料,CSI,中证指数有限公司,行业指数,20041231,20160510,CSI
931541CNY01.CSI,中国1000材料(全),CSI,中证指数有限公司,行业指数,20041231,20160510,CSI
931541HKD00.CSI,中国1000材料HKD,CSI,中证指数有限公司,行业指数,20041231,20160510,CSI
931541HKD01.CSI,中国1000材料(全)HKD,CSI,中证指数有限公司,行业指数,20041231,20160510,CSI
931541USD00.CSI,中国1000材料USD,CSI,中证指数有限公司,行业指数,20041231,20160510,CSI
931541USD01.CSI,中国1000材料(全)USD,CSI,中证指数有限公司,行业指数,20041231,20160510,CSI
931542.CSI,中国1000工业,CSI,中证指数有限公司,行业指数,20041231,20160510,CSI
931542CNY01.CSI,中国1000工业(全),CSI,中证指数有限公司,行业指数,20041231,20160510,CSI
931542HKD00.CSI,中国1000工业HKD,CSI,中证指数有限公司,行业指数,20041231,20160510,CSI
931542HKD01.CSI,中国1000工业(全)HKD,CSI,中证指数有限公司,行业指数,20041231,20160510,CSI
931542USD00.CSI,中国1000工业USD,CSI,中证指数有限公司,行业指数,20041231,20160510,CSI
931542USD01.CSI,中国1000工业(全)USD,CSI,中证指数有限公司,行业指数,20041231,20160510,CSI
931543.CSI,中国1000可选,CSI,中证指数有限公司,行业指数,20041231,20160510,CSI
931543CNY01.CSI,中国1000可选(全),CSI,中证指数有限公司,行业指数,20041231,20160510,CSI
931543HKD00.CSI,中国1000可选HKD,CSI,中证指数有限公司,行业指数,20041231,20160510,CSI
931543HKD01.CSI,中国1000可选(全)HKD,CSI,中证指数有限公司,行业指数,20041231,20160510,CSI
931543USD00.CSI,中国1000可选USD,CSI,中证指数有限公司,行业指数,20041231,20160510,CSI
931543USD01.CSI,中国1000可选(全)USD,CSI,中证指数有限公司,行业指数,20041231,20160510,CSI
931544.CSI,中国1000消费,CSI,中证指数有限公司,行业指数,20041231,20160510,CSI
931544CNY01.CSI,中国1000消费(全),CSI,中证指数有限公司,行业指数,20041231,20160510,CSI
931544HKD00.CSI,中国1000消费HKD,CSI,中证指数有限公司,行业指数,20041231,20160510,CSI
931544HKD01.CSI,中国1000消费(全)HKD,CSI,中证指数有限公司,行业指数,20041231,20160510,CSI
931544USD00.CSI,中国1000消费USD,CSI,中证指数有限公司,行业指数,20041231,20160510,CSI
931544USD01.CSI,中国1000消费(全)USD,CSI,中证指数有限公司,行业指数,20041231,20160510,CSI
931545.CSI,中国1000医药,CSI,中证指数有限公司,行业指数,20041231,20160510,CSI
931545CNY01.CSI,中国1000医药(全),CSI,中证指数有限公司,行业指数,20041231,20160510,CSI
931545HKD00.CSI,中国1000医药HKD,CSI,中证指数有限公司,行业指数,20041231,20160510,CSI
931545HKD01.CSI,中国1000医药(全)HKD,CSI,中证指数有限公司,行业指数,20041231,20160510,CSI
931545USD00.CSI,中国1000医药USD,CSI,中证指数有限公司,行业指数,20041231,20160510,CSI
931545USD01.CSI,中国1000医药(全)USD,CSI,中证指数有限公司,行业指数,20041231,20160510,CSI
931546.CSI,中国1000金融,CSI,中证指数有限公司,行业指数,20041231,20160510,CSI
931546CNY01.CSI,中国1000金融(全),CSI,中证指数有限公司,行业指数,20041231,20160510,CSI
931546HKD00.CSI,中国1000金融HKD,CSI,中证指数有限公司,行业指数,20041231,20160510,CSI
931546HKD01.CSI,中国1000金融(全)HKD,CSI,中证指数有限公司,行业指数,20041231,20160510,CSI
931546USD00.CSI,中国1000金融USD,CSI,中证指数有限公司,行业指数,20041231,20160510,CSI
931546USD01.CSI,中国1000金融(全)USD,CSI,中证指数有限公司,行业指数,20041231,20160510,CSI
931547.CSI,中国1000信息,CSI,中证指数有限公司,行业指数,20041231,20160510,CSI
931547CNY01.CSI,中国1000信息(全),CSI,中证指数有限公司,行业指数,20041231,20160510,CSI
931547HKD00.CSI,中国1000信息HKD,CSI,中证指数有限公司,行业指数,20041231,20160510,CSI
931547HKD01.CSI,中国1000信息(全)HKD,CSI,中证指数有限公司,行业指数,20041231,20160510,CSI
931547USD00.CSI,中国1000信息USD,CSI,中证指数有限公司,行业指数,20041231,20160510,CSI
931547USD01.CSI,中国1000信息(全)USD,CSI,中证指数有限公司,行业指数,20041231,20160510,CSI
931548.CSI,中国1000通信,CSI,中证指数有限公司,行业指数,20041231,20160510,CSI
931548CNY01.CSI,中国1000通信(全),CSI,中证指数有限公司,行业指数,20041231,20160510,CSI
931548HKD00.CSI,中国1000通信HKD,CSI,中证指数有限公司,行业指数,20041231,20160510,CSI
931548HKD01.CSI,中国1000通信(全)HKD,CSI,中证指数有限公司,行业指数,20041231,20160510,CSI
931548USD00.CSI,中国1000通信USD,CSI,中证指数有限公司,行业指数,20041231,20160510,CSI
931548USD01.CSI,中国1000通信(全)USD,CSI,中证指数有限公司,行业指数,20041231,20160510,CSI
931549.CSI,中国1000公用,CSI,中证指数有限公司,行业指数,20041231,20160510,CSI
931549CNY01.CSI,中国1000公用(全),CSI,中证指数有限公司,行业指数,20041231,20160510,CSI
931549HKD00.CSI,中国1000公用HKD,CSI,中证指数有限公司,行业指数,20041231,20160510,CSI
931549HKD01.CSI,中国1000公用(全)HKD,CSI,中证指数有限公司,行业指数,20041231,20160510,CSI
931549USD00.CSI,中国1000公用USD,CSI,中证指数有限公司,行业指数,20041231,20160510,CSI
931549USD01.CSI,中国1000公用(全)USD,CSI,中证指数有限公司,行业指数,20041231,20160510,CSI
931550.CSI,内地企业动量,CSI,中证指数有限公司,主题指数,20061229,20161228,CSI
931550CNY01.CSI,内地企业动量(全),CSI,中证指数有限公司,主题指数,20061229,20161228,CSI
931550HKD00.CSI,内地企业动量HKD,CSI,中证指数有限公司,主题指数,20061229,20161228,CSI
931550HKD01.CSI,内地企业动量(全)HKD,CSI,中证指数有限公司,主题指数,20061229,20161228,CSI
931550USD00.CSI,内地企业动量USD,CSI,中证指数有限公司,主题指数,20061229,20161228,CSI
931550USD01.CSI,内地企业动量(全)USD,CSI,中证指数有限公司,主题指数,20061229,20161228,CSI
931551.CSI,内地企业ERC,CSI,中证指数有限公司,主题指数,20061229,20161228,CSI
931551CNY01.CSI,内地企业ERC(全),CSI,中证指数有限公司,主题指数,20061229,20161228,CSI
931551HKD00.CSI,内地企业ERCHKD,CSI,中证指数有限公司,主题指数,20061229,20161228,CSI
931551HKD01.CSI,内地企业ERC(全)HKD,CSI,中证指数有限公司,主题指数,20061229,20161228,CSI
931551USD00.CSI,内地企业ERCUSD,CSI,中证指数有限公司,主题指数,20061229,20161228,CSI
931551USD01.CSI,内地企业ERC(全)USD,CSI,中证指数有限公司,主题指数,20061229,20161228,CSI
931552.CSI,1-3年国债,CSI,中证指数有限公司,债券指数,20071231,20200803,CSI
931552CNY030.CSI,1-3年国债(全),CSI,中证指数有限公司,债券指数,20071231,20260626,CSI
931552CNY04.CSI,1-3年国债(净),CSI,中证指数有限公司,债券指数,20071231,20200803,CSI
931552CNY05.CSI,1-3年国债(利),CSI,中证指数有限公司,债券指数,20071231,20200803,CSI
931553.CSI,0-1年国债,CSI,中证指数有限公司,债券指数,20071231,20200803,CSI
931553CNY030.CSI,0-1年国债(全),CSI,中证指数有限公司,债券指数,20071231,20260626,CSI
931553CNY04.CSI,0-1年国债(净),CSI,中证指数有限公司,债券指数,20071231,20200803,CSI
931553CNY05.CSI,0-1年国债(利),CSI,中证指数有限公司,债券指数,20071231,20200803,CSI
931554.CSI,长江保护,CSI,中证指数有限公司,主题指数,20140630,20200819,CSI
931554CNY01.CSI,长江保护(全),CSI,中证指数有限公司,主题指数,20140630,20200819,CSI
931554HKD00.CSI,长江保护HKD,CSI,中证指数有限公司,主题指数,20140630,20200819,CSI
931554HKD01.CSI,长江保护(全)HKD,CSI,中证指数有限公司,主题指数,20140630,20200819,CSI
931555.CSI,新能电池,CSI,中证指数有限公司,主题指数,20141231,20150611,CSI
931555CNY01.CSI,新能电池全收益,CSI,中证指数有限公司,主题指数,20141231,20150611,CSI
931557.CSI,苏锡常指,CSI,中证指数有限公司,主题指数,20141231,20200827,CSI
931557CNY01.CSI,苏锡常指全收益,CSI,中证指数有限公司,主题指数,20141231,20200827,CSI
931558.CSI,无锡指数,CSI,中证指数有限公司,主题指数,20141231,20200827,CSI
931558CNY01.CSI,无锡指数全收益,CSI,中证指数有限公司,主题指数,20141231,20200827,CSI
931559.CSI,苏银理财长三角,CSI,中证指数有限公司,主题指数,20141231,20200827,CSI
931559CNY01.CSI,苏银理财长三角全收益,CSI,中证指数有限公司,主题指数,20141231,20200827,CSI
931560.CSI,银华股基,CSI,中证指数有限公司,基金指数,20131231,20200810,CSI
931561.CSI,银华债基,CSI,中证指数有限公司,基金指数,20131231,20200810,CSI
931562.CSI,银华货基,CSI,中证指数有限公司,基金指数,20131231,20200810,CSI
931563.CSI,银华配置,CSI,中证指数有限公司,基金指数,20131231,20200810,CSI
931565.CSI,招银理财夜光ESG,CSI,中证指数有限公司,策略指数,20131231,20200827,CSI
931565CNY01.CSI,招银理财夜光ESG全收益,CSI,中证指数有限公司,策略指数,20131231,20200827,CSI
931566.CSI,信用债隐含AAA+,CSI,中证指数有限公司、上海证券交易所,债券指数,20161231,20200907,CSI
931566CNY04.CSI,信用债隐含AAA+(净),CSI,中证指数有限公司、上海证券交易所,债券指数,20161231,20200907,CSI
931566CNY05.CSI,信用债隐含AAA+(利),CSI,中证指数有限公司、上海证券交易所,债券指数,20161231,20200907,CSI
931566CNY06.CSI,信用债隐含AAA+(税),CSI,中证指数有限公司、上海证券交易所,债券指数,20161231,20200907,CSI
931567.CSI,信用债隐含AAA,CSI,中证指数有限公司、上海证券交易所,债券指数,20161231,20200907,CSI
931567CNY04.CSI,信用债隐含AAA(净),CSI,中证指数有限公司、上海证券交易所,债券指数,20161231,20200907,CSI
931567CNY05.CSI,信用债隐含AAA(利),CSI,中证指数有限公司、上海证券交易所,债券指数,20161231,20200907,CSI
931567CNY06.CSI,信用债隐含AAA(税),CSI,中证指数有限公司、上海证券交易所,债券指数,20161231,20200907,CSI
931568.CSI,信用债隐含AAA-,CSI,中证指数有限公司、上海证券交易所,债券指数,20190531,20200907,CSI
931568CNY04.CSI,信用债隐含AAA-(净),CSI,中证指数有限公司、上海证券交易所,债券指数,20190531,20200907,CSI
931568CNY05.CSI,信用债隐含AAA-(利),CSI,中证指数有限公司、上海证券交易所,债券指数,20190531,20200907,CSI
931568CNY06.CSI,信用债隐含AAA-(税),CSI,中证指数有限公司、上海证券交易所,债券指数,20190531,20200907,CSI
931569.CSI,信用债隐含AA+,CSI,中证指数有限公司、上海证券交易所,债券指数,20161231,20200907,CSI
931569CNY04.CSI,信用债隐含AA+(净),CSI,中证指数有限公司、上海证券交易所,债券指数,20161231,20200907,CSI
931569CNY05.CSI,信用债隐含AA+(利),CSI,中证指数有限公司、上海证券交易所,债券指数,20161231,20200907,CSI
931569CNY06.CSI,信用债隐含AA+(税),CSI,中证指数有限公司、上海证券交易所,债券指数,20161231,20200907,CSI
931570.CSI,信用债隐含AA,CSI,中证指数有限公司、上海证券交易所,债券指数,20161231,20200907,CSI
931570CNY04.CSI,信用债隐含AA(净),CSI,中证指数有限公司、上海证券交易所,债券指数,20161231,20200907,CSI
931570CNY05.CSI,信用债隐含AA(利),CSI,中证指数有限公司、上海证券交易所,债券指数,20161231,20200907,CSI
931570CNY06.CSI,信用债隐含AA(税),CSI,中证指数有限公司、上海证券交易所,债券指数,20161231,20200907,CSI
931571.CSI,非银转债质量,CSI,中证指数有限公司、上海证券交易所,债券指数,20021231,20200907,CSI
931571CNY04.CSI,非银转债质量(净),CSI,中证指数有限公司、上海证券交易所,债券指数,20021231,20200907,CSI
931571CNY05.CSI,非银转债质量(利),CSI,中证指数有限公司、上海证券交易所,债券指数,20021231,20200907,CSI
931571CNY06.CSI,非银转债质量(税),CSI,中证指数有限公司、上海证券交易所,债券指数,20021231,20200907,CSI
931572.CSI,非银转债50,CSI,中证指数有限公司、上海证券交易所,债券指数,20021231,20200907,CSI
931572CNY04.CSI,非银转债50(净),CSI,中证指数有限公司、上海证券交易所,债券指数,20021231,20200907,CSI
931572CNY05.CSI,非银转债50(利),CSI,中证指数有限公司、上海证券交易所,债券指数,20021231,20200907,CSI
931572CNY06.CSI,非银转债50(税),CSI,中证指数有限公司、上海证券交易所,债券指数,20021231,20200907,CSI
931573.CSI,港股通科技,CSI,中证指数有限公司,主题指数,20141231,20140521,CSI
931573CNY00.CSI,港股通科技CNY,CSI,中证指数有限公司,主题指数,20141231,20140521,CSI
931573CNY01.CSI,港股通科技(全)CNY,CSI,中证指数有限公司,主题指数,20141231,20140521,CSI
931573CNY100.CSI,港股通科技人民币中间价,CSI,中证指数有限公司,主题指数,20141231,20250516,CSI
931573CNY110.CSI,港股通科技人民币中间价(全),CSI,中证指数有限公司,主题指数,20141231,20250620,CSI
931573CNY120.CSI,港股通科技人民币中间价(净),CSI,中证指数有限公司,主题指数,20141231,20250620,CSI
931573HKD01.CSI,港股通科技(全),CSI,中证指数有限公司,主题指数,20141231,20140521,CSI
931574.CSI,港股科技,CSI,中证指数有限公司,主题指数,20141231,20130521,CSI
931574CNY00.CSI,港股科技CNY,CSI,中证指数有限公司,主题指数,20141231,20130521,CSI
931574CNY01.CSI,港股科技(全)CNY,CSI,中证指数有限公司,主题指数,20141231,20130521,CSI
931574HKD01.CSI,港股科技(全),CSI,中证指数有限公司,主题指数,20141231,20130521,CSI
931575.CSI,SHS物联网,CSI,中证指数有限公司,主题指数,20121231,20150731,CSI
931575CNY01.CSI,SHS物联网(全),CSI,中证指数有限公司,主题指数,20121231,20150731,CSI
931575HKD00.CSI,SHS物联网HKD,CSI,中证指数有限公司,主题指数,20121231,20150731,CSI
931575HKD01.CSI,SHS物联网(全)HKD,CSI,中证指数有限公司,主题指数,20121231,20150731,CSI
931576.CSI,中证中信中高券商债,CSI,中证指数有限公司,债券指数,20141231,20201023,CSI
931576CNY04.CSI,中证中信中高券商债(净),CSI,中证指数有限公司,债券指数,20141231,20201023,CSI
931576CNY05.CSI,中证中信中高券商债(利),CSI,中证指数有限公司,债券指数,20141231,20201023,CSI
931576CNY06.CSI,中证中信中高券商债(税),CSI,中证指数有限公司,债券指数,20141231,20201023,CSI
931577.CSI,沪深300ESG债券,CSI,中证指数有限公司,债券指数,20170630,20201021,CSI
931577CNY04.CSI,沪深300ESG债券(净),CSI,中证指数有限公司,债券指数,20170630,20201021,CSI
931577CNY05.CSI,沪深300ESG债券(利),CSI,中证指数有限公司,债券指数,20170630,20201021,CSI
931577CNY06.CSI,沪深300ESG债券(税),CSI,中证指数有限公司,债券指数,20170630,20201021,CSI
931578.CSI,沪深300ESG信用债,CSI,中证指数有限公司,债券指数,20170630,20201021,CSI
931578CNY04.CSI,沪深300ESG信用债(净),CSI,中证指数有限公司,债券指数,20170630,20201021,CSI
931578CNY05.CSI,沪深300ESG信用债(利),CSI,中证指数有限公司,债券指数,20170630,20201021,CSI
931578CNY06.CSI,沪深300ESG信用债(税),CSI,中证指数有限公司,债券指数,20170630,20201021,CSI
931579.CSI,东证优势成长,CSI,中证指数有限公司,策略指数,20091231,20201109,CSI
931579CNY01.CSI,东证优势成长全收益,CSI,中证指数有限公司,策略指数,20091231,20201109,CSI
931580.CSI,SHS游戏传媒,CSI,中证指数有限公司,主题指数,20141231,20150513,CSI
931580CNY01.CSI,SHS游戏传媒(全),CSI,中证指数有限公司,主题指数,20141231,20150513,CSI
931580HKD00.CSI,SHS游戏传媒HKD,CSI,中证指数有限公司,主题指数,20141231,20150513,CSI
931580HKD01.CSI,SHS游戏传媒(全)HKD,CSI,中证指数有限公司,主题指数,20141231,20150513,CSI
931581.CSI,周期稳健成长50,CSI,中证指数有限公司,策略指数,20131231,20171018,CSI
931581CNY01.CSI,周期稳健成长50全收益,CSI,中证指数有限公司,策略指数,20131231,20171018,CSI
931582.CSI,数字经济,CSI,中证指数有限公司,主题指数,20161230,20201109,CSI
931582CNY01.CSI,数字经济全收益,CSI,中证指数有限公司,主题指数,20161230,20201109,CSI
931583.CSI,SHS数字经济,CSI,中证指数有限公司,主题指数,20161230,20201109,CSI
931583CNY01.CSI,SHS数字经济(全),CSI,中证指数有限公司,主题指数,20161230,20201109,CSI
931583HKD00.CSI,SHS数字经济HKD,CSI,中证指数有限公司,主题指数,20161230,20201109,CSI
931583HKD01.CSI,SHS数字经济(全)HKD,CSI,中证指数有限公司,主题指数,20161230,20201109,CSI
931585.CSI,卫星导航,CSI,中证指数有限公司,主题指数,20151231,20201109,CSI
931585CNY01.CSI,卫星导航全收益,CSI,中证指数有限公司,主题指数,20151231,20201109,CSI
931586.CSI,300价值稳健,CSI,中证指数有限公司,策略指数,20041231,20201109,CSI
931586CNY01.CSI,300价值稳健全收益,CSI,中证指数有限公司,策略指数,20041231,20201109,CSI
931587.CSI,500价值稳健,CSI,中证指数有限公司,策略指数,20041231,20201109,CSI
931587CNY01.CSI,500价值稳健全收益,CSI,中证指数有限公司,策略指数,20041231,20201109,CSI
931588.CSI,1000价值稳健,CSI,中证指数有限公司,策略指数,20041231,20201109,CSI
931588CNY01.CSI,1000价值稳健全收益,CSI,中证指数有限公司,策略指数,20041231,20201109,CSI
931589.CSI,300成长创新,CSI,中证指数有限公司,策略指数,20041231,20201109,CSI
931589CNY01.CSI,300成长创新全收益,CSI,中证指数有限公司,策略指数,20041231,20201109,CSI
931590.CSI,500成长创新,CSI,中证指数有限公司,策略指数,20041231,20201109,CSI
931590CNY01.CSI,500成长创新全收益,CSI,中证指数有限公司,策略指数,20041231,20201109,CSI
931591.CSI,1000成长创新,CSI,中证指数有限公司,策略指数,20041231,20201109,CSI
931591CNY01.CSI,1000成长创新全收益,CSI,中证指数有限公司,策略指数,20041231,20201109,CSI
931592.CSI,医疗科技,CSI,中证指数有限公司,主题指数,20141231,20201109,CSI
931592CNY01.CSI,医疗科技全收益,CSI,中证指数有限公司,主题指数,20141231,20201109,CSI
931593.CSI,科技领先,CSI,中证指数有限公司,策略指数,20140630,20201222,CSI
931593CNY01.CSI,科技领先全收益,CSI,中证指数有限公司,策略指数,20140630,20201222,CSI
931594.CSI,卫星产业,CSI,中证指数有限公司,主题指数,20151231,20201222,CSI
931594CNY01.CSI,卫星产业全收益,CSI,中证指数有限公司,主题指数,20151231,20201222,CSI
931595.CSI,CSSW通胀防御,CSI,中证指数有限公司,策略指数,20121231,20201222,CSI
931595CNY01.CSI,CSSW通胀防御全收益,CSI,中证指数有限公司,策略指数,20121231,20201222,CSI
931596.CSI,SHS张江50,CSI,中证指数有限公司,主题指数,20141231,20201218,CSI
931596CNY01.CSI,SHS张江50(全),CSI,中证指数有限公司,主题指数,20141231,20201218,CSI
931596HKD00.CSI,SHS张江50HKD,CSI,中证指数有限公司,主题指数,20141231,20201218,CSI
931596HKD01.CSI,SHS张江50(全)HKD,CSI,中证指数有限公司,主题指数,20141231,20201218,CSI
931597.CSI,全球张江综指,CSI,中证指数有限公司,主题指数,20141231,20201218,CSI
931597CNY01.CSI,全球张江综指(全),CSI,中证指数有限公司,主题指数,20141231,20201218,CSI
931597HKD00.CSI,全球张江综指HKD,CSI,中证指数有限公司,主题指数,20141231,20201218,CSI
931597HKD01.CSI,全球张江综指(全)HKD,CSI,中证指数有限公司,主题指数,20141231,20201218,CSI
931597USD00.CSI,全球张江综指USD,CSI,中证指数有限公司,主题指数,20141231,20201218,CSI
931597USD01.CSI,全球张江综指(全)USD,CSI,中证指数有限公司,主题指数,20141231,20201218,CSI
931598.CSI,中银证券300ESG,CSI,中证指数有限公司,主题指数,20160630,20210305,CSI
931598CNY01.CSI,中银证券300ESG(全),CSI,中证指数有限公司,主题指数,20160630,20210305,CSI
931599.CSI,湖南50,CSI,中证指数有限公司,主题指数,20181228,20241030,CSI
931599CNY010.CSI,湖南50全收益,CSI,中证指数有限公司,主题指数,20181228,20241030,CSI
931599CNY020.CSI,湖南50净收益,CSI,中证指数有限公司,主题指数,20181228,20241030,CSI
931600.CSI,信用债隐含投资级,CSI,中证指数有限公司,债券指数,20161231,20210113,CSI
931600CNY04.CSI,信用债隐含投资级(净),CSI,中证指数有限公司,债券指数,20161231,20210113,CSI
931600CNY05.CSI,信用债隐含投资级(利),CSI,中证指数有限公司,债券指数,20161231,20210113,CSI
931600CNY06.CSI,信用债隐含投资级(税),CSI,中证指数有限公司,债券指数,20161231,20210113,CSI
931601.CSI,信用债隐含高收益,CSI,中证指数有限公司,债券指数,20161231,20210113,CSI
931601CNY04.CSI,信用债隐含高收益(净),CSI,中证指数有限公司,债券指数,20161231,20210113,CSI
931601CNY05.CSI,信用债隐含高收益(利),CSI,中证指数有限公司,债券指数,20161231,20210113,CSI
931601CNY06.CSI,信用债隐含高收益(税),CSI,中证指数有限公司,债券指数,20161231,20210113,CSI
931602.CSI,信用债0-1隐含AAA+,CSI,中证指数有限公司,债券指数,20161231,20210113,CSI
931602CNY04.CSI,信用债0-1隐含AAA+(净),CSI,中证指数有限公司,债券指数,20161231,20210113,CSI
931602CNY05.CSI,信用债0-1隐含AAA+(利),CSI,中证指数有限公司,债券指数,20161231,20210113,CSI
931602CNY06.CSI,信用债0-1隐含AAA+(税),CSI,中证指数有限公司,债券指数,20161231,20210113,CSI
931603.CSI,信用债0-1隐含AAA,CSI,中证指数有限公司,债券指数,20161231,20210113,CSI
931603CNY04.CSI,信用债0-1隐含AAA(净),CSI,中证指数有限公司,债券指数,20161231,20210113,CSI
931603CNY05.CSI,信用债0-1隐含AAA(利),CSI,中证指数有限公司,债券指数,20161231,20210113,CSI
931603CNY06.CSI,信用债0-1隐含AAA(税),CSI,中证指数有限公司,债券指数,20161231,20210113,CSI
931604.CSI,信用债0-1隐含AAA-,CSI,中证指数有限公司,债券指数,20190531,20210113,CSI
931604CNY04.CSI,信用债0-1隐含AAA-(净),CSI,中证指数有限公司,债券指数,20190531,20210113,CSI
931604CNY05.CSI,信用债0-1隐含AAA-(利),CSI,中证指数有限公司,债券指数,20190531,20210113,CSI
931604CNY06.CSI,信用债0-1隐含AAA-(税),CSI,中证指数有限公司,债券指数,20190531,20210113,CSI
931605.CSI,信用债0-1隐含AA+,CSI,中证指数有限公司,债券指数,20161231,20210113,CSI
931605CNY04.CSI,信用债0-1隐含AA+(净),CSI,中证指数有限公司,债券指数,20161231,20210113,CSI
931605CNY05.CSI,信用债0-1隐含AA+(利),CSI,中证指数有限公司,债券指数,20161231,20210113,CSI
931605CNY06.CSI,信用债0-1隐含AA+(税),CSI,中证指数有限公司,债券指数,20161231,20210113,CSI
931606.CSI,信用债0-1隐含AA,CSI,中证指数有限公司,债券指数,20161231,20210113,CSI
931606CNY04.CSI,信用债0-1隐含AA(净),CSI,中证指数有限公司,债券指数,20161231,20210113,CSI
931606CNY05.CSI,信用债0-1隐含AA(利),CSI,中证指数有限公司,债券指数,20161231,20210113,CSI
931606CNY06.CSI,信用债0-1隐含AA(税),CSI,中证指数有限公司,债券指数,20161231,20210113,CSI
931607.CSI,信用债0-1隐含投资级,CSI,中证指数有限公司,债券指数,20161231,20210113,CSI
931607CNY04.CSI,信用债0-1隐含投资级(净),CSI,中证指数有限公司,债券指数,20161231,20210113,CSI
931607CNY05.CSI,信用债0-1隐含投资级(利),CSI,中证指数有限公司,债券指数,20161231,20210113,CSI
931607CNY06.CSI,信用债0-1隐含投资级(税),CSI,中证指数有限公司,债券指数,20161231,20210113,CSI
931608.CSI,信用债0-1隐含高收益,CSI,中证指数有限公司,债券指数,20161231,20210113,CSI
931608CNY04.CSI,信用债0-1隐含高收益(净),CSI,中证指数有限公司,债券指数,20161231,20210113,CSI
931608CNY05.CSI,信用债0-1隐含高收益(利),CSI,中证指数有限公司,债券指数,20161231,20210113,CSI
931608CNY06.CSI,信用债0-1隐含高收益(税),CSI,中证指数有限公司,债券指数,20161231,20210113,CSI
931609.CSI,信用债1-3隐含AAA+,CSI,中证指数有限公司,债券指数,20161231,20210113,CSI
931609CNY04.CSI,信用债1-3隐含AAA+(净),CSI,中证指数有限公司,债券指数,20161231,20210113,CSI
931609CNY05.CSI,信用债1-3隐含AAA+(利),CSI,中证指数有限公司,债券指数,20161231,20210113,CSI
931609CNY06.CSI,信用债1-3隐含AAA+(税),CSI,中证指数有限公司,债券指数,20161231,20210113,CSI
931610.CSI,信用债1-3隐含AAA,CSI,中证指数有限公司,债券指数,20161231,20210113,CSI
931610CNY04.CSI,信用债1-3隐含AAA(净),CSI,中证指数有限公司,债券指数,20161231,20210113,CSI
931610CNY05.CSI,信用债1-3隐含AAA(利),CSI,中证指数有限公司,债券指数,20161231,20210113,CSI
931610CNY06.CSI,信用债1-3隐含AAA(税),CSI,中证指数有限公司,债券指数,20161231,20210113,CSI
931611.CSI,信用债1-3隐含AAA-,CSI,中证指数有限公司,债券指数,20190531,20210113,CSI
931611CNY04.CSI,信用债1-3隐含AAA-(净),CSI,中证指数有限公司,债券指数,20190531,20210113,CSI
931611CNY05.CSI,信用债1-3隐含AAA-(利),CSI,中证指数有限公司,债券指数,20190531,20210113,CSI
931611CNY06.CSI,信用债1-3隐含AAA-(税),CSI,中证指数有限公司,债券指数,20190531,20210113,CSI
931612.CSI,信用债1-3隐含AA+,CSI,中证指数有限公司,债券指数,20161231,20210113,CSI
931612CNY04.CSI,信用债1-3隐含AA+(净),CSI,中证指数有限公司,债券指数,20161231,20210113,CSI
931612CNY05.CSI,信用债1-3隐含AA+(利),CSI,中证指数有限公司,债券指数,20161231,20210113,CSI
931612CNY06.CSI,信用债1-3隐含AA+(税),CSI,中证指数有限公司,债券指数,20161231,20210113,CSI
931613.CSI,信用债1-3隐含AA,CSI,中证指数有限公司,债券指数,20161231,20210113,CSI
931613CNY04.CSI,信用债1-3隐含AA(净),CSI,中证指数有限公司,债券指数,20161231,20210113,CSI
931613CNY05.CSI,信用债1-3隐含AA(利),CSI,中证指数有限公司,债券指数,20161231,20210113,CSI
931613CNY06.CSI,信用债1-3隐含AA(税),CSI,中证指数有限公司,债券指数,20161231,20210113,CSI
931614.CSI,信用债1-3隐含投资级,CSI,中证指数有限公司,债券指数,20161231,20210113,CSI
931614CNY04.CSI,信用债1-3隐含投资级(净),CSI,中证指数有限公司,债券指数,20161231,20210113,CSI
931614CNY05.CSI,信用债1-3隐含投资级(利),CSI,中证指数有限公司,债券指数,20161231,20210113,CSI
931614CNY06.CSI,信用债1-3隐含投资级(税),CSI,中证指数有限公司,债券指数,20161231,20210113,CSI
931615.CSI,信用债1-3隐含高收益,CSI,中证指数有限公司,债券指数,20161231,20210113,CSI
931615CNY04.CSI,信用债1-3隐含高收益(净),CSI,中证指数有限公司,债券指数,20161231,20210113,CSI
931615CNY05.CSI,信用债1-3隐含高收益(利),CSI,中证指数有限公司,债券指数,20161231,20210113,CSI
931615CNY06.CSI,信用债1-3隐含高收益(税),CSI,中证指数有限公司,债券指数,20161231,20210113,CSI
931616.CSI,信用债1-5隐含AAA+,CSI,中证指数有限公司,债券指数,20161231,20210113,CSI
931616CNY04.CSI,信用债1-5隐含AAA+(净),CSI,中证指数有限公司,债券指数,20161231,20210113,CSI
931616CNY05.CSI,信用债1-5隐含AAA+(利),CSI,中证指数有限公司,债券指数,20161231,20210113,CSI
931616CNY06.CSI,信用债1-5隐含AAA+(税),CSI,中证指数有限公司,债券指数,20161231,20210113,CSI
931617.CSI,信用债1-5隐含AAA,CSI,中证指数有限公司,债券指数,20161231,20210113,CSI
931617CNY04.CSI,信用债1-5隐含AAA(净),CSI,中证指数有限公司,债券指数,20161231,20210113,CSI
931617CNY05.CSI,信用债1-5隐含AAA(利),CSI,中证指数有限公司,债券指数,20161231,20210113,CSI
931617CNY06.CSI,信用债1-5隐含AAA(税),CSI,中证指数有限公司,债券指数,20161231,20210113,CSI
931618.CSI,信用债1-5隐含AAA-,CSI,中证指数有限公司,债券指数,20190531,20210113,CSI
931618CNY04.CSI,信用债1-5隐含AAA-(净),CSI,中证指数有限公司,债券指数,20190531,20210113,CSI
931618CNY05.CSI,信用债1-5隐含AAA-(利),CSI,中证指数有限公司,债券指数,20190531,20210113,CSI
931618CNY06.CSI,信用债1-5隐含AAA-(税),CSI,中证指数有限公司,债券指数,20190531,20210113,CSI
931619.CSI,信用债1-5隐含AA+,CSI,中证指数有限公司,债券指数,20161231,20210113,CSI
931619CNY04.CSI,信用债1-5隐含AA+(净),CSI,中证指数有限公司,债券指数,20161231,20210113,CSI
931619CNY05.CSI,信用债1-5隐含AA+(利),CSI,中证指数有限公司,债券指数,20161231,20210113,CSI
931619CNY06.CSI,信用债1-5隐含AA+(税),CSI,中证指数有限公司,债券指数,20161231,20210113,CSI
931620.CSI,信用债1-5隐含AA,CSI,中证指数有限公司,债券指数,20161231,20210113,CSI
931620CNY04.CSI,信用债1-5隐含AA(净),CSI,中证指数有限公司,债券指数,20161231,20210113,CSI
931620CNY05.CSI,信用债1-5隐含AA(利),CSI,中证指数有限公司,债券指数,20161231,20210113,CSI
931620CNY06.CSI,信用债1-5隐含AA(税),CSI,中证指数有限公司,债券指数,20161231,20210113,CSI
931621.CSI,信用债1-5隐含投资级,CSI,中证指数有限公司,债券指数,20161231,20210113,CSI
931621CNY04.CSI,信用债1-5隐含投资级(净),CSI,中证指数有限公司,债券指数,20161231,20210113,CSI
931621CNY05.CSI,信用债1-5隐含投资级(利),CSI,中证指数有限公司,债券指数,20161231,20210113,CSI
931621CNY06.CSI,信用债1-5隐含投资级(税),CSI,中证指数有限公司,债券指数,20161231,20210113,CSI
931622.CSI,信用债1-5隐含高收益,CSI,中证指数有限公司,债券指数,20161231,20210113,CSI
931622CNY04.CSI,信用债1-5隐含高收益(净),CSI,中证指数有限公司,债券指数,20161231,20210113,CSI
931622CNY05.CSI,信用债1-5隐含高收益(利),CSI,中证指数有限公司,债券指数,20161231,20210113,CSI
931622CNY06.CSI,信用债1-5隐含高收益(税),CSI,中证指数有限公司,债券指数,20161231,20210113,CSI
931623.CSI,信用债3-5隐含AAA+,CSI,中证指数有限公司,债券指数,20161231,20210113,CSI
931623CNY04.CSI,信用债3-5隐含AAA+(净),CSI,中证指数有限公司,债券指数,20161231,20210113,CSI
931623CNY05.CSI,信用债3-5隐含AAA+(利),CSI,中证指数有限公司,债券指数,20161231,20210113,CSI
931623CNY06.CSI,信用债3-5隐含AAA+(税),CSI,中证指数有限公司,债券指数,20161231,20210113,CSI
931624.CSI,信用债3-5隐含AAA,CSI,中证指数有限公司,债券指数,20161231,20210113,CSI
931624CNY04.CSI,信用债3-5隐含AAA(净),CSI,中证指数有限公司,债券指数,20161231,20210113,CSI
931624CNY05.CSI,信用债3-5隐含AAA(利),CSI,中证指数有限公司,债券指数,20161231,20210113,CSI
931624CNY06.CSI,信用债3-5隐含AAA(税),CSI,中证指数有限公司,债券指数,20161231,20210113,CSI
931625.CSI,信用债3-5隐含AAA-,CSI,中证指数有限公司,债券指数,20190531,20210113,CSI
931625CNY04.CSI,信用债3-5隐含AAA-(净),CSI,中证指数有限公司,债券指数,20190531,20210113,CSI
931625CNY05.CSI,信用债3-5隐含AAA-(利),CSI,中证指数有限公司,债券指数,20190531,20210113,CSI
931625CNY06.CSI,信用债3-5隐含AAA-(税),CSI,中证指数有限公司,债券指数,20190531,20210113,CSI
931626.CSI,信用债3-5隐含AA+,CSI,中证指数有限公司,债券指数,20161231,20210113,CSI
931626CNY04.CSI,信用债3-5隐含AA+(净),CSI,中证指数有限公司,债券指数,20161231,20210113,CSI
931626CNY05.CSI,信用债3-5隐含AA+(利),CSI,中证指数有限公司,债券指数,20161231,20210113,CSI
931626CNY06.CSI,信用债3-5隐含AA+(税),CSI,中证指数有限公司,债券指数,20161231,20210113,CSI
931627.CSI,信用债3-5隐含AA,CSI,中证指数有限公司,债券指数,20161231,20210113,CSI
931627CNY04.CSI,信用债3-5隐含AA(净),CSI,中证指数有限公司,债券指数,20161231,20210113,CSI
931627CNY05.CSI,信用债3-5隐含AA(利),CSI,中证指数有限公司,债券指数,20161231,20210113,CSI
931627CNY06.CSI,信用债3-5隐含AA(税),CSI,中证指数有限公司,债券指数,20161231,20210113,CSI
931628.CSI,信用债3-5隐含投资级,CSI,中证指数有限公司,债券指数,20161231,20210113,CSI
931628CNY04.CSI,信用债3-5隐含投资级(净),CSI,中证指数有限公司,债券指数,20161231,20210113,CSI
931628CNY05.CSI,信用债3-5隐含投资级(利),CSI,中证指数有限公司,债券指数,20161231,20210113,CSI
931628CNY06.CSI,信用债3-5隐含投资级(税),CSI,中证指数有限公司,债券指数,20161231,20210113,CSI
931629.CSI,信用债3-5隐含高收益,CSI,中证指数有限公司,债券指数,20161231,20210113,CSI
931629CNY04.CSI,信用债3-5隐含高收益(净),CSI,中证指数有限公司,债券指数,20161231,20210113,CSI
931629CNY05.CSI,信用债3-5隐含高收益(利),CSI,中证指数有限公司,债券指数,20161231,20210113,CSI
931629CNY06.CSI,信用债3-5隐含高收益(税),CSI,中证指数有限公司,债券指数,20161231,20210113,CSI
931630.CSI,标票指数,CSI,中证指数有限公司,债券指数,20200731,20201221,CSI
931630CNY04.CSI,标票指数(净),CSI,中证指数有限公司,债券指数,20200731,20201221,CSI
931630CNY05.CSI,标票指数(利),CSI,中证指数有限公司,债券指数,20200731,20201221,CSI
931630CNY06.CSI,标票指数(税),CSI,中证指数有限公司,债券指数,20200731,20201221,CSI
931631.CSI,标票银票,CSI,中证指数有限公司,债券指数,20200731,20201221,CSI
931631CNY04.CSI,标票银票(净),CSI,中证指数有限公司,债券指数,20200731,20201221,CSI
931631CNY05.CSI,标票银票(利),CSI,中证指数有限公司,债券指数,20200731,20201221,CSI
931631CNY06.CSI,标票银票(税),CSI,中证指数有限公司,债券指数,20200731,20201221,CSI
931632.CSI,标票商票,CSI,中证指数有限公司,债券指数,20200731,20201221,CSI
931632CNY04.CSI,标票商票(净),CSI,中证指数有限公司,债券指数,20200731,20201221,CSI
931632CNY05.CSI,标票商票(利),CSI,中证指数有限公司,债券指数,20200731,20201221,CSI
931632CNY06.CSI,标票商票(税),CSI,中证指数有限公司,债券指数,20200731,20201221,CSI
931633.CSI,标票已贴现商票,CSI,中证指数有限公司,债券指数,20200831,20201221,CSI
931633CNY04.CSI,标票已贴现商票(净),CSI,中证指数有限公司,债券指数,20200831,20201221,CSI
931633CNY05.CSI,标票已贴现商票(利),CSI,中证指数有限公司,债券指数,20200831,20201221,CSI
931633CNY06.CSI,标票已贴现商票(税),CSI,中证指数有限公司,债券指数,20200831,20201221,CSI
931634.CSI,标票未贴现商票,CSI,中证指数有限公司,债券指数,20200731,20201221,CSI
931634CNY04.CSI,标票未贴现商票(净),CSI,中证指数有限公司,债券指数,20200731,20201221,CSI
931634CNY05.CSI,标票未贴现商票(利),CSI,中证指数有限公司,债券指数,20200731,20201221,CSI
931634CNY06.CSI,标票未贴现商票(税),CSI,中证指数有限公司,债券指数,20200731,20201221,CSI
931635.CSI,标票银行信用,CSI,中证指数有限公司,债券指数,20200731,20201221,CSI
931635CNY04.CSI,标票银行信用(净),CSI,中证指数有限公司,债券指数,20200731,20201221,CSI
931635CNY05.CSI,标票银行信用(利),CSI,中证指数有限公司,债券指数,20200731,20201221,CSI
931635CNY06.CSI,标票银行信用(税),CSI,中证指数有限公司,债券指数,20200731,20201221,CSI
931636.CSI,新基建主体信用,CSI,中证指数有限公司,债券指数,20131231,20210113,CSI
931636CNY04.CSI,新基建主体信用(净),CSI,中证指数有限公司,债券指数,20131231,20210113,CSI
931636CNY05.CSI,新基建主体信用(利),CSI,中证指数有限公司,债券指数,20131231,20210113,CSI
931636CNY06.CSI,新基建主体信用(税),CSI,中证指数有限公司,债券指数,20131231,20210113,CSI
931637.CSI,港股通互联网,CSI,中证指数有限公司,主题指数,20161230,20210111,CSI
931637CNY00.CSI,港股通互联网CNY,CSI,中证指数有限公司,主题指数,20161230,20210111,CSI
931637CNY01.CSI,港股通互联网(全)CNY,CSI,中证指数有限公司,主题指数,20161230,20210111,CSI
931637CNY100.CSI,港股通互联网人民币中间价,CSI,中证指数有限公司,主题指数,20161230,20210111,CSI
931637CNY110.CSI,港股通互联网人民币中间价(全),CSI,中证指数有限公司,主题指数,20161230,20210111,CSI
931637HKD01.CSI,港股通互联网(全),CSI,中证指数有限公司,主题指数,20161230,20210111,CSI
931638.CSI,港股互联网,CSI,中证指数有限公司,主题指数,20161230,20210111,CSI
931638CNY00.CSI,港股互联网CNY,CSI,中证指数有限公司,主题指数,20161230,20210111,CSI
931638CNY01.CSI,港股互联网(全)CNY,CSI,中证指数有限公司,主题指数,20161230,20210111,CSI
931638HKD01.CSI,港股互联网(全),CSI,中证指数有限公司,主题指数,20161230,20210111,CSI
931639.CSI,创新药优势成长50,CSI,中证指数有限公司,主题指数,20141231,20210219,CSI
931639CNY01.CSI,创新药优势成长50全收益,CSI,中证指数有限公司,主题指数,20141231,20210219,CSI
931640.CSI,0-1年国开债L,CSI,中证指数有限公司,债券指数,20131231,20210223,CSI
931640CNY04.CSI,0-1年国开债L(净),CSI,中证指数有限公司,债券指数,20131231,20210223,CSI
931640CNY05.CSI,0-1年国开债L(利),CSI,中证指数有限公司,债券指数,20131231,20210223,CSI
931641.CSI,1-3年国开债L,CSI,中证指数有限公司,债券指数,20131231,20210223,CSI
931641CNY04.CSI,1-3年国开债L(净),CSI,中证指数有限公司,债券指数,20131231,20210223,CSI
931641CNY05.CSI,1-3年国开债L(利),CSI,中证指数有限公司,债券指数,20131231,20210223,CSI
931642.CSI,3-5年国开债L,CSI,中证指数有限公司,债券指数,20131231,20210223,CSI
931642CNY04.CSI,3-5年国开债L(净),CSI,中证指数有限公司,债券指数,20131231,20210223,CSI
931642CNY05.CSI,3-5年国开债L(利),CSI,中证指数有限公司,债券指数,20131231,20210223,CSI
931643.CSI,科创创业50,CSI,中证指数有限公司,规模指数,20191231,20210601,CSI
931643CNY01.CSI,科创创业50全收益,CSI,中证指数有限公司,规模指数,20191231,20210601,CSI
931644.CSI,800红利,CSI,中证指数有限公司,策略指数,20131231,20240315,CSI
931644CNY010.CSI,800红利全收益,CSI,中证指数有限公司,策略指数,20131231,20240315,CSI
931644CNY020.CSI,800红利净收益,CSI,中证指数有限公司,策略指数,20131231,20240315,CSI
931645.CSI,1000红利,CSI,中证指数有限公司,策略指数,20131231,20240315,CSI
931645CNY010.CSI,1000红利全收益,CSI,中证指数有限公司,策略指数,20131231,20240315,CSI
931645CNY020.CSI,1000红利净收益,CSI,中证指数有限公司,策略指数,20131231,20240315,CSI
931646.CSI,SHS新消费,CSI,中证指数有限公司,主题指数,20141231,20210407,CSI
931646CNY01.CSI,SHS新消费(全),CSI,中证指数有限公司,主题指数,20141231,20210407,CSI
931646HKD00.CSI,SHS新消费HKD,CSI,中证指数有限公司,主题指数,20141231,20210407,CSI
931646HKD01.CSI,SHS新消费(全)HKD,CSI,中证指数有限公司,主题指数,20141231,20210407,CSI
931647.CSI,兴银理财均衡300,CSI,中证指数有限公司,策略指数,20041231,20210305,CSI
931647CNY01.CSI,兴银理财均衡300全收益,CSI,中证指数有限公司,策略指数,20041231,20210305,CSI
931648.CSI,500ESG,CSI,中证指数有限公司,主题指数,20170630,20210412,CSI
931648CNY01.CSI,500ESG全收益,CSI,中证指数有限公司,主题指数,20170630,20210412,CSI
931648CNY02.CSI,500ESG净收益,CSI,中证指数有限公司,主题指数,20170630,20210412,CSI
931649.CSI,500ESG领先,CSI,中证指数有限公司,主题指数,20170630,20210412,CSI
931649CNY01.CSI,500ESG领先全收益,CSI,中证指数有限公司,主题指数,20170630,20210412,CSI
931649CNY02.CSI,500ESG领先净收益,CSI,中证指数有限公司,主题指数,20170630,20210412,CSI
931650.CSI,800ESG,CSI,中证指数有限公司,主题指数,20170630,20220708,CSI
931650CNY01.CSI,800ESG全收益,CSI,中证指数有限公司,主题指数,20170630,20220708,CSI
931650CNY02.CSI,800ESG净收益,CSI,中证指数有限公司,主题指数,20170630,20220708,CSI
931651.CSI,800ESG领先,CSI,中证指数有限公司,主题指数,20170630,20210412,CSI
931651CNY01.CSI,800ESG领先全收益,CSI,中证指数有限公司,主题指数,20170630,20210412,CSI
931651CNY02.CSI,800ESG领先净收益,CSI,中证指数有限公司,主题指数,20170630,20210412,CSI
931652.CSI,厦门指数,CSI,中证指数有限公司,主题指数,20121231,20210407,CSI
931652CNY01.CSI,厦门指数全收益,CSI,中证指数有限公司,主题指数,20121231,20210407,CSI
931653.CSI,转债偏股策略,CSI,中证指数有限公司,债券指数,20161231,20210325,CSI
931653CNY04.CSI,转债偏股策略(净),CSI,中证指数有限公司,债券指数,20161231,20210325,CSI
931653CNY05.CSI,转债偏股策略(利),CSI,中证指数有限公司,债券指数,20161231,20210325,CSI
931653CNY06.CSI,转债偏股策略(税),CSI,中证指数有限公司,债券指数,20161231,20210325,CSI
931654.CSI,广银理财沪港深健康龙头,CSI,中证指数有限公司,主题指数,20141231,20220111,CSI
931654CNY01.CSI,广银理财沪港深健康龙头(全),CSI,中证指数有限公司,主题指数,20141231,20220111,CSI
931654HKD00.CSI,广银理财沪港深健康龙头HKD,CSI,中证指数有限公司,主题指数,20141231,20220111,CSI
931654HKD01.CSI,广银理财沪港深健康龙头(全)HKD,CSI,中证指数有限公司,主题指数,20141231,20220111,CSI
931655.CSI,广银理财沪港深科技龙头,CSI,中证指数有限公司,主题指数,20141231,20220111,CSI
931655CNY01.CSI,广银理财沪港深科技龙头(全),CSI,中证指数有限公司,主题指数,20141231,20220111,CSI
931655HKD00.CSI,广银理财沪港深科技龙头HKD,CSI,中证指数有限公司,主题指数,20141231,20220111,CSI
931655HKD01.CSI,广银理财沪港深科技龙头(全)HKD,CSI,中证指数有限公司,主题指数,20141231,20220111,CSI
931656.CSI,全球算力,CSI,中证指数有限公司,主题指数,20181228,20250924,CSI
931656CNY210.CSI,全球算力(全),CSI,中证指数有限公司,主题指数,20181228,20250924,CSI
931656HKD200.CSI,全球算力HKD,CSI,中证指数有限公司,主题指数,20181228,20250924,CSI
931656HKD210.CSI,全球算力(全)HKD,CSI,中证指数有限公司,主题指数,20181228,20250924,CSI
931656USD200.CSI,全球算力USD,CSI,中证指数有限公司,主题指数,20181228,20250924,CSI
931656USD210.CSI,全球算力(全)USD,CSI,中证指数有限公司,主题指数,20181228,20250924,CSI
931657.CSI,精选市场算力,CSI,中证指数有限公司,主题指数,20181228,20250227,CSI
931657CNY200.CSI,精选市场算力CNY,CSI,中证指数有限公司,主题指数,20181228,20250227,CSI
931657CNY210.CSI,精选市场算力(全)CNY,CSI,中证指数有限公司,主题指数,20181228,20250227,CSI
931657HKD200.CSI,精选市场算力HKD,CSI,中证指数有限公司,主题指数,20181228,20250227,CSI
931657HKD210.CSI,精选市场算力(全)HKD,CSI,中证指数有限公司,主题指数,20181228,20250227,CSI
931657USD210.CSI,精选市场算力(全),CSI,中证指数有限公司,主题指数,20181228,20250227,CSI
931658.CSI,中邮理财稳健策略,CSI,中证指数有限公司,基金指数,20170630,20201211,CSI
931659.CSI,中邮理财平衡策略,CSI,中证指数有限公司,基金指数,20170630,20201211,CSI
931660.CSI,中证东盟80,CSI,中证指数有限公司,规模指数,20041231,20110812,CSI
931660CNY01.CSI,中证东盟80全收益,CSI,中证指数有限公司,规模指数,20041231,20110812,CSI
931660USD00.CSI,中证东盟80美元,CSI,中证指数有限公司,规模指数,20041231,20110812,CSI
931660USD01.CSI,中证东盟80美元全收益,CSI,中证指数有限公司,规模指数,20041231,20110812,CSI
931661.CSI,500ESG价值,CSI,中证指数有限公司,主题指数,20170630,20210412,CSI
931661CNY01.CSI,500ESG价值全收益,CSI,中证指数有限公司,主题指数,20170630,20210412,CSI
931662.CSI,800ESG价值,CSI,中证指数有限公司,主题指数,20170630,20210412,CSI
931662CNY01.CSI,800ESG价值全收益,CSI,中证指数有限公司,主题指数,20170630,20210412,CSI
931663.CSI,SHS消费龙头,CSI,中证指数有限公司,主题指数,20141231,20150313,CSI
931663CNY01.CSI,SHS消费龙头(全),CSI,中证指数有限公司,主题指数,20141231,20150313,CSI
931663HKD00.CSI,SHS消费龙头HKD,CSI,中证指数有限公司,主题指数,20141231,20150313,CSI
931663HKD01.CSI,SHS消费龙头(全)HKD,CSI,中证指数有限公司,主题指数,20141231,20150313,CSI
931664.CSI,动力电池,CSI,中证指数有限公司,主题指数,20141231,20210407,CSI
931664CNY01.CSI,动力电池全收益,CSI,中证指数有限公司,主题指数,20141231,20210407,CSI
931665.CSI,CS常州,CSI,中证指数有限公司,主题指数,20141231,20210409,CSI
931665CNY01.CSI,CS常州全收益,CSI,中证指数有限公司,主题指数,20141231,20210409,CSI
931666.CSI,宁波综指,CSI,中证指数有限公司、宁波市地方金融监督管理局、中国证券监督管理委员会宁波监管局,主题指数,20101231,20211125,CSI
931666CNY01.CSI,宁波综指全收益,CSI,中证指数有限公司、宁波市地方金融监督管理局、中国证券监督管理委员会宁波监管局,主题指数,20101231,20211125,CSI
931667.CSI,800ESG债券,CSI,中证指数有限公司,债券指数,20170630,20210325,CSI
931667CNY04.CSI,800ESG债券(净),CSI,中证指数有限公司,债券指数,20170630,20210325,CSI
931667CNY05.CSI,800ESG债券(利),CSI,中证指数有限公司,债券指数,20170630,20210325,CSI
931667CNY06.CSI,800ESG债券(税),CSI,中证指数有限公司,债券指数,20170630,20210325,CSI
931668.CSI,800ESG信用债,CSI,中证指数有限公司,债券指数,20170630,20210325,CSI
931668CNY04.CSI,800ESG信用债(净),CSI,中证指数有限公司,债券指数,20170630,20210325,CSI
931668CNY05.CSI,800ESG信用债(利),CSI,中证指数有限公司,债券指数,20170630,20210325,CSI
931668CNY06.CSI,800ESG信用债(税),CSI,中证指数有限公司,债券指数,20170630,20210325,CSI
931669.CSI,精选市场生物科技,CSI,中证指数有限公司,主题指数,20181228,20250227,CSI
931669CNY200.CSI,精选市场生物科技CNY,CSI,中证指数有限公司,主题指数,20181228,20250227,CSI
931669CNY210.CSI,精选市场生物科技(全)CNY,CSI,中证指数有限公司,主题指数,20181228,20250227,CSI
931669HKD200.CSI,精选市场生物科技HKD,CSI,中证指数有限公司,主题指数,20181228,20250227,CSI
931669HKD210.CSI,精选市场生物科技(全)HKD,CSI,中证指数有限公司,主题指数,20181228,20250227,CSI
931669USD210.CSI,精选市场生物科技(全),CSI,中证指数有限公司,主题指数,20181228,20250227,CSI
931670.CSI,医疗50,CSI,中证指数有限公司,主题指数,20151231,20150408,CSI
931670CNY01.CSI,医疗50全收益,CSI,中证指数有限公司,主题指数,20151231,20150408,CSI
931671.CSI,新能源车优势30,CSI,中证指数有限公司,主题指数,20141231,20210429,CSI
931671CNY01.CSI,新能源车优势30全收益,CSI,中证指数有限公司,主题指数,20141231,20210429,CSI
931672.CSI,风电产业,CSI,中证指数有限公司,主题指数,20141231,20210429,CSI
931672CNY01.CSI,风电产业全收益,CSI,中证指数有限公司,主题指数,20141231,20210429,CSI
931673.CSI,SHS风电产业,CSI,中证指数有限公司,主题指数,20141231,20210429,CSI
931673CNY01.CSI,SHS风电产业(全),CSI,中证指数有限公司,主题指数,20141231,20210429,CSI
931673HKD00.CSI,SHS风电产业HKD,CSI,中证指数有限公司,主题指数,20141231,20210429,CSI
931673HKD01.CSI,SHS风电产业(全)HKD,CSI,中证指数有限公司,主题指数,20141231,20210429,CSI
931674.CSI,中票短融0-1AAA,CSI,中证指数有限公司,债券指数,20161231,20210305,CSI
931674CNY04.CSI,中票短融0-1AAA(净),CSI,中证指数有限公司,债券指数,20161231,20210305,CSI
931674CNY05.CSI,中票短融0-1AAA(利),CSI,中证指数有限公司,债券指数,20161231,20210305,CSI
931674CNY06.CSI,中票短融0-1AAA(税),CSI,中证指数有限公司,债券指数,20161231,20210305,CSI
931675.CSI,中票短融0-1高等级,CSI,中证指数有限公司,债券指数,20161231,20210305,CSI
931675CNY04.CSI,中票短融0-1高等级(净),CSI,中证指数有限公司,债券指数,20161231,20210305,CSI
931675CNY05.CSI,中票短融0-1高等级(利),CSI,中证指数有限公司,债券指数,20161231,20210305,CSI
931675CNY06.CSI,中票短融0-1高等级(税),CSI,中证指数有限公司,债券指数,20161231,20210305,CSI
931676.CSI,中票短融0-3AAA,CSI,中证指数有限公司,债券指数,20161231,20210305,CSI
931676CNY04.CSI,中票短融0-3AAA(净),CSI,中证指数有限公司,债券指数,20161231,20210305,CSI
931676CNY05.CSI,中票短融0-3AAA(利),CSI,中证指数有限公司,债券指数,20161231,20210305,CSI
931676CNY06.CSI,中票短融0-3AAA(税),CSI,中证指数有限公司,债券指数,20161231,20210305,CSI
931677.CSI,中票短融0-3高等级,CSI,中证指数有限公司,债券指数,20161231,20210305,CSI
931677CNY04.CSI,中票短融0-3高等级(净),CSI,中证指数有限公司,债券指数,20161231,20210305,CSI
931677CNY05.CSI,中票短融0-3高等级(利),CSI,中证指数有限公司,债券指数,20161231,20210305,CSI
931677CNY06.CSI,中票短融0-3高等级(税),CSI,中证指数有限公司,债券指数,20161231,20210305,CSI
931678.CSI,目标保守,CSI,中证指数有限公司,多资产指数,20051230,20210409,CSI
931679.CSI,目标稳健,CSI,中证指数有限公司,多资产指数,20051230,20210409,CSI
931680.CSI,目标平衡,CSI,中证指数有限公司,多资产指数,20051230,20210409,CSI
931681.CSI,目标积极,CSI,中证指数有限公司,多资产指数,20051230,20210409,CSI
931682.CSI,酒主题,CSI,中证指数有限公司,主题指数,20041231,20090616,CSI
931682CNY01.CSI,酒主题全收益,CSI,中证指数有限公司,主题指数,20041231,20090616,CSI
931683.CSI,SHS酒主题,CSI,中证指数有限公司,主题指数,20141231,20121221,CSI
931683CNY01.CSI,SHS酒主题(全),CSI,中证指数有限公司,主题指数,20141231,20121221,CSI
931683HKD00.CSI,SHS酒主题HKD,CSI,中证指数有限公司,主题指数,20141231,20121221,CSI
931683HKD01.CSI,SHS酒主题(全)HKD,CSI,中证指数有限公司,主题指数,20141231,20121221,CSI
931684.CSI,300价值策略,CSI,中证指数有限公司,策略指数,20101231,20240517,CSI
931684CNY010.CSI,300价值策略全收益,CSI,中证指数有限公司,策略指数,20101231,20240517,CSI
931684CNY020.CSI,300价值策略净收益,CSI,中证指数有限公司,策略指数,20101231,20240517,CSI
931685.CSI,300成长策略,CSI,中证指数有限公司,策略指数,20101231,20240517,CSI
931685CNY010.CSI,300成长策略全收益,CSI,中证指数有限公司,策略指数,20101231,20240517,CSI
931685CNY020.CSI,300成长策略净收益,CSI,中证指数有限公司,策略指数,20101231,20240517,CSI
931686.CSI,1000ESG领先,CSI,中证指数有限公司,主题指数,20170630,20240328,CSI
931686CNY010.CSI,1000ESG领先全收益,CSI,中证指数有限公司,主题指数,20170630,20240328,CSI
931687.CSI,证券时报价值100,CSI,中证指数有限公司,主题指数,20070629,20210514,CSI
931687CNY01.CSI,证券时报价值100全收益,CSI,中证指数有限公司,主题指数,20070629,20210514,CSI
931688.CSI,中证算力,CSI,中证指数有限公司,主题指数,20191231,20220721,CSI
931688CNY010.CSI,中证算力全收益,CSI,中证指数有限公司,主题指数,20191231,20220721,CSI
931689.CSI,2年久期国开债,CSI,中证指数有限公司,债券指数,20071231,20210514,CSI
931689CNY04.CSI,2年久期国开债(净),CSI,中证指数有限公司,债券指数,20071231,20210514,CSI
931689CNY05.CSI,2年久期国开债(利),CSI,中证指数有限公司,债券指数,20071231,20210514,CSI
931690.CSI,3年久期国开债,CSI,中证指数有限公司,债券指数,20071231,20210514,CSI
931690CNY04.CSI,3年久期国开债(净),CSI,中证指数有限公司,债券指数,20071231,20210514,CSI
931690CNY05.CSI,3年久期国开债(利),CSI,中证指数有限公司,债券指数,20071231,20210514,CSI
931691.CSI,7年久期国开债,CSI,中证指数有限公司,债券指数,20071231,20210514,CSI
931691CNY04.CSI,7年久期国开债(净),CSI,中证指数有限公司,债券指数,20071231,20210514,CSI
931691CNY05.CSI,7年久期国开债(利),CSI,中证指数有限公司,债券指数,20071231,20210514,CSI
931692.CSI,2年久期政金债,CSI,中证指数有限公司,债券指数,20071231,20210514,CSI
931692CNY04.CSI,2年久期政金债(净),CSI,中证指数有限公司,债券指数,20071231,20210514,CSI
931692CNY05.CSI,2年久期政金债(利),CSI,中证指数有限公司,债券指数,20071231,20210514,CSI
931693.CSI,3年久期政金债,CSI,中证指数有限公司,债券指数,20071231,20210514,CSI
931693CNY04.CSI,3年久期政金债(净),CSI,中证指数有限公司,债券指数,20071231,20210514,CSI
931693CNY05.CSI,3年久期政金债(利),CSI,中证指数有限公司,债券指数,20071231,20210514,CSI
931694.CSI,7年久期政金债,CSI,中证指数有限公司,债券指数,20071231,20210514,CSI
931694CNY04.CSI,7年久期政金债(净),CSI,中证指数有限公司,债券指数,20071231,20210514,CSI
931694CNY05.CSI,7年久期政金债(利),CSI,中证指数有限公司,债券指数,20071231,20210514,CSI
931695.CSI,成渝经济圈,CSI,中证指数有限公司,主题指数,20111230,20210429,CSI
931695CNY01.CSI,成渝经济圈全收益,CSI,中证指数有限公司,主题指数,20111230,20210429,CSI
931696.CSI,科技50策略,CSI,中证指数有限公司,策略指数,20081231,20210712,CSI
931696CNY01.CSI,科技50策略全收益,CSI,中证指数有限公司,策略指数,20081231,20210712,CSI
931697.CSI,消费50策略,CSI,中证指数有限公司,策略指数,20081231,20210712,CSI
931697CNY01.CSI,消费50策略全收益,CSI,中证指数有限公司,策略指数,20081231,20210712,CSI
931698.CSI,医药50策略,CSI,中证指数有限公司,策略指数,20081231,20210712,CSI
931698CNY01.CSI,医药50策略全收益,CSI,中证指数有限公司,策略指数,20081231,20210712,CSI
931699.CSI,信用债隐含AA+以上,CSI,中证指数有限公司,债券指数,20161231,20210601,CSI
931699CNY04.CSI,信用债隐含AA+以上(净),CSI,中证指数有限公司,债券指数,20161231,20210601,CSI
931699CNY05.CSI,信用债隐含AA+以上(利),CSI,中证指数有限公司,债券指数,20161231,20210601,CSI
931699CNY06.CSI,信用债隐含AA+以上(税),CSI,中证指数有限公司,债券指数,20161231,20210601,CSI
931700.CSI,信用债隐含AA以上,CSI,中证指数有限公司,债券指数,20161231,20210601,CSI
931700CNY04.CSI,信用债隐含AA以上(净),CSI,中证指数有限公司,债券指数,20161231,20210601,CSI
931700CNY05.CSI,信用债隐含AA以上(利),CSI,中证指数有限公司,债券指数,20161231,20210601,CSI
931700CNY06.CSI,信用债隐含AA以上(税),CSI,中证指数有限公司,债券指数,20161231,20210601,CSI
931701.CSI,信用债0-1隐含AA+以上,CSI,中证指数有限公司,债券指数,20161231,20210601,CSI
931701CNY04.CSI,信用债0-1隐含AA+以上(净),CSI,中证指数有限公司,债券指数,20161231,20210601,CSI
931701CNY05.CSI,信用债0-1隐含AA+以上(利),CSI,中证指数有限公司,债券指数,20161231,20210601,CSI
931701CNY06.CSI,信用债0-1隐含AA+以上(税),CSI,中证指数有限公司,债券指数,20161231,20210601,CSI
931702.CSI,信用债1-3隐含AA+以上,CSI,中证指数有限公司,债券指数,20161231,20210601,CSI
931702CNY04.CSI,信用债1-3隐含AA+以上(净),CSI,中证指数有限公司,债券指数,20161231,20210601,CSI
931702CNY05.CSI,信用债1-3隐含AA+以上(利),CSI,中证指数有限公司,债券指数,20161231,20210601,CSI
931702CNY06.CSI,信用债1-3隐含AA+以上(税),CSI,中证指数有限公司,债券指数,20161231,20210601,CSI
931703.CSI,信用债1-5隐含AA+以上,CSI,中证指数有限公司,债券指数,20161231,20210601,CSI
931703CNY04.CSI,信用债1-5隐含AA+以上(净),CSI,中证指数有限公司,债券指数,20161231,20210601,CSI
931703CNY05.CSI,信用债1-5隐含AA+以上(利),CSI,中证指数有限公司,债券指数,20161231,20210601,CSI
931703CNY06.CSI,信用债1-5隐含AA+以上(税),CSI,中证指数有限公司,债券指数,20161231,20210601,CSI
931704.CSI,信用债3-5隐含AA+以上,CSI,中证指数有限公司,债券指数,20161231,20210601,CSI
931704CNY04.CSI,信用债3-5隐含AA+以上(净),CSI,中证指数有限公司,债券指数,20161231,20210601,CSI
931704CNY05.CSI,信用债3-5隐含AA+以上(利),CSI,中证指数有限公司,债券指数,20161231,20210601,CSI
931704CNY06.CSI,信用债3-5隐含AA+以上(税),CSI,中证指数有限公司,债券指数,20161231,20210601,CSI
931705.CSI,信用债0-1隐含AA以上,CSI,中证指数有限公司,债券指数,20161231,20210601,CSI
931705CNY04.CSI,信用债0-1隐含AA以上(净),CSI,中证指数有限公司,债券指数,20161231,20210601,CSI
931705CNY05.CSI,信用债0-1隐含AA以上(利),CSI,中证指数有限公司,债券指数,20161231,20210601,CSI
931705CNY06.CSI,信用债0-1隐含AA以上(税),CSI,中证指数有限公司,债券指数,20161231,20210601,CSI
931706.CSI,信用债1-3隐含AA以上,CSI,中证指数有限公司,债券指数,20161231,20210601,CSI
931706CNY04.CSI,信用债1-3隐含AA以上(净),CSI,中证指数有限公司,债券指数,20161231,20210601,CSI
931706CNY05.CSI,信用债1-3隐含AA以上(利),CSI,中证指数有限公司,债券指数,20161231,20210601,CSI
931706CNY06.CSI,信用债1-3隐含AA以上(税),CSI,中证指数有限公司,债券指数,20161231,20210601,CSI
931707.CSI,信用债1-5隐含AA以上,CSI,中证指数有限公司,债券指数,20161231,20210601,CSI
931707CNY04.CSI,信用债1-5隐含AA以上(净),CSI,中证指数有限公司,债券指数,20161231,20210601,CSI
931707CNY05.CSI,信用债1-5隐含AA以上(利),CSI,中证指数有限公司,债券指数,20161231,20210601,CSI
931707CNY06.CSI,信用债1-5隐含AA以上(税),CSI,中证指数有限公司,债券指数,20161231,20210601,CSI
931708.CSI,信用债3-5隐含AA以上,CSI,中证指数有限公司,债券指数,20161231,20210601,CSI
931708CNY04.CSI,信用债3-5隐含AA以上(净),CSI,中证指数有限公司,债券指数,20161231,20210601,CSI
931708CNY05.CSI,信用债3-5隐含AA以上(利),CSI,中证指数有限公司,债券指数,20161231,20210601,CSI
931708CNY06.CSI,信用债3-5隐含AA以上(税),CSI,中证指数有限公司,债券指数,20161231,20210601,CSI
931709.CSI,信用债0-1隐含AA+以上利差策略,CSI,中证指数有限公司,债券指数,20161231,20210709,CSI
931709CNY04.CSI,信用债0-1隐含AA+以上利差策略(净),CSI,中证指数有限公司,债券指数,20161231,20210709,CSI
931709CNY05.CSI,信用债0-1隐含AA+以上利差策略(利),CSI,中证指数有限公司,债券指数,20161231,20210709,CSI
931709CNY06.CSI,信用债0-1隐含AA+以上利差策略(税),CSI,中证指数有限公司,债券指数,20161231,20210709,CSI
931710.CSI,信用债1-3隐含AA+以上利差策略,CSI,中证指数有限公司,债券指数,20161231,20210709,CSI
931710CNY04.CSI,信用债1-3隐含AA+以上利差策略(净),CSI,中证指数有限公司,债券指数,20161231,20210709,CSI
931710CNY05.CSI,信用债1-3隐含AA+以上利差策略(利),CSI,中证指数有限公司,债券指数,20161231,20210709,CSI
931710CNY06.CSI,信用债1-3隐含AA+以上利差策略(税),CSI,中证指数有限公司,债券指数,20161231,20210709,CSI
931711.CSI,信用债1-5隐含AA+以上利差策略,CSI,中证指数有限公司,债券指数,20161231,20210709,CSI
931711CNY04.CSI,信用债1-5隐含AA+以上利差策略(净),CSI,中证指数有限公司,债券指数,20161231,20210709,CSI
931711CNY05.CSI,信用债1-5隐含AA+以上利差策略(利),CSI,中证指数有限公司,债券指数,20161231,20210709,CSI
931711CNY06.CSI,信用债1-5隐含AA+以上利差策略(税),CSI,中证指数有限公司,债券指数,20161231,20210709,CSI
931712.CSI,信用债3-5隐含AA+以上利差策略,CSI,中证指数有限公司,债券指数,20161231,20210709,CSI
931712CNY04.CSI,信用债3-5隐含AA+以上利差策略(净),CSI,中证指数有限公司,债券指数,20161231,20210709,CSI
931712CNY05.CSI,信用债3-5隐含AA+以上利差策略(利),CSI,中证指数有限公司,债券指数,20161231,20210709,CSI
931712CNY06.CSI,信用债3-5隐含AA+以上利差策略(税),CSI,中证指数有限公司,债券指数,20161231,20210709,CSI
931713.CSI,信用债0-1隐含AA以上利差策略,CSI,中证指数有限公司,债券指数,20161231,20210709,CSI
931713CNY04.CSI,信用债0-1隐含AA以上利差策略(净),CSI,中证指数有限公司,债券指数,20161231,20210709,CSI
931713CNY05.CSI,信用债0-1隐含AA以上利差策略(利),CSI,中证指数有限公司,债券指数,20161231,20210709,CSI
931713CNY06.CSI,信用债0-1隐含AA以上利差策略(税),CSI,中证指数有限公司,债券指数,20161231,20210709,CSI
931714.CSI,信用债1-3隐含AA以上利差策略,CSI,中证指数有限公司,债券指数,20161231,20210709,CSI
931714CNY04.CSI,信用债1-3隐含AA以上利差策略(净),CSI,中证指数有限公司,债券指数,20161231,20210709,CSI
931714CNY05.CSI,信用债1-3隐含AA以上利差策略(利),CSI,中证指数有限公司,债券指数,20161231,20210709,CSI
931714CNY06.CSI,信用债1-3隐含AA以上利差策略(税),CSI,中证指数有限公司,债券指数,20161231,20210709,CSI
931715.CSI,信用债1-5隐含AA以上利差策略,CSI,中证指数有限公司,债券指数,20161231,20210709,CSI
931715CNY04.CSI,信用债1-5隐含AA以上利差策略(净),CSI,中证指数有限公司,债券指数,20161231,20210709,CSI
931715CNY05.CSI,信用债1-5隐含AA以上利差策略(利),CSI,中证指数有限公司,债券指数,20161231,20210709,CSI
931715CNY06.CSI,信用债1-5隐含AA以上利差策略(税),CSI,中证指数有限公司,债券指数,20161231,20210709,CSI
931716.CSI,信用债3-5隐含AA以上利差策略,CSI,中证指数有限公司,债券指数,20161231,20210709,CSI
931716CNY04.CSI,信用债3-5隐含AA以上利差策略(净),CSI,中证指数有限公司,债券指数,20161231,20210709,CSI
931716CNY05.CSI,信用债3-5隐含AA以上利差策略(利),CSI,中证指数有限公司,债券指数,20161231,20210709,CSI
931716CNY06.CSI,信用债3-5隐含AA以上利差策略(税),CSI,中证指数有限公司,债券指数,20161231,20210709,CSI
931717.CSI,宁波制造,CSI,中证指数有限公司、宁波市地方金融监督管理局、中国证券监督管理委员会宁波监管局,主题指数,20101231,20211125,CSI
931717CNY01.CSI,宁波制造全收益,CSI,中证指数有限公司、宁波市地方金融监督管理局、中国证券监督管理委员会宁波监管局,主题指数,20101231,20211125,CSI
931718.CSI,高端造质量成长50,CSI,中证指数有限公司,策略指数,20141231,20210825,CSI
931718CNY01.CSI,高端造质量成长50全收益,CSI,中证指数有限公司,策略指数,20141231,20210825,CSI
931719.CSI,CS电池,CSI,中证指数有限公司,主题指数,20141231,20130715,CSI
931719CNY01.CSI,CS电池全收益,CSI,中证指数有限公司,主题指数,20141231,20130715,CSI
931720.CSI,CS武进,CSI,中证指数有限公司,主题指数,20151231,20210819,CSI
931720CNY01.CSI,CS武进(全),CSI,中证指数有限公司,主题指数,20151231,20210819,CSI
931720HKD00.CSI,CS武进HKD,CSI,中证指数有限公司,主题指数,20151231,20210819,CSI
931720HKD01.CSI,CS武进(全)HKD,CSI,中证指数有限公司,主题指数,20151231,20210819,CSI
931720USD00.CSI,CS武进USD,CSI,中证指数有限公司,主题指数,20151231,20210819,CSI
931720USD01.CSI,CS武进(全)USD,CSI,中证指数有限公司,主题指数,20151231,20210819,CSI
931721.CSI,中美互联网人民币中间价,CSI,中证指数有限公司,主题指数,20131231,20160422,CSI
931721CNY01.CSI,中美互联网人民币中间价(全),CSI,中证指数有限公司,主题指数,20131231,20160422,CSI
931722.CSI,国新港股通央企红利,CSI,中证指数有限公司,策略指数,20161230,20230913,CSI
931722CNY100.CSI,国新港股通央企红利CPR,CSI,中证指数有限公司,策略指数,20161230,20230913,CSI
931722CNY110.CSI,国新港股通央企红利(全)CPR,CSI,中证指数有限公司,策略指数,20161230,20230913,CSI
931722HKD210.CSI,国新港股通央企红利(全),CSI,中证指数有限公司,策略指数,20161230,20230913,CSI
931722HKD220.CSI,国新港股通央企红利(净),CSI,中证指数有限公司,策略指数,20161230,20231228,CSI
931722USD200.CSI,国新港股通央企红利USD,CSI,中证指数有限公司,策略指数,20161230,20230913,CSI
931722USD210.CSI,国新港股通央企红利(全)USD,CSI,中证指数有限公司,策略指数,20161230,20230913,CSI
931723.CSI,光通信,CSI,中证指数有限公司,主题指数,20161230,20231031,CSI
931723CNY010.CSI,光通信全收益,CSI,中证指数有限公司,主题指数,20161230,20231031,CSI
931724.CSI,碳中和债,CSI,中证指数有限公司,债券指数,20210226,20210812,CSI
931724CNY04.CSI,碳中和债(净),CSI,中证指数有限公司,债券指数,20210226,20210812,CSI
931724CNY05.CSI,碳中和债(利),CSI,中证指数有限公司,债券指数,20210226,20210812,CSI
931724CNY06.CSI,碳中和债(税),CSI,中证指数有限公司,债券指数,20210226,20210812,CSI
931725.CSI,中华联合优质成长,CSI,中证指数有限公司,策略指数,20041231,20210809,CSI
931725CNY01.CSI,中华联合优质成长全收益,CSI,中证指数有限公司,策略指数,20041231,20210809,CSI
931726.CSI,网络安全,CSI,中证指数有限公司,主题指数,20141231,20210809,CSI
931726CNY01.CSI,网络安全全收益,CSI,中证指数有限公司,主题指数,20141231,20210809,CSI
931727.CSI,SHS食品,CSI,中证指数有限公司,主题指数,20161230,20210819,CSI
931727CNY01.CSI,SHS食品(全),CSI,中证指数有限公司,主题指数,20161230,20210819,CSI
931727HKD00.CSI,SHS食品HKD,CSI,中证指数有限公司,主题指数,20161230,20210819,CSI
931727HKD01.CSI,SHS食品(全)HKD,CSI,中证指数有限公司,主题指数,20161230,20210819,CSI
931728.CSI,食品主题,CSI,中证指数有限公司,主题指数,20161230,20210812,CSI
931728CNY01.CSI,食品主题全收益,CSI,中证指数有限公司,主题指数,20161230,20210812,CSI
931729HKD00.CSI,SHS芯片产业HKD,CSI,中证指数有限公司,主题指数,20151231,20210825,CSI
931729HKD01.CSI,SHS芯片产业(全)HKD,CSI,中证指数有限公司,主题指数,20151231,20210825,CSI
931730.CSI,SHS光伏30,CSI,中证指数有限公司,主题指数,20161230,20210927,CSI
931730CNY01.CSI,SHS光伏30(全),CSI,中证指数有限公司,主题指数,20161230,20210927,CSI
931731.CSI,SHS太阳能50,CSI,中证指数有限公司,主题指数,20161230,20210927,CSI
931731CNY01.CSI,SHS太阳能50(全),CSI,中证指数有限公司,主题指数,20161230,20210927,CSI
931733.CSI,绿色能源,CSI,中证指数有限公司,主题指数,20131231,20210819,CSI
931733CNY01.CSI,绿色能源全收益,CSI,中证指数有限公司,主题指数,20131231,20210819,CSI
931734.CSI,港美上市中美科技,CSI,中证指数有限公司,主题指数,20101231,20140718,CSI
931734CNY00.CSI,港美上市中美科技CNY,CSI,中证指数有限公司,主题指数,20101231,20140718,CSI
931734CNY01.CSI,港美上市中美科技(全)CNY,CSI,中证指数有限公司,主题指数,20101231,20140718,CSI
931734CNY10.CSI,港美上市中美科技人民币中间价,CSI,中证指数有限公司,主题指数,20101231,20140718,CSI
931734CNY11.CSI,港美上市中美科技人民币中间价(全),CSI,中证指数有限公司,主题指数,20101231,20140718,CSI
931734USD01.CSI,港美上市中美科技(全),CSI,中证指数有限公司,主题指数,20101231,20140718,CSI
931735.CSI,信银ESG优选,CSI,中证指数有限公司,主题指数,20170630,20210819,CSI
931735CNY01.CSI,信银ESG优选全收益,CSI,中证指数有限公司,主题指数,20170630,20210819,CSI
931735CNY02.CSI,信银ESG优选净收益,CSI,中证指数有限公司,主题指数,20170630,20210819,CSI
931736.CSI,债股利差稳健,CSI,中证指数有限公司,多资产指数,20131231,20210824,CSI
931737.CSI,债股利差平衡,CSI,中证指数有限公司,多资产指数,20131231,20210824,CSI
931738.CSI,债股利差平衡(含转债),CSI,中证指数有限公司,多资产指数,20131231,20210824,CSI
931739.CSI,债券利差稳健(含转债),CSI,中证指数有限公司,多资产指数,20131231,20210824,CSI
931740.CSI,中证中诚信城投债1-3隐含AA+及以上,CSI,中证指数有限公司,债券指数,20171229,20210827,CSI
931740CNY04.CSI,中证中诚信城投债1-3隐含AA+及以上(净),CSI,中证指数有限公司,债券指数,20171229,20210827,CSI
931740CNY05.CSI,中证中诚信城投债1-3隐含AA+及以上(利),CSI,中证指数有限公司,债券指数,20171229,20210827,CSI
931740CNY06.CSI,中证中诚信城投债1-3隐含AA+及以上(税),CSI,中证指数有限公司,债券指数,20171229,20210827,CSI
931741.CSI,中证中诚信胶东国企信用中高等级,CSI,中证指数有限公司,债券指数,20171229,20210927,CSI
931741CNY04.CSI,中证中诚信胶东国企信用中高等级(净),CSI,中证指数有限公司,债券指数,20171229,20210927,CSI
931741CNY05.CSI,中证中诚信胶东国企信用中高等级(利),CSI,中证指数有限公司,债券指数,20171229,20210927,CSI
931741CNY06.CSI,中证中诚信胶东国企信用中高等级(税),CSI,中证指数有限公司,债券指数,20171229,20210927,CSI
931742.CSI,工银理财碳中和配置,CSI,中证指数有限公司,多资产指数,20171229,20210712,CSI
931743.CSI,半导体材料设备,CSI,中证指数有限公司,主题指数,20181228,20121221,CSI
931743CNY010.CSI,半导体材料设备全收益,CSI,中证指数有限公司,主题指数,20181228,20121221,CSI
931744.CSI,港股物业,CSI,中证指数有限公司,主题指数,20191231,20210812,CSI
931744HKD01.CSI,港股物业(全),CSI,中证指数有限公司,主题指数,20191231,20210812,CSI
931745.CSI,SHS物业,CSI,中证指数有限公司、上海证券交易所,主题指数,20191231,20211015,CSI
931745CNY01.CSI,SHS物业(全),CSI,中证指数有限公司、上海证券交易所,主题指数,20191231,20211015,CSI
931745HKD00.CSI,SHS物业HKD,CSI,中证指数有限公司、上海证券交易所,主题指数,20191231,20211015,CSI
931745HKD01.CSI,SHS物业(全)HKD,CSI,中证指数有限公司、上海证券交易所,主题指数,20191231,20211015,CSI
931746.CSI,储能产业,CSI,中证指数有限公司,主题指数,20131231,20150611,CSI
931746CNY01.CSI,储能产业全收益,CSI,中证指数有限公司,主题指数,20131231,20150611,CSI
931747.CSI,中证储能,CSI,中证指数有限公司、上海证券交易所,主题指数,20131231,20211015,CSI
931747CNY01.CSI,中证储能全收益,CSI,中证指数有限公司、上海证券交易所,主题指数,20131231,20211015,CSI
931748.CSI,中证绿色ABS,CSI,中证指数有限公司、上海证券交易所,债券指数,20161230,20210903,CSI
931748CNY04.CSI,中证绿色ABS(净),CSI,中证指数有限公司、上海证券交易所,债券指数,20161230,20210903,CSI
931748CNY05.CSI,中证绿色ABS(利),CSI,中证指数有限公司、上海证券交易所,债券指数,20161230,20210903,CSI
931748CNY06.CSI,中证绿色ABS(税),CSI,中证指数有限公司、上海证券交易所,债券指数,20161230,20210903,CSI
931749.CSI,交易所绿色ABS,CSI,中证指数有限公司、上海证券交易所,债券指数,20161230,20210903,CSI
931749CNY04.CSI,交易所绿色ABS(净),CSI,中证指数有限公司、上海证券交易所,债券指数,20161230,20210903,CSI
931749CNY05.CSI,交易所绿色ABS(利),CSI,中证指数有限公司、上海证券交易所,债券指数,20161230,20210903,CSI
931749CNY06.CSI,交易所绿色ABS(税),CSI,中证指数有限公司、上海证券交易所,债券指数,20161230,20210903,CSI
931750.CSI,CXO,CSI,中证指数有限公司,主题指数,20171229,20210927,CSI
931750CNY01.CSI,CXO全收益,CSI,中证指数有限公司,主题指数,20171229,20210927,CSI
931751.CSI,SHS CXO,CSI,中证指数有限公司,主题指数,20171229,20210927,CSI
931751CNY01.CSI,SHS CXO(全),CSI,中证指数有限公司,主题指数,20171229,20210927,CSI
931751HKD00.CSI,SHS CXO HKD,CSI,中证指数有限公司,主题指数,20171229,20210927,CSI
931751HKD01.CSI,SHS CXO(全)HKD,CSI,中证指数有限公司,主题指数,20171229,20210927,CSI
931752.CSI,工程机械主题,CSI,中证指数有限公司,主题指数,20160630,20210927,CSI
931752CNY01.CSI,工程机械主题全收益,CSI,中证指数有限公司,主题指数,20160630,20210927,CSI
931753.CSI,机械优势30,CSI,中证指数有限公司,主题指数,20160630,20121221,CSI
931753CNY01.CSI,机械优势30全收益,CSI,中证指数有限公司,主题指数,20160630,20121221,CSI
931754.CSI,中证中诚信央企信用债,CSI,中证指数有限公司,债券指数,20171229,20210827,CSI
931754CNY04.CSI,中证中诚信央企信用债(净),CSI,中证指数有限公司,债券指数,20171229,20210827,CSI
931754CNY05.CSI,中证中诚信央企信用债(利),CSI,中证指数有限公司,债券指数,20171229,20210827,CSI
931754CNY06.CSI,中证中诚信央企信用债(税),CSI,中证指数有限公司,债券指数,20171229,20210827,CSI
931755.CSI,SEEE碳中和,CSI,中证指数有限公司,主题指数,20170630,20211021,CSI
931755CNY01.CSI,SEEE碳中和全收益,CSI,中证指数有限公司,主题指数,20170630,20211021,CSI
931756.CSI,证券公司债,CSI,中证指数有限公司、上海证券交易所,债券指数,20161230,20210903,CSI
931756CNY04.CSI,证券公司债(净),CSI,中证指数有限公司、上海证券交易所,债券指数,20161230,20210903,CSI
931756CNY05.CSI,证券公司债(利),CSI,中证指数有限公司、上海证券交易所,债券指数,20161230,20210903,CSI
931756CNY06.CSI,证券公司债(税),CSI,中证指数有限公司、上海证券交易所,债券指数,20161230,20210903,CSI
931757.CSI,证券公司债AAA,CSI,中证指数有限公司、上海证券交易所,债券指数,20161230,20210903,CSI
931757CNY04.CSI,证券公司债AAA(净),CSI,中证指数有限公司、上海证券交易所,债券指数,20161230,20210903,CSI
931757CNY05.CSI,证券公司债AAA(利),CSI,中证指数有限公司、上海证券交易所,债券指数,20161230,20210903,CSI
931757CNY06.CSI,证券公司债AAA(税),CSI,中证指数有限公司、上海证券交易所,债券指数,20161230,20210903,CSI
931758.CSI,证券公司债高等级,CSI,中证指数有限公司、上海证券交易所,债券指数,20161230,20210903,CSI
931758CNY04.CSI,证券公司债高等级(净),CSI,中证指数有限公司、上海证券交易所,债券指数,20161230,20210903,CSI
931758CNY05.CSI,证券公司债高等级(利),CSI,中证指数有限公司、上海证券交易所,债券指数,20161230,20210903,CSI
931758CNY06.CSI,证券公司债高等级(税),CSI,中证指数有限公司、上海证券交易所,债券指数,20161230,20210903,CSI
931759.CSI,证券公司债0-3AAA,CSI,中证指数有限公司、上海证券交易所,债券指数,20161230,20210903,CSI
931759CNY04.CSI,证券公司债0-3AAA(净),CSI,中证指数有限公司、上海证券交易所,债券指数,20161230,20210903,CSI
931759CNY05.CSI,证券公司债0-3AAA(利),CSI,中证指数有限公司、上海证券交易所,债券指数,20161230,20210903,CSI
931759CNY06.CSI,证券公司债0-3AAA(税),CSI,中证指数有限公司、上海证券交易所,债券指数,20161230,20210903,CSI
931760.CSI,证券公司债0-3高等级,CSI,中证指数有限公司、上海证券交易所,债券指数,20161230,20210903,CSI
931760CNY04.CSI,证券公司债0-3高等级(净),CSI,中证指数有限公司、上海证券交易所,债券指数,20161230,20210903,CSI
931760CNY05.CSI,证券公司债0-3高等级(利),CSI,中证指数有限公司、上海证券交易所,债券指数,20161230,20210903,CSI
931760CNY06.CSI,证券公司债0-3高等级(税),CSI,中证指数有限公司、上海证券交易所,债券指数,20161230,20210903,CSI
931761.CSI,新生消费,CSI,中证指数有限公司,主题指数,20181228,20170721,CSI
931761CNY01.CSI,新生消费全收益,CSI,中证指数有限公司,主题指数,20181228,20170721,CSI
931762.CSI,龙头优势50,CSI,中证指数有限公司,策略指数,20161230,20220111,CSI
931762CNY01.CSI,龙头优势50全收益,CSI,中证指数有限公司,策略指数,20161230,20220111,CSI
931763.CSI,SHS龙头优势50,CSI,中证指数有限公司,策略指数,20161230,20220111,CSI
931763CNY01.CSI,SHS龙头优势50(全),CSI,中证指数有限公司,策略指数,20161230,20220111,CSI
931763HKD00.CSI,SHS龙头优势50HKD,CSI,中证指数有限公司,策略指数,20161230,20220111,CSI
931763HKD01.CSI,SHS龙头优势50(全)HKD,CSI,中证指数有限公司,策略指数,20161230,20220111,CSI
931765.CSI,SHS新生代消费,CSI,中证指数有限公司,主题指数,20181231,20211029,CSI
931765CNY01.CSI,SHS新生代消费(全),CSI,中证指数有限公司,主题指数,20181231,20211029,CSI
931765HKD00.CSI,SHS新生代消费HKD,CSI,中证指数有限公司,主题指数,20181231,20211029,CSI
931765HKD01.CSI,SHS新生代消费(全)HKD,CSI,中证指数有限公司,主题指数,20181231,20211029,CSI
931766.CSI,交易所政金债,CSI,中证指数有限公司、上海证券交易所,债券指数,20141231,20211015,CSI
931766CNY04.CSI,交易所政金债(净),CSI,中证指数有限公司、上海证券交易所,债券指数,20141231,20211015,CSI
931766CNY05.CSI,交易所政金债(利),CSI,中证指数有限公司、上海证券交易所,债券指数,20141231,20211015,CSI
931767.CSI,交易所政金债0-3,CSI,中证指数有限公司、上海证券交易所,债券指数,20141231,20211015,CSI
931767CNY04.CSI,交易所政金债0-3(净),CSI,中证指数有限公司、上海证券交易所,债券指数,20141231,20211015,CSI
931767CNY05.CSI,交易所政金债0-3(利),CSI,中证指数有限公司、上海证券交易所,债券指数,20141231,20211015,CSI
931768.CSI,交易所政金债0-5,CSI,中证指数有限公司、上海证券交易所,债券指数,20141231,20211015,CSI
931768CNY04.CSI,交易所政金债0-5(净),CSI,中证指数有限公司、上海证券交易所,债券指数,20141231,20211015,CSI
931768CNY05.CSI,交易所政金债0-5(利),CSI,中证指数有限公司、上海证券交易所,债券指数,20141231,20211015,CSI
931769.CSI,新经济债,CSI,中证指数有限公司,债券指数,20161230,20211029,CSI
931769CNY04.CSI,新经济债(净),CSI,中证指数有限公司,债券指数,20161230,20211029,CSI
931769CNY05.CSI,新经济债(利),CSI,中证指数有限公司,债券指数,20161230,20211029,CSI
931769CNY06.CSI,新经济债(税),CSI,中证指数有限公司,债券指数,20161230,20211029,CSI
931770.CSI,0-5年新经济债,CSI,中证指数有限公司,债券指数,20161230,20211029,CSI
931770CNY04.CSI,0-5年新经济债(净),CSI,中证指数有限公司,债券指数,20161230,20211029,CSI
931770CNY05.CSI,0-5年新经济债(利),CSI,中证指数有限公司,债券指数,20161230,20211029,CSI
931770CNY06.CSI,0-5年新经济债(税),CSI,中证指数有限公司,债券指数,20161230,20211029,CSI
931771.CSI,华夏银行新经济,CSI,中证指数有限公司、上海证券交易所,多资产指数,20171229,20211015,CSI
931772.CSI,碳中和60,CSI,中证指数有限公司、上海证券交易所,主题指数,20170630,20211109,CSI
931772CNY01.CSI,碳中和60全收益,CSI,中证指数有限公司、上海证券交易所,主题指数,20170630,20211109,CSI
931773.CSI,北银理财央企能源,CSI,中证指数有限公司,主题指数,20181228,20250326,CSI
931773CNY010.CSI,北银理财央企能源全收益,CSI,中证指数有限公司,主题指数,20181228,20250326,CSI
931773CNY020.CSI,北银理财央企能源净收益,CSI,中证指数有限公司,主题指数,20181228,20250326,CSI
931774.CSI,沪港深AR/VR,CSI,中证指数有限公司,主题指数,20141231,20121221,CSI
931774CNY01.CSI,沪港深AR/VR(全),CSI,中证指数有限公司,主题指数,20141231,20121221,CSI
931775.CSI,房地产,CSI,中证指数有限公司,行业指数,20041231,20130715,CSI
931775CNY01.CSI,房地产全收益,CSI,中证指数有限公司,行业指数,20041231,20130715,CSI
931776.CSI,生物育种,CSI,中证指数有限公司、上海证券交易所,主题指数,20141231,20211109,CSI
931776CNY01.CSI,生物育种全收益,CSI,中证指数有限公司、上海证券交易所,主题指数,20141231,20211109,CSI
931777.CSI,江苏高质量发展,CSI,中证指数有限公司,主题指数,20141231,20211202,CSI
931777CNY01.CSI,江苏高质量发展全收益,CSI,中证指数有限公司,主题指数,20141231,20211202,CSI
931778.CSI,农牧主题,CSI,中证指数有限公司,主题指数,20120629,20170721,CSI
931778CNY01.CSI,农牧主题全收益,CSI,中证指数有限公司,主题指数,20120629,20170721,CSI
931779.CSI,中证中诚信广西城投债,CSI,中证指数有限公司,债券指数,20171229,20220107,CSI
931779CNY04.CSI,中证中诚信广西城投债(净),CSI,中证指数有限公司,债券指数,20171229,20220107,CSI
931779CNY05.CSI,中证中诚信广西城投债(利),CSI,中证指数有限公司,债券指数,20171229,20220107,CSI
931779CNY06.CSI,中证中诚信广西城投债(税),CSI,中证指数有限公司,债券指数,20171229,20220107,CSI
931780.CSI,SHS医药龙头,CSI,中证指数有限公司,主题指数,20141231,20211202,CSI
931780CNY01.CSI,SHS医药龙头(全),CSI,中证指数有限公司,主题指数,20141231,20211202,CSI
931780HKD00.CSI,SHS医药龙头HKD,CSI,中证指数有限公司,主题指数,20141231,20211202,CSI
931780HKD01.CSI,SHS医药龙头(全)HKD,CSI,中证指数有限公司,主题指数,20141231,20211202,CSI
931781HKD00.CSI,SSH智能汽车HKD,CSI,中证指数有限公司,主题指数,20161230,20220107,CSI
931781HKD01.CSI,SSH智能汽车(全)HKD,CSI,中证指数有限公司,主题指数,20161230,20220107,CSI
931782.CSI,1000ESG,CSI,中证指数有限公司,主题指数,20170630,20240328,CSI
931782CNY010.CSI,1000ESG全收益,CSI,中证指数有限公司,主题指数,20170630,20240328,CSI
931783.CSI,智能驾驶,CSI,中证指数有限公司,主题指数,20161230,20220221,CSI
931783CNY01.CSI,智能驾驶全收益,CSI,中证指数有限公司,主题指数,20161230,20220221,CSI
931784.CSI,SSH智能驾驶,CSI,中证指数有限公司,主题指数,20161230,20220221,CSI
931784CNY01.CSI,SSH智能驾驶(全),CSI,中证指数有限公司,主题指数,20161230,20220221,CSI
931784HKD00.CSI,SSH智能驾驶HKD,CSI,中证指数有限公司,主题指数,20161230,20220221,CSI
931784HKD01.CSI,SSH智能驾驶(全)HKD,CSI,中证指数有限公司,主题指数,20161230,20220221,CSI
931785.CSI,智选沪深港科技50,CSI,中证指数有限公司,策略指数,20161230,20250627,CSI
931785CNY100.CSI,智选沪深港科技50人民币中间价,CSI,中证指数有限公司,策略指数,20250619,20250820,CSI
931785CNY110.CSI,智选沪深港科技50人民币中间价全,CSI,中证指数有限公司,策略指数,20250619,20250820,CSI
931785CNY120.CSI,智选沪深港科技50人民币中间价净,CSI,中证指数有限公司,策略指数,20250619,20250820,CSI
931785CNY210.CSI,智选沪深港科技50(全),CSI,中证指数有限公司,策略指数,20161230,20250627,CSI
931785HKD200.CSI,智选沪深港科技50HKD,CSI,中证指数有限公司,策略指数,20161230,20250627,CSI
931785HKD210.CSI,智选沪深港科技50(全)HKD,CSI,中证指数有限公司,策略指数,20161230,20250627,CSI
931786.CSI,中信债股优选稳健,CSI,中证指数有限公司,多资产指数,20171229,20211029,CSI
931787.CSI,港股创新药,CSI,中证指数有限公司,主题指数,20171229,20180814,CSI
931787CNY00.CSI,港股创新药CNY,CSI,中证指数有限公司,主题指数,20171229,20180814,CSI
931787CNY01.CSI,港股创新药(全)CNY,CSI,中证指数有限公司,主题指数,20171229,20180814,CSI
931787HKD01.CSI,港股创新药(全),CSI,中证指数有限公司,主题指数,20171229,20180814,CSI
931788.CSI,中韩50,CSI,中证指数有限公司,规模指数,20141231,20211220,CSI
931789.CSI,中韩新能车,CSI,中证指数有限公司,主题指数,20141231,20211220,CSI
931790.CSI,中韩半导体,CSI,中证指数有限公司,主题指数,20141231,20211220,CSI
931791.CSI,大盘蓝筹25,CSI,中证指数有限公司,规模指数,20141231,20211213,CSI
931791CNY01.CSI,大盘蓝筹25(全),CSI,中证指数有限公司,规模指数,20141231,20211213,CSI
931792.CSI,新能车15,CSI,中证指数有限公司,主题指数,20141231,20211213,CSI
931792CNY01.CSI,新能车15(全),CSI,中证指数有限公司,主题指数,20141231,20211213,CSI
931793.CSI,半导体15,CSI,中证指数有限公司,主题指数,20141231,20211213,CSI
931793CNY01.CSI,半导体15(全),CSI,中证指数有限公司,主题指数,20141231,20211213,CSI
931794.CSI,消费领先50,CSI,中证指数有限公司,策略指数,20101231,20150824,CSI
931794CNY01.CSI,消费领先50全收益,CSI,中证指数有限公司,策略指数,20101231,20150824,CSI
931795.CSI,碳中和主题债,CSI,中证指数有限公司,债券指数,20161230,20211213,CSI
931795CNY04.CSI,碳中和主题债(净),CSI,中证指数有限公司,债券指数,20161230,20211213,CSI
931795CNY05.CSI,碳中和主题债(利),CSI,中证指数有限公司,债券指数,20161230,20211213,CSI
931795CNY06.CSI,碳中和主题债(税),CSI,中证指数有限公司,债券指数,20161230,20211213,CSI
931796.CSI,0-3年碳中和主题债,CSI,中证指数有限公司,债券指数,20161230,20211213,CSI
931796CNY04.CSI,0-3年碳中和主题债(净),CSI,中证指数有限公司,债券指数,20161230,20211213,CSI
931796CNY05.CSI,0-3年碳中和主题债(利),CSI,中证指数有限公司,债券指数,20161230,20211213,CSI
931796CNY06.CSI,0-3年碳中和主题债(税),CSI,中证指数有限公司,债券指数,20161230,20211213,CSI
931797.CSI,0-5年碳中和主题债,CSI,中证指数有限公司,债券指数,20161230,20211213,CSI
931797CNY04.CSI,0-5年碳中和主题债(净),CSI,中证指数有限公司,债券指数,20161230,20211213,CSI
931797CNY05.CSI,0-5年碳中和主题债(利),CSI,中证指数有限公司,债券指数,20161230,20211213,CSI
931797CNY06.CSI,0-5年碳中和主题债(税),CSI,中证指数有限公司,债券指数,20161230,20211213,CSI
931798.CSI,光伏龙头30,CSI,中证指数有限公司,主题指数,20161230,20090616,CSI
931798CNY01.CSI,光伏龙头30全收益,CSI,中证指数有限公司,主题指数,20161230,20090616,CSI
931799.CSI,国寿资产ESG绿色低碳100,CSI,中证指数有限公司,策略指数,20170630,20211213,CSI
931799CNY01.CSI,国寿资产ESG绿色低碳100全收益,CSI,中证指数有限公司,策略指数,20170630,20211213,CSI
931800.CSI,绿色生态,CSI,中证指数有限公司,主题指数,20151231,20151021,CSI
931800CNY01.CSI,绿色生态全收益,CSI,中证指数有限公司,主题指数,20151231,20151021,CSI
931801.CSI,SSH体育,CSI,中证指数有限公司,主题指数,20141231,20150513,CSI
931801CNY01.CSI,SSH体育(全),CSI,中证指数有限公司,主题指数,20141231,20150513,CSI
931801HKD00.CSI,SSH体育HKD,CSI,中证指数有限公司,主题指数,20141231,20150513,CSI
931801HKD01.CSI,SSH体育(全)HKD,CSI,中证指数有限公司,主题指数,20141231,20150513,CSI
931802.CSI,中证龙头,CSI,中证指数有限公司、上海证券交易所,主题指数,20161230,20100209,CSI
931802CNY01.CSI,中证龙头全收益,CSI,中证指数有限公司,主题指数,20161230,20100209,CSI
931803.CSI,龙头核心竞争力50,CSI,中证指数有限公司、上海证券交易所,主题指数,20121231,20120927,CSI
931803CNY01.CSI,龙头核心竞争力50全收益,CSI,中证指数有限公司、上海证券交易所,主题指数,20121231,20120927,CSI
931804.CSI,华夏银行ESG优选债,CSI,中证指数有限公司,债券指数,20170630,20220107,CSI
931804CNY04.CSI,华夏银行ESG优选债(净),CSI,中证指数有限公司,债券指数,20170630,20220107,CSI
931804CNY05.CSI,华夏银行ESG优选债(利),CSI,中证指数有限公司,债券指数,20170630,20220107,CSI
931804CNY06.CSI,华夏银行ESG优选债(税),CSI,中证指数有限公司,债券指数,20170630,20220107,CSI
931805.CSI,绿色金融债,CSI,中证指数有限公司,债券指数,20161230,20211213,CSI
931805CNY04.CSI,绿色金融债(净),CSI,中证指数有限公司,债券指数,20161230,20211213,CSI
931805CNY05.CSI,绿色金融债(利),CSI,中证指数有限公司,债券指数,20161230,20211213,CSI
931805CNY06.CSI,绿色金融债(税),CSI,中证指数有限公司,债券指数,20161230,20211213,CSI
931806.CSI,0-3年绿色金融债,CSI,中证指数有限公司,债券指数,20161230,20211213,CSI
931806CNY04.CSI,0-3年绿色金融债(净),CSI,中证指数有限公司,债券指数,20161230,20211213,CSI
931806CNY05.CSI,0-3年绿色金融债(利),CSI,中证指数有限公司,债券指数,20161230,20211213,CSI
931806CNY06.CSI,0-3年绿色金融债(税),CSI,中证指数有限公司,债券指数,20161230,20211213,CSI
931807.CSI,商业银行绿色债,CSI,中证指数有限公司,债券指数,20161230,20211213,CSI
931807CNY04.CSI,商业银行绿色债(净),CSI,中证指数有限公司,债券指数,20161230,20211213,CSI
931807CNY05.CSI,商业银行绿色债(利),CSI,中证指数有限公司,债券指数,20161230,20211213,CSI
931807CNY06.CSI,商业银行绿色债(税),CSI,中证指数有限公司,债券指数,20161230,20211213,CSI
931808.CSI,0-3年商业银行绿色债,CSI,中证指数有限公司,债券指数,20161230,20211213,CSI
931808CNY04.CSI,0-3年商业银行绿色债(净),CSI,中证指数有限公司,债券指数,20161230,20211213,CSI
931808CNY05.CSI,0-3年商业银行绿色债(利),CSI,中证指数有限公司,债券指数,20161230,20211213,CSI
931808CNY06.CSI,0-3年商业银行绿色债(税),CSI,中证指数有限公司,债券指数,20161230,20211213,CSI
931809.CSI,高股息ESG,CSI,中证指数有限公司,策略指数,20170630,20220120,CSI
931809CNY01.CSI,高股息ESG全收益,CSI,中证指数有限公司,策略指数,20170630,20220120,CSI
931810.CSI,汇丰大盘多因子,CSI,中证指数有限公司,策略指数,20101231,20220411,CSI
931810CNY01.CSI,汇丰大盘多因子全收益,CSI,中证指数有限公司,策略指数,20101231,20220411,CSI
931810CNY020.CSI,汇丰大盘多因子净收益,CSI,中证指数有限公司,策略指数,20101231,20220411,CSI
931811.CSI,小家电主题,CSI,中证指数有限公司,主题指数,20181228,20220120,CSI
931811CNY01.CSI,小家电主题全收益,CSI,中证指数有限公司,主题指数,20181228,20220120,CSI
931812.CSI,兴证财富50,CSI,中证指数有限公司,基金指数,20181228,20211202,CSI
931813.CSI,同业存单6-12个月AAA,CSI,中证指数有限公司,债券指数,20141231,20220221,CSI
931813CNY04.CSI,同业存单6-12个月AAA-净,CSI,中证指数有限公司,债券指数,20141231,20220221,CSI
931813CNY05.CSI,同业存单6-12个月AAA-利,CSI,中证指数有限公司,债券指数,20141231,20220221,CSI
931813CNY06.CSI,同业存单6-12个月AAA-税,CSI,中证指数有限公司,债券指数,20141231,20220221,CSI
931814.CSI,同业存单6-12个月高等级,CSI,中证指数有限公司,债券指数,20141231,20220221,CSI
931814CNY04.CSI,同业存单6-12个月高等级-净,CSI,中证指数有限公司,债券指数,20141231,20220221,CSI
931814CNY05.CSI,同业存单6-12个月高等级-利,CSI,中证指数有限公司,债券指数,20141231,20220221,CSI
931814CNY06.CSI,同业存单6-12个月高等级-税,CSI,中证指数有限公司,债券指数,20141231,20220221,CSI
931815.CSI,同业存单0-6个月AAA,CSI,中证指数有限公司,债券指数,20141231,20220221,CSI
931815CNY04.CSI,同业存单0-6个月AAA-净,CSI,中证指数有限公司,债券指数,20141231,20220221,CSI
931815CNY05.CSI,同业存单0-6个月AAA-利,CSI,中证指数有限公司,债券指数,20141231,20220221,CSI
931815CNY06.CSI,同业存单0-6个月AAA-税,CSI,中证指数有限公司,债券指数,20141231,20220221,CSI
931816.CSI,同业存单0-6个月高等级,CSI,中证指数有限公司,债券指数,20141231,20220221,CSI
931816CNY04.CSI,同业存单0-6个月高等级-净,CSI,中证指数有限公司,债券指数,20141231,20220221,CSI
931816CNY05.CSI,同业存单0-6个月高等级-利,CSI,中证指数有限公司,债券指数,20141231,20220221,CSI
931816CNY06.CSI,同业存单0-6个月高等级-税,CSI,中证指数有限公司,债券指数,20141231,20220221,CSI
931817.CSI,股份制银行同业存单,CSI,中证指数有限公司,债券指数,20141231,20220221,CSI
931817CNY04.CSI,股份制银行同业存单-净,CSI,中证指数有限公司,债券指数,20141231,20220221,CSI
931817CNY05.CSI,股份制银行同业存单-利,CSI,中证指数有限公司,债券指数,20141231,20220221,CSI
931817CNY06.CSI,股份制银行同业存单-税,CSI,中证指数有限公司,债券指数,20141231,20220221,CSI
931818.CSI,国有大型银行同业存单,CSI,中证指数有限公司,债券指数,20141231,20220221,CSI
931818CNY04.CSI,国有大型银行同业存单-净,CSI,中证指数有限公司,债券指数,20141231,20220221,CSI
931818CNY05.CSI,国有大型银行同业存单-利,CSI,中证指数有限公司,债券指数,20141231,20220221,CSI
931818CNY06.CSI,国有大型银行同业存单-税,CSI,中证指数有限公司,债券指数,20141231,20220221,CSI
931819.CSI,城农商行同业存单AAA,CSI,中证指数有限公司,债券指数,20141231,20220221,CSI
931819CNY04.CSI,城农商行同业存单AAA-净,CSI,中证指数有限公司,债券指数,20141231,20220221,CSI
931819CNY05.CSI,城农商行同业存单AAA-利,CSI,中证指数有限公司,债券指数,20141231,20220221,CSI
931819CNY06.CSI,城农商行同业存单AAA-税,CSI,中证指数有限公司,债券指数,20141231,20220221,CSI
931820.CSI,城农商行同业存单高等级,CSI,中证指数有限公司,债券指数,20141231,20220221,CSI
931820CNY04.CSI,城农商行同业存单高等级-净,CSI,中证指数有限公司,债券指数,20141231,20220221,CSI
931820CNY05.CSI,城农商行同业存单高等级-利,CSI,中证指数有限公司,债券指数,20141231,20220221,CSI
931820CNY06.CSI,城农商行同业存单高等级-税,CSI,中证指数有限公司,债券指数,20141231,20220221,CSI
931821.CSI,300金融行业,CSI,中证指数有限公司,行业指数,20071228,20230612,CSI
931821CNY010.CSI,300金融行业全收益,CSI,中证指数有限公司,行业指数,20071228,20230612,CSI
931822.CSI,500金融,CSI,中证指数有限公司,行业指数,20171228,20230612,CSI
931822CNY010.CSI,500金融全收益,CSI,中证指数有限公司,行业指数,20171228,20230612,CSI
931823.CSI,国资央企50,CSI,中证指数有限公司,主题指数,20161230,20231109,CSI
931823CNY010.CSI,国资央企50全收益,CSI,中证指数有限公司,主题指数,20161230,20231109,CSI
931824.CSI,国企50,CSI,中证指数有限公司,主题指数,20161230,20231109,CSI
931824CNY010.CSI,国企50全收益,CSI,中证指数有限公司,主题指数,20161230,20231109,CSI
931825.CSI,央企50,CSI,中证指数有限公司,主题指数,20161230,20231109,CSI
931825CNY010.CSI,央企50全收益,CSI,中证指数有限公司,主题指数,20161230,20231109,CSI
931826.CSI,自主创新,CSI,中证指数有限公司,主题指数,20121231,20150707,CSI
931826CNY01.CSI,自主创新全收益,CSI,中证指数有限公司,主题指数,20121231,20150707,CSI
931827.CSI,港股通地产C,CSI,中证指数有限公司,行业指数,20141114,20220721,CSI
931827CNY00.CSI,港股通地产CCNY,CSI,中证指数有限公司,行业指数,20141114,20220721,CSI
931827CNY01.CSI,港股通地产C(全)CNY,CSI,中证指数有限公司,行业指数,20141114,20220721,CSI
931827HKD01.CSI,港股通地产C(全),CSI,中证指数有限公司,行业指数,20141114,20220721,CSI
931828.CSI,海外中国地产,CSI,中证指数有限公司,行业指数,20141114,20220721,CSI
931828CNY01.CSI,海外中国地产(全),CSI,中证指数有限公司,行业指数,20141114,20220721,CSI
931828HKD00.CSI,海外中国地产HKD,CSI,中证指数有限公司,行业指数,20141114,20220721,CSI
931828HKD01.CSI,海外中国地产(全)HKD,CSI,中证指数有限公司,行业指数,20141114,20220721,CSI
931828USD00.CSI,海外中国地产USD,CSI,中证指数有限公司,行业指数,20141114,20220721,CSI
931828USD01.CSI,海外中国地产(全)USD,CSI,中证指数有限公司,行业指数,20141114,20220721,CSI
931829.CSI,中证回购,CSI,中证指数有限公司,策略指数,20181228,20231017,CSI
931829CNY010.CSI,中证回购全收益,CSI,中证指数有限公司,策略指数,20181228,20231017,CSI
931829CNY020.CSI,中证回购净收益,CSI,中证指数有限公司,策略指数,20181228,20231017,CSI
931830.CSI,回购价值策略,CSI,中证指数有限公司,策略指数,20181228,20231017,CSI
931830CNY010.CSI,回购价值策略全收益,CSI,中证指数有限公司,策略指数,20181228,20231017,CSI
931830CNY020.CSI,回购价值策略净收益,CSI,中证指数有限公司,策略指数,20181228,20231017,CSI
931831.CSI,回购质量策略,CSI,中证指数有限公司,策略指数,20181228,20231017,CSI
931831CNY010.CSI,回购质量策略全收益,CSI,中证指数有限公司,策略指数,20181228,20231017,CSI
931831CNY020.CSI,回购质量策略净收益,CSI,中证指数有限公司,策略指数,20181228,20231017,CSI
931832.CSI,CN80地产,CSI,中证指数有限公司,行业指数,20121231,20220721,CSI
931832CNY01.CSI,CN80地产(全),CSI,中证指数有限公司,行业指数,20121231,20220721,CSI
931832USD00.CSI,CN80地产USD,CSI,中证指数有限公司,行业指数,20121231,20220721,CSI
931832USD01.CSI,CN80地产(全)USD,CSI,中证指数有限公司,行业指数,20121231,20220721,CSI
931833.CSI,沪深港旅游休闲,CSI,中证指数有限公司,主题指数,20141231,20240307,CSI
931833CNY100.CSI,沪深港旅游休闲人民币中间价,CSI,中证指数有限公司,主题指数,20141231,20240307,CSI
931833CNY110.CSI,沪深港旅游休闲人民币中间价(全),CSI,中证指数有限公司,主题指数,20141231,20240307,CSI
931833CNY120.CSI,沪深港旅游休闲人民币中间价(净),CSI,中证指数有限公司,主题指数,20141231,20240307,CSI
931833HKD210.CSI,沪深港旅游休闲(全),CSI,中证指数有限公司,主题指数,20141231,20240307,CSI
931833HKD220.CSI,沪深港旅游休闲(净),CSI,中证指数有限公司,主题指数,20141231,20240307,CSI
931834.CSI,福建100,CSI,中证指数有限公司,主题指数,20171229,20240119,CSI
931834CNY010.CSI,福建100全收益,CSI,中证指数有限公司,主题指数,20171229,20240119,CSI
931834CNY020.CSI,福建100净收益,CSI,中证指数有限公司,主题指数,20171229,20240119,CSI
931835.CSI,H100地产,CSI,中证指数有限公司,行业指数,20121231,20220721,CSI
931835CNY00.CSI,H100地产CNY,CSI,中证指数有限公司,行业指数,20121231,20220721,CSI
931835CNY01.CSI,H100地产(全)CNY,CSI,中证指数有限公司,行业指数,20121231,20220721,CSI
931835HKD01.CSI,H100地产(全),CSI,中证指数有限公司,行业指数,20121231,20220721,CSI
931836.CSI,中信银行高等级信用债,CSI,中证指数有限公司,债券指数,20161230,20240920,CSI
931836CNY040.CSI,中信银行高等级信用债(净),CSI,中证指数有限公司,债券指数,20161230,20240920,CSI
931836CNY050.CSI,中信银行高等级信用债(利),CSI,中证指数有限公司,债券指数,20161230,20240920,CSI
931836CNY060.CSI,中信银行高等级信用债(税),CSI,中证指数有限公司,债券指数,20161230,20240920,CSI
931837.CSI,央企现代产业,CSI,中证指数有限公司,主题指数,20161230,20231018,CSI
931837CNY010.CSI,央企现代产业全收益,CSI,中证指数有限公司,主题指数,20161230,20231018,CSI
931838.CSI,煤炭产业,CSI,中证指数有限公司,主题指数,20101231,20120411,CSI
931838CNY010.CSI,煤炭产业全收益,CSI,中证指数有限公司,主题指数,20101231,20120411,CSI
931838CNY020.CSI,煤炭产业净收益,CSI,中证指数有限公司,主题指数,20101231,20120411,CSI
931839.CSI,海外中国医药,CSI,中证指数有限公司,行业指数,20141114,20220721,CSI
931839CNY01.CSI,海外中国医药(全),CSI,中证指数有限公司,行业指数,20141114,20220721,CSI
931839HKD00.CSI,海外中国医药HKD,CSI,中证指数有限公司,行业指数,20141114,20220721,CSI
931839HKD01.CSI,海外中国医药(全)HKD,CSI,中证指数有限公司,行业指数,20141114,20220721,CSI
931839USD00.CSI,海外中国医药USD,CSI,中证指数有限公司,行业指数,20141114,20220721,CSI
931839USD01.CSI,海外中国医药(全)USD,CSI,中证指数有限公司,行业指数,20141114,20220721,CSI
931840.CSI,大盘蓝筹25USD,CSI,中证指数有限公司,规模指数,20141231,20211213,CSI
931840USD01.CSI,大盘蓝筹25(全)USD,CSI,中证指数有限公司,规模指数,20141231,20211213,CSI
931841.CSI,新能车15USD,CSI,中证指数有限公司,主题指数,20141231,20211213,CSI
931841USD01.CSI,新能车15(全)USD,CSI,中证指数有限公司,主题指数,20141231,20211213,CSI
931842.CSI,半导体15USD,CSI,中证指数有限公司,主题指数,20141231,20211213,CSI
931842USD01.CSI,半导体15(全)USD,CSI,中证指数有限公司,主题指数,20141231,20211213,CSI
931843.CSI,交银理财长三角ESG信用债,CSI,中证指数有限公司,债券指数,20170630,20220120,CSI
931843CNY04.CSI,交银理财长三角ESG信用债(净),CSI,中证指数有限公司,债券指数,20170630,20220120,CSI
931843CNY05.CSI,交银理财长三角ESG信用债(利),CSI,中证指数有限公司,债券指数,20170630,20220120,CSI
931843CNY06.CSI,交银理财长三角ESG信用债(税),CSI,中证指数有限公司,债券指数,20170630,20220120,CSI
931844.CSI,0-3年银行债及同业存单AAA,CSI,中证指数有限公司,债券指数,20141231,20220411,CSI
931844CNY04.CSI,0-3年银行债及同业存单AAA(净),CSI,中证指数有限公司,债券指数,20141231,20220411,CSI
931844CNY05.CSI,0-3年银行债及同业存单AAA(利),CSI,中证指数有限公司,债券指数,20141231,20220411,CSI
931844CNY06.CSI,0-3年银行债及同业存单AAA(税),CSI,中证指数有限公司,债券指数,20141231,20220411,CSI
931845.CSI,生猪产业,CSI,中证指数有限公司,主题指数,20151231,20120411,CSI
931845CNY01.CSI,生猪产业全收益,CSI,中证指数有限公司,主题指数,20151231,20120411,CSI
931846.CSI,500ESG优选,CSI,中证指数有限公司,策略指数,20170630,20220321,CSI
931846CNY01.CSI,500ESG优选全收益,CSI,中证指数有限公司,策略指数,20170630,20220321,CSI
931847.CSI,500红利低波,CSI,中证指数有限公司,策略指数,20131231,20240521,CSI
931847CNY010.CSI,500红利低波全收益,CSI,中证指数有限公司,策略指数,20131231,20240521,CSI
931847CNY020.CSI,500红利低波净收益,CSI,中证指数有限公司,策略指数,20131231,20240521,CSI
931848.CSI,800红利低波,CSI,中证指数有限公司,策略指数,20131231,20240521,CSI
931848CNY010.CSI,800红利低波全收益,CSI,中证指数有限公司,策略指数,20131231,20240521,CSI
931848CNY020.CSI,800红利低波净收益,CSI,中证指数有限公司,策略指数,20131231,20240521,CSI
931849.CSI,1000红利低波,CSI,中证指数有限公司,策略指数,20131231,20240521,CSI
931849CNY010.CSI,1000红利低波全收益,CSI,中证指数有限公司,策略指数,20131231,20240521,CSI
931849CNY020.CSI,1000红利低波净收益,CSI,中证指数有限公司,策略指数,20131231,20240521,CSI
931850.CSI,中证中诚信山东信用债AAA,CSI,中证指数有限公司,债券指数,20171229,20200701,CSI
931850CNY04.CSI,中证中诚信山东信用债AAA(净),CSI,中证指数有限公司,债券指数,20171229,20200701,CSI
931850CNY05.CSI,中证中诚信山东信用债AAA(利),CSI,中证指数有限公司,债券指数,20171229,20200701,CSI
931850CNY06.CSI,中证中诚信山东信用债AAA(税),CSI,中证指数有限公司,债券指数,20171229,20200701,CSI
931851.CSI,绿色电力50,CSI,中证指数有限公司,主题指数,20131231,20220509,CSI
931851CNY01.CSI,绿色电力50全收益,CSI,中证指数有限公司,主题指数,20131231,20220509,CSI
931852.CSI,每经品牌100,CSI,中证指数有限公司,策略指数,20180510,20220510,CSI
931852CNY01.CSI,每经品牌100(全),CSI,中证指数有限公司,策略指数,20180510,20220510,CSI
931852HKD00.CSI,每经品牌100HKD,CSI,中证指数有限公司,策略指数,20180510,20220510,CSI
931852HKD01.CSI,每经品牌100(全)HKD,CSI,中证指数有限公司,策略指数,20180510,20220510,CSI
931852USD00.CSI,每经品牌100USD,CSI,中证指数有限公司,策略指数,20180510,20220510,CSI
931852USD01.CSI,每经品牌100(全)USD,CSI,中证指数有限公司,策略指数,20180510,20220510,CSI
931853.CSI,全球中国电动车,CSI,中证指数有限公司,主题指数,20181228,20250417,CSI
931853CNY210.CSI,全球中国电动车(全),CSI,中证指数有限公司,主题指数,20181228,20250417,CSI
931853HKD200.CSI,全球中国电动车HKD,CSI,中证指数有限公司,主题指数,20181228,20250417,CSI
931853HKD210.CSI,全球中国电动车(全)HKD,CSI,中证指数有限公司,主题指数,20181228,20250417,CSI
931853USD200.CSI,全球中国电动车USD,CSI,中证指数有限公司,主题指数,20181228,20250417,CSI
931853USD210.CSI,全球中国电动车(全)USD,CSI,中证指数有限公司,主题指数,20181228,20250417,CSI
931854.CSI,低碳盈利100,CSI,中证指数有限公司,策略指数,20170630,20220708,CSI
931854CNY01.CSI,低碳盈利100全收益,CSI,中证指数有限公司,策略指数,20170630,20220708,CSI
931855.CSI,通用航空,CSI,中证指数有限公司,主题指数,20201231,20250402,CSI
931855CNY010.CSI,通用航空全收益,CSI,中证指数有限公司,主题指数,20201231,20250402,CSI
931856.CSI,苏州中高等级信用债,CSI,中证指数有限公司,债券指数,20161230,20220704,CSI
931856CNY04.CSI,苏州中高等级信用债(净),CSI,中证指数有限公司,债券指数,20161230,20220704,CSI
931856CNY05.CSI,苏州中高等级信用债(利),CSI,中证指数有限公司,债券指数,20161230,20220704,CSI
931856CNY06.CSI,苏州中高等级信用债(税),CSI,中证指数有限公司,债券指数,20161230,20220704,CSI
931857.CSI,苏州制造100,CSI,中证指数有限公司,主题指数,20141231,20220704,CSI
931857CNY01.CSI,苏州制造100全收益,CSI,中证指数有限公司,主题指数,20141231,20220704,CSI
931858.CSI,苏州综指,CSI,中证指数有限公司,主题指数,20141231,20220704,CSI
931858CNY01.CSI,苏州综指(全),CSI,中证指数有限公司,主题指数,20141231,20220704,CSI
931859.CSI,300碳中和,CSI,中证指数有限公司,主题指数,20170630,20220307,CSI
931859CNY01.CSI,300碳中和全收益,CSI,中证指数有限公司,主题指数,20170630,20220307,CSI
931860.CSI,0-3月国债,CSI,中证指数有限公司,债券指数,20071231,20220321,CSI
931860CNY030.CSI,0-3月国债(全),CSI,中证指数有限公司,债券指数,20071231,20260626,CSI
931860CNY04.CSI,0-3月国债(净),CSI,中证指数有限公司,债券指数,20071231,20220321,CSI
931860CNY05.CSI,0-3月国债(利),CSI,中证指数有限公司,债券指数,20071231,20220321,CSI
931860CNY06.CSI,0-3月国债(税),CSI,中证指数有限公司,债券指数,20071231,20220321,CSI
931861.CSI,0-6月国债,CSI,中证指数有限公司,债券指数,20071231,20220321,CSI
931861CNY030.CSI,0-6月国债(全),CSI,中证指数有限公司,债券指数,20071231,20260626,CSI
931861CNY04.CSI,0-6月国债(净),CSI,中证指数有限公司,债券指数,20071231,20220321,CSI
931861CNY05.CSI,0-6月国债(利),CSI,中证指数有限公司,债券指数,20071231,20220321,CSI
931861CNY06.CSI,0-6月国债(税),CSI,中证指数有限公司,债券指数,20071231,20220321,CSI
931862.CSI,0-9月国债,CSI,中证指数有限公司,债券指数,20071231,20220321,CSI
931862CNY030.CSI,0-9月国债(全),CSI,中证指数有限公司,债券指数,20071231,20260626,CSI
931862CNY04.CSI,0-9月国债(净),CSI,中证指数有限公司,债券指数,20071231,20220321,CSI
931862CNY05.CSI,0-9月国债(利),CSI,中证指数有限公司,债券指数,20071231,20220321,CSI
931862CNY06.CSI,0-9月国债(税),CSI,中证指数有限公司,债券指数,20071231,20220321,CSI
931863.CSI,6-12月国债,CSI,中证指数有限公司,债券指数,20071231,20220321,CSI
931863CNY030.CSI,6-12月国债(全),CSI,中证指数有限公司,债券指数,20071231,20260626,CSI
931863CNY04.CSI,6-12月国债(净),CSI,中证指数有限公司,债券指数,20071231,20220321,CSI
931863CNY05.CSI,6-12月国债(利),CSI,中证指数有限公司,债券指数,20071231,20220321,CSI
931863CNY06.CSI,6-12月国债(税),CSI,中证指数有限公司,债券指数,20071231,20220321,CSI
931865.CSI,中证半导,CSI,中证指数有限公司,主题指数,20161230,20190320,CSI
931865CNY01.CSI,中证半导全收益,CSI,中证指数有限公司,主题指数,20161230,20190320,CSI
931866.CSI,中证机床,CSI,中证指数有限公司,主题指数,20161230,20220509,CSI
931866CNY01.CSI,中证机床全收益,CSI,中证指数有限公司,主题指数,20161230,20220509,CSI
931867.CSI,SSH高装,CSI,中证指数有限公司,主题指数,20161230,20220718,CSI
931867CNY01.CSI,SSH高装(全),CSI,中证指数有限公司,主题指数,20161230,20220718,CSI
931867HKD00.CSI,SSH高装HKD,CSI,中证指数有限公司,主题指数,20161230,20220718,CSI
931867HKD01.CSI,SSH高装(全)HKD,CSI,中证指数有限公司,主题指数,20161230,20220718,CSI
931868.CSI,商业银行债,CSI,中证指数有限公司,债券指数,20141231,20220707,CSI
931868CNY04.CSI,商业银行债(净),CSI,中证指数有限公司,债券指数,20141231,20220707,CSI
931868CNY05.CSI,商业银行债(利),CSI,中证指数有限公司,债券指数,20141231,20220707,CSI
931868CNY06.CSI,商业银行债(税),CSI,中证指数有限公司,债券指数,20141231,20220707,CSI
931869.CSI,AAA商业银行债,CSI,中证指数有限公司,债券指数,20141231,20220707,CSI
931869CNY04.CSI,AAA商业银行债(净),CSI,中证指数有限公司,债券指数,20141231,20220707,CSI
931869CNY05.CSI,AAA商业银行债(利),CSI,中证指数有限公司,债券指数,20141231,20220707,CSI
931869CNY06.CSI,AAA商业银行债(税),CSI,中证指数有限公司,债券指数,20141231,20220707,CSI
931870.CSI,高等级商业银行债,CSI,中证指数有限公司,债券指数,20141231,20220707,CSI
931870CNY04.CSI,高等级商业银行债(净),CSI,中证指数有限公司,债券指数,20141231,20220707,CSI
931870CNY05.CSI,高等级商业银行债(利),CSI,中证指数有限公司,债券指数,20141231,20220707,CSI
931870CNY06.CSI,高等级商业银行债(税),CSI,中证指数有限公司,债券指数,20141231,20220707,CSI
931871.CSI,商业银行债普通债,CSI,中证指数有限公司,债券指数,20141231,20220707,CSI
931871CNY04.CSI,商业银行债普通债(净),CSI,中证指数有限公司,债券指数,20141231,20220707,CSI
931871CNY05.CSI,商业银行债普通债(利),CSI,中证指数有限公司,债券指数,20141231,20220707,CSI
931871CNY06.CSI,商业银行债普通债(税),CSI,中证指数有限公司,债券指数,20141231,20220707,CSI
931872.CSI,AAA商业银行普通债,CSI,中证指数有限公司,债券指数,20141231,20220707,CSI
931872CNY04.CSI,AAA商业银行普通债(净),CSI,中证指数有限公司,债券指数,20141231,20220707,CSI
931872CNY05.CSI,AAA商业银行普通债(利),CSI,中证指数有限公司,债券指数,20141231,20220707,CSI
931872CNY06.CSI,AAA商业银行普通债(税),CSI,中证指数有限公司,债券指数,20141231,20220707,CSI
931873.CSI,高等级商业银行普通债,CSI,中证指数有限公司,债券指数,20141231,20220707,CSI
931873CNY04.CSI,高等级商业银行普通债(净),CSI,中证指数有限公司,债券指数,20141231,20220707,CSI
931873CNY05.CSI,高等级商业银行普通债(利),CSI,中证指数有限公司,债券指数,20141231,20220707,CSI
931873CNY06.CSI,高等级商业银行普通债(税),CSI,中证指数有限公司,债券指数,20141231,20220707,CSI
931874.CSI,商业银行债次级债,CSI,中证指数有限公司,债券指数,20141231,20220707,CSI
931874CNY04.CSI,商业银行债次级债(净),CSI,中证指数有限公司,债券指数,20141231,20220707,CSI
931874CNY05.CSI,商业银行债次级债(利),CSI,中证指数有限公司,债券指数,20141231,20220707,CSI
931874CNY06.CSI,商业银行债次级债(税),CSI,中证指数有限公司,债券指数,20141231,20220707,CSI
931875.CSI,AAA商业银行次级债,CSI,中证指数有限公司,债券指数,20141231,20220707,CSI
931875CNY04.CSI,AAA商业银行次级债(净),CSI,中证指数有限公司,债券指数,20141231,20220707,CSI
931875CNY05.CSI,AAA商业银行次级债(利),CSI,中证指数有限公司,债券指数,20141231,20220707,CSI
931875CNY06.CSI,AAA商业银行次级债(税),CSI,中证指数有限公司,债券指数,20141231,20220707,CSI
931876.CSI,高等级商业银行次级债,CSI,中证指数有限公司,债券指数,20141231,20220707,CSI
931876CNY04.CSI,高等级商业银行次级债(净),CSI,中证指数有限公司,债券指数,20141231,20220707,CSI
931876CNY05.CSI,高等级商业银行次级债(利),CSI,中证指数有限公司,债券指数,20141231,20220707,CSI
931876CNY06.CSI,高等级商业银行次级债(税),CSI,中证指数有限公司,债券指数,20141231,20220707,CSI
931877.CSI,科创创业50净收益,CSI,中证指数有限公司,规模指数,20191231,20210601,CSI
931878.CSI,AAA银行债,CSI,中证指数有限公司,债券指数,20141231,20220707,CSI
931878CNY04.CSI,AAA银行债(净),CSI,中证指数有限公司,债券指数,20141231,20220707,CSI
931878CNY05.CSI,AAA银行债(利),CSI,中证指数有限公司,债券指数,20141231,20220707,CSI
931878CNY06.CSI,AAA银行债(税),CSI,中证指数有限公司,债券指数,20141231,20220707,CSI
931879.CSI,高等级银行债,CSI,中证指数有限公司,债券指数,20141231,20220707,CSI
931879CNY04.CSI,高等级银行债(净),CSI,中证指数有限公司,债券指数,20141231,20220707,CSI
931879CNY05.CSI,高等级银行债(利),CSI,中证指数有限公司,债券指数,20141231,20220707,CSI
931879CNY06.CSI,高等级银行债(税),CSI,中证指数有限公司,债券指数,20141231,20220707,CSI
931880.CSI,0-1年银行债,CSI,中证指数有限公司,债券指数,20141231,20220707,CSI
931880CNY04.CSI,0-1年银行债(净),CSI,中证指数有限公司,债券指数,20141231,20220707,CSI
931880CNY05.CSI,0-1年银行债(利),CSI,中证指数有限公司,债券指数,20141231,20220707,CSI
931880CNY06.CSI,0-1年银行债(税),CSI,中证指数有限公司,债券指数,20141231,20220707,CSI
931881.CSI,0-1年AAA银行债,CSI,中证指数有限公司,债券指数,20141231,20220707,CSI
931881CNY04.CSI,0-1年AAA银行债(净),CSI,中证指数有限公司,债券指数,20141231,20220707,CSI
931881CNY05.CSI,0-1年AAA银行债(利),CSI,中证指数有限公司,债券指数,20141231,20220707,CSI
931881CNY06.CSI,0-1年AAA银行债(税),CSI,中证指数有限公司,债券指数,20141231,20220707,CSI
931882.CSI,0-1年高等级银行债,CSI,中证指数有限公司,债券指数,20141231,20220707,CSI
931882CNY04.CSI,0-1年高等级银行债(净),CSI,中证指数有限公司,债券指数,20141231,20220707,CSI
931882CNY05.CSI,0-1年高等级银行债(利),CSI,中证指数有限公司,债券指数,20141231,20220707,CSI
931882CNY06.CSI,0-1年高等级银行债(税),CSI,中证指数有限公司,债券指数,20141231,20220707,CSI
931883.CSI,0-3年银行债,CSI,中证指数有限公司,债券指数,20141231,20220707,CSI
931883CNY04.CSI,0-3年银行债(净),CSI,中证指数有限公司,债券指数,20141231,20220707,CSI
931883CNY05.CSI,0-3年银行债(利),CSI,中证指数有限公司,债券指数,20141231,20220707,CSI
931883CNY06.CSI,0-3年银行债(税),CSI,中证指数有限公司,债券指数,20141231,20220707,CSI
931884.CSI,0-3年AAA银行债,CSI,中证指数有限公司,债券指数,20141231,20220707,CSI
931884CNY04.CSI,0-3年AAA银行债(净),CSI,中证指数有限公司,债券指数,20141231,20220707,CSI
931884CNY05.CSI,0-3年AAA银行债(利),CSI,中证指数有限公司,债券指数,20141231,20220707,CSI
931884CNY06.CSI,0-3年AAA银行债(税),CSI,中证指数有限公司,债券指数,20141231,20220707,CSI
931885.CSI,0-3年高等级银行债,CSI,中证指数有限公司,债券指数,20141231,20220707,CSI
931885CNY04.CSI,0-3年高等级银行债(净),CSI,中证指数有限公司,债券指数,20141231,20220707,CSI
931885CNY05.CSI,0-3年高等级银行债(利),CSI,中证指数有限公司,债券指数,20141231,20220707,CSI
931885CNY06.CSI,0-3年高等级银行债(税),CSI,中证指数有限公司,债券指数,20141231,20220707,CSI
931886.CSI,0-5年银行债,CSI,中证指数有限公司,债券指数,20141231,20220707,CSI
931886CNY04.CSI,0-5年银行债(净),CSI,中证指数有限公司,债券指数,20141231,20220707,CSI
931886CNY05.CSI,0-5年银行债(利),CSI,中证指数有限公司,债券指数,20141231,20220707,CSI
931886CNY06.CSI,0-5年银行债(税),CSI,中证指数有限公司,债券指数,20141231,20220707,CSI
931887.CSI,0-5年AAA银行债,CSI,中证指数有限公司,债券指数,20141231,20220707,CSI
931887CNY04.CSI,0-5年AAA银行债(净),CSI,中证指数有限公司,债券指数,20141231,20220707,CSI
931887CNY05.CSI,0-5年AAA银行债(利),CSI,中证指数有限公司,债券指数,20141231,20220707,CSI
931887CNY06.CSI,0-5年AAA银行债(税),CSI,中证指数有限公司,债券指数,20141231,20220707,CSI
931888.CSI,0-5年高等级银行债,CSI,中证指数有限公司,债券指数,20141231,20220707,CSI
931888CNY04.CSI,0-5年高等级银行债(净),CSI,中证指数有限公司,债券指数,20141231,20220707,CSI
931888CNY05.CSI,0-5年高等级银行债(利),CSI,中证指数有限公司,债券指数,20141231,20220707,CSI
931888CNY06.CSI,0-5年高等级银行债(税),CSI,中证指数有限公司,债券指数,20141231,20220707,CSI
931889.CSI,央视财经基金100,CSI,中证指数有限公司,基金指数,20131231,20220419,CSI
931891.CSI,ESG300成长优选,CSI,中证指数有限公司,策略指数,20171229,20220718,CSI
931891CNY01.CSI,ESG300成长优选全收益,CSI,中证指数有限公司,策略指数,20171229,20220718,CSI
931892.CSI,有色矿业,CSI,中证指数有限公司,主题指数,20131231,20130715,CSI
931892CNY01.CSI,有色矿业全收益,CSI,中证指数有限公司,主题指数,20131231,20130715,CSI
931893.CSI,银发经济,CSI,中证指数有限公司,主题指数,20140630,20221031,CSI
931894.CSI,北银理财央企能源股债,CSI,中证指数有限公司,多资产指数,20181228,20250326,CSI
931895.CSI,中证银保,CSI,中证指数有限公司,主题指数,20131231,20220901,CSI
931895CNY01.CSI,中证银保全收益,CSI,中证指数有限公司,主题指数,20131231,20220901,CSI
931896.CSI,300银保,CSI,中证指数有限公司,主题指数,20131231,20220706,CSI
931896CNY01.CSI,300银保全收益,CSI,中证指数有限公司,主题指数,20131231,20220706,CSI
931897.CSI,绿色电力,CSI,中证指数有限公司,行业指数,20170630,20121221,CSI
931897CNY01.CSI,绿色电力全收益,CSI,中证指数有限公司,行业指数,20170630,20121221,CSI
931898.CSI,全球智能汽车,CSI,中证指数有限公司,主题指数,20161230,20220706,CSI
931898CNY01.CSI,全球智能汽车(全),CSI,中证指数有限公司,主题指数,20161230,20220706,CSI
931898HKD00.CSI,全球智能汽车HKD,CSI,中证指数有限公司,主题指数,20161230,20220706,CSI
931898HKD01.CSI,全球智能汽车(全)HKD,CSI,中证指数有限公司,主题指数,20161230,20220706,CSI
931898USD00.CSI,全球智能汽车USD,CSI,中证指数有限公司,主题指数,20161230,20220706,CSI
931898USD01.CSI,全球智能汽车(全)USD,CSI,中证指数有限公司,主题指数,20161230,20220706,CSI
931899.CSI,全球智能驾驶,CSI,中证指数有限公司,主题指数,20161230,20220712,CSI
931899CNY01.CSI,全球智能驾驶(全),CSI,中证指数有限公司,主题指数,20161230,20220712,CSI
931899HKD00.CSI,全球智能驾驶HKD,CSI,中证指数有限公司,主题指数,20161230,20220712,CSI
931899HKD01.CSI,全球智能驾驶(全)HKD,CSI,中证指数有限公司,主题指数,20161230,20220712,CSI
931899USD00.CSI,全球智能驾驶USD,CSI,中证指数有限公司,主题指数,20161230,20220712,CSI
931899USD01.CSI,全球智能驾驶(全)USD,CSI,中证指数有限公司,主题指数,20161230,20220712,CSI
931900.CSI,港美智能汽车,CSI,中证指数有限公司,主题指数,20161230,20220706,CSI
931900CNY01.CSI,港美智能汽车(全),CSI,中证指数有限公司,主题指数,20161230,20220706,CSI
931900HKD00.CSI,港美智能汽车HKD,CSI,中证指数有限公司,主题指数,20161230,20220706,CSI
931900HKD01.CSI,港美智能汽车(全)HKD,CSI,中证指数有限公司,主题指数,20161230,20220706,CSI
931900USD00.CSI,港美智能汽车USD,CSI,中证指数有限公司,主题指数,20161230,20220706,CSI
931900USD01.CSI,港美智能汽车(全)USD,CSI,中证指数有限公司,主题指数,20161230,20220706,CSI
931901.CSI,港美智能驾驶,CSI,中证指数有限公司,主题指数,20161230,20220712,CSI
931901CNY01.CSI,港美智能驾驶(全),CSI,中证指数有限公司,主题指数,20161230,20220712,CSI
931901HKD00.CSI,港美智能驾驶HKD,CSI,中证指数有限公司,主题指数,20161230,20220712,CSI
931901HKD01.CSI,港美智能驾驶(全)HKD,CSI,中证指数有限公司,主题指数,20161230,20220712,CSI
931901USD00.CSI,港美智能驾驶USD,CSI,中证指数有限公司,主题指数,20161230,20220712,CSI
931901USD01.CSI,港美智能驾驶(全)USD,CSI,中证指数有限公司,主题指数,20161230,20220712,CSI
931902.CSI,长江信用债,CSI,中证指数有限公司,债券指数,20141231,20220722,CSI
931902CNY04.CSI,长江信用债(净),CSI,中证指数有限公司,债券指数,20141231,20220722,CSI
931902CNY05.CSI,长江信用债(利),CSI,中证指数有限公司,债券指数,20141231,20220722,CSI
931902CNY06.CSI,长江信用债(税),CSI,中证指数有限公司,债券指数,20141231,20220722,CSI
931903.CSI,黄河信用债,CSI,中证指数有限公司,债券指数,20141231,20220722,CSI
931903CNY04.CSI,黄河信用债(净),CSI,中证指数有限公司,债券指数,20141231,20220722,CSI
931903CNY05.CSI,黄河信用债(利),CSI,中证指数有限公司,债券指数,20141231,20220722,CSI
931903CNY06.CSI,黄河信用债(税),CSI,中证指数有限公司,债券指数,20141231,20220722,CSI
931904.CSI,安徽信用债,CSI,中证指数有限公司,债券指数,20141231,20220722,CSI
931904CNY04.CSI,安徽信用债(净),CSI,中证指数有限公司,债券指数,20141231,20220722,CSI
931904CNY05.CSI,安徽信用债(利),CSI,中证指数有限公司,债券指数,20141231,20220722,CSI
931904CNY06.CSI,安徽信用债(税),CSI,中证指数有限公司,债券指数,20141231,20220722,CSI
931905.CSI,重庆信用债,CSI,中证指数有限公司,债券指数,20141231,20220722,CSI
931905CNY04.CSI,重庆信用债(净),CSI,中证指数有限公司,债券指数,20141231,20220722,CSI
931905CNY05.CSI,重庆信用债(利),CSI,中证指数有限公司,债券指数,20141231,20220722,CSI
931905CNY06.CSI,重庆信用债(税),CSI,中证指数有限公司,债券指数,20141231,20220722,CSI
931906.CSI,河北信用债,CSI,中证指数有限公司,债券指数,20141231,20220722,CSI
931906CNY04.CSI,河北信用债(净),CSI,中证指数有限公司,债券指数,20141231,20220722,CSI
931906CNY05.CSI,河北信用债(利),CSI,中证指数有限公司,债券指数,20141231,20220722,CSI
931906CNY06.CSI,河北信用债(税),CSI,中证指数有限公司,债券指数,20141231,20220722,CSI
931907.CSI,河南信用债,CSI,中证指数有限公司,债券指数,20141231,20220722,CSI
931907CNY04.CSI,河南信用债(净),CSI,中证指数有限公司,债券指数,20141231,20220722,CSI
931907CNY05.CSI,河南信用债(利),CSI,中证指数有限公司,债券指数,20141231,20220722,CSI
931907CNY06.CSI,河南信用债(税),CSI,中证指数有限公司,债券指数,20141231,20220722,CSI
931908.CSI,湖南信用债,CSI,中证指数有限公司,债券指数,20141231,20220722,CSI
931908CNY04.CSI,湖南信用债(净),CSI,中证指数有限公司,债券指数,20141231,20220722,CSI
931908CNY05.CSI,湖南信用债(利),CSI,中证指数有限公司,债券指数,20141231,20220722,CSI
931908CNY06.CSI,湖南信用债(税),CSI,中证指数有限公司,债券指数,20141231,20220722,CSI
931909.CSI,江西信用债,CSI,中证指数有限公司,债券指数,20141231,20220722,CSI
931909CNY04.CSI,江西信用债(净),CSI,中证指数有限公司,债券指数,20141231,20220722,CSI
931909CNY05.CSI,江西信用债(利),CSI,中证指数有限公司,债券指数,20141231,20220722,CSI
931909CNY06.CSI,江西信用债(税),CSI,中证指数有限公司,债券指数,20141231,20220722,CSI
931910.CSI,山东信用债,CSI,中证指数有限公司,债券指数,20141231,20220722,CSI
931910CNY04.CSI,山东信用债(净),CSI,中证指数有限公司,债券指数,20141231,20220722,CSI
931910CNY05.CSI,山东信用债(利),CSI,中证指数有限公司,债券指数,20141231,20220722,CSI
931910CNY06.CSI,山东信用债(税),CSI,中证指数有限公司,债券指数,20141231,20220722,CSI
931911.CSI,山西信用债,CSI,中证指数有限公司,债券指数,20141231,20220722,CSI
931911CNY04.CSI,山西信用债(净),CSI,中证指数有限公司,债券指数,20141231,20220722,CSI
931911CNY05.CSI,山西信用债(利),CSI,中证指数有限公司,债券指数,20141231,20220722,CSI
931911CNY06.CSI,山西信用债(税),CSI,中证指数有限公司,债券指数,20141231,20220722,CSI
931912.CSI,陕西信用债,CSI,中证指数有限公司,债券指数,20141231,20220722,CSI
931912CNY04.CSI,陕西信用债(净),CSI,中证指数有限公司,债券指数,20141231,20220722,CSI
931912CNY05.CSI,陕西信用债(利),CSI,中证指数有限公司,债券指数,20141231,20220722,CSI
931912CNY06.CSI,陕西信用债(税),CSI,中证指数有限公司,债券指数,20141231,20220722,CSI
931913.CSI,云南信用债,CSI,中证指数有限公司,债券指数,20141231,20220722,CSI
931913CNY04.CSI,云南信用债(净),CSI,中证指数有限公司,债券指数,20141231,20220722,CSI
931913CNY05.CSI,云南信用债(利),CSI,中证指数有限公司,债券指数,20141231,20220722,CSI
931913CNY06.CSI,云南信用债(税),CSI,中证指数有限公司,债券指数,20141231,20220722,CSI
931914.CSI,AAA企业永续债,CSI,中证指数有限公司,债券指数,20161230,20220718,CSI
931914CNY04.CSI,AAA企业永续债(净),CSI,中证指数有限公司,债券指数,20161230,20220718,CSI
931914CNY05.CSI,AAA企业永续债(利),CSI,中证指数有限公司,债券指数,20161230,20220718,CSI
931914CNY06.CSI,AAA企业永续债(税),CSI,中证指数有限公司,债券指数,20161230,20220718,CSI
931915.CSI,高等级企业永续债,CSI,中证指数有限公司,债券指数,20161230,20220718,CSI
931915CNY04.CSI,高等级企业永续债(净),CSI,中证指数有限公司,债券指数,20161230,20220718,CSI
931915CNY05.CSI,高等级企业永续债(利),CSI,中证指数有限公司,债券指数,20161230,20220718,CSI
931915CNY06.CSI,高等级企业永续债(税),CSI,中证指数有限公司,债券指数,20161230,20220718,CSI
931916.CSI,AAA商业银行永续债,CSI,中证指数有限公司,债券指数,20201231,20220718,CSI
931916CNY04.CSI,AAA商业银行永续债(净),CSI,中证指数有限公司,债券指数,20201231,20220718,CSI
931916CNY05.CSI,AAA商业银行永续债(利),CSI,中证指数有限公司,债券指数,20201231,20220718,CSI
931916CNY06.CSI,AAA商业银行永续债(税),CSI,中证指数有限公司,债券指数,20201231,20220718,CSI
931917.CSI,高等级商业银行永续债,CSI,中证指数有限公司,债券指数,20201231,20220718,CSI
931917CNY04.CSI,高等级商业银行永续债(净),CSI,中证指数有限公司,债券指数,20201231,20220718,CSI
931917CNY05.CSI,高等级商业银行永续债(利),CSI,中证指数有限公司,债券指数,20201231,20220718,CSI
931917CNY06.CSI,高等级商业银行永续债(税),CSI,中证指数有限公司,债券指数,20201231,20220718,CSI
931918.CSI,华夏银行新经济债,CSI,中证指数有限公司,债券指数,20161230,20220712,CSI
931918CNY04.CSI,华夏银行新经济债(净),CSI,中证指数有限公司,债券指数,20161230,20220712,CSI
931918CNY05.CSI,华夏银行新经济债(利),CSI,中证指数有限公司,债券指数,20161230,20220712,CSI
931918CNY06.CSI,华夏银行新经济债(税),CSI,中证指数有限公司,债券指数,20161230,20220712,CSI
931919.CSI,800银保,CSI,中证指数有限公司,主题指数,20131231,20220706,CSI
931919CNY01.CSI,800银保全收益,CSI,中证指数有限公司,主题指数,20131231,20220706,CSI
931920.CSI,沪深港银保,CSI,中证指数有限公司,主题指数,20141231,20220901,CSI
931920CNY01.CSI,沪深港银保(全),CSI,中证指数有限公司,主题指数,20141231,20220901,CSI
931920HKD00.CSI,沪深港银保HKD,CSI,中证指数有限公司,主题指数,20141231,20220901,CSI
931920HKD01.CSI,沪深港银保(全)HKD,CSI,中证指数有限公司,主题指数,20141231,20220901,CSI
931921.CSI,精选市场电动车,CSI,中证指数有限公司,主题指数,20181228,20250227,CSI
931921CNY200.CSI,精选市场电动车CNY,CSI,中证指数有限公司,主题指数,20181228,20250227,CSI
931921CNY210.CSI,精选市场电动车(全)CNY,CSI,中证指数有限公司,主题指数,20181228,20250227,CSI
931921HKD200.CSI,精选市场电动车HKD,CSI,中证指数有限公司,主题指数,20181228,20250227,CSI
931921HKD210.CSI,精选市场电动车(全)HKD,CSI,中证指数有限公司,主题指数,20181228,20250227,CSI
931921USD210.CSI,精选市场电动车(全),CSI,中证指数有限公司,主题指数,20181228,20250227,CSI
931922.CSI,新能源金属50,CSI,中证指数有限公司,主题指数,20111230,20220901,CSI
931922CNY01.CSI,新能源金属50全收益,CSI,中证指数有限公司,主题指数,20111230,20220901,CSI
931923.CSI,广西信用债,CSI,中证指数有限公司,债券指数,20141231,20220722,CSI
931923CNY04.CSI,广西信用债(净),CSI,中证指数有限公司,债券指数,20141231,20220722,CSI
931923CNY05.CSI,广西信用债(利),CSI,中证指数有限公司,债券指数,20141231,20220722,CSI
931923CNY06.CSI,广西信用债(税),CSI,中证指数有限公司,债券指数,20141231,20220722,CSI
931924.CSI,贵州信用债,CSI,中证指数有限公司,债券指数,20141231,20220722,CSI
931924CNY04.CSI,贵州信用债(净),CSI,中证指数有限公司,债券指数,20141231,20220722,CSI
931924CNY05.CSI,贵州信用债(利),CSI,中证指数有限公司,债券指数,20141231,20220722,CSI
931924CNY06.CSI,贵州信用债(税),CSI,中证指数有限公司,债券指数,20141231,20220722,CSI
931925.CSI,辽宁信用债,CSI,中证指数有限公司,债券指数,20141231,20220722,CSI
931925CNY04.CSI,辽宁信用债(净),CSI,中证指数有限公司,债券指数,20141231,20220722,CSI
931925CNY05.CSI,辽宁信用债(利),CSI,中证指数有限公司,债券指数,20141231,20220722,CSI
931925CNY06.CSI,辽宁信用债(税),CSI,中证指数有限公司,债券指数,20141231,20220722,CSI
931926.CSI,吉林信用债,CSI,中证指数有限公司,债券指数,20141231,20220722,CSI
931926CNY04.CSI,吉林信用债(净),CSI,中证指数有限公司,债券指数,20141231,20220722,CSI
931926CNY05.CSI,吉林信用债(利),CSI,中证指数有限公司,债券指数,20141231,20220722,CSI
931926CNY06.CSI,吉林信用债(税),CSI,中证指数有限公司,债券指数,20141231,20220722,CSI
931927.CSI,黑龙江信用债,CSI,中证指数有限公司,债券指数,20141231,20220722,CSI
931927CNY04.CSI,黑龙江信用债(净),CSI,中证指数有限公司,债券指数,20141231,20220722,CSI
931927CNY05.CSI,黑龙江信用债(利),CSI,中证指数有限公司,债券指数,20141231,20220722,CSI
931927CNY06.CSI,黑龙江信用债(税),CSI,中证指数有限公司,债券指数,20141231,20220722,CSI
931928.CSI,新疆信用债,CSI,中证指数有限公司,债券指数,20141231,20220722,CSI
931928CNY04.CSI,新疆信用债(净),CSI,中证指数有限公司,债券指数,20141231,20220722,CSI
931928CNY05.CSI,新疆信用债(利),CSI,中证指数有限公司,债券指数,20141231,20220722,CSI
931928CNY06.CSI,新疆信用债(税),CSI,中证指数有限公司,债券指数,20141231,20220722,CSI
931929.CSI,内蒙古信用债,CSI,中证指数有限公司,债券指数,20141231,20220722,CSI
931929CNY04.CSI,内蒙古信用债(净),CSI,中证指数有限公司,债券指数,20141231,20220722,CSI
931929CNY05.CSI,内蒙古信用债(利),CSI,中证指数有限公司,债券指数,20141231,20220722,CSI
931929CNY06.CSI,内蒙古信用债(税),CSI,中证指数有限公司,债券指数,20141231,20220722,CSI
931931.CSI,建筑装饰,CSI,中证指数有限公司,行业指数,20211231,20220721,CSI
931931CNY01.CSI,建筑装饰(全),CSI,中证指数有限公司,行业指数,20211231,20220721,CSI
931932.CSI,电力设备,CSI,中证指数有限公司,行业指数,20211231,20220721,CSI
931932CNY01.CSI,电力设备(全),CSI,中证指数有限公司,行业指数,20211231,20220721,CSI
931933.CSI,全指环保,CSI,中证指数有限公司,行业指数,20211231,20220721,CSI
931933CNY01.CSI,全指环保(全),CSI,中证指数有限公司,行业指数,20211231,20220721,CSI
931934.CSI,非金属材料,CSI,中证指数有限公司,行业指数,20211231,20220721,CSI
931934CNY01.CSI,非金属材料(全),CSI,中证指数有限公司,行业指数,20211231,20220721,CSI
931935.CSI,全指钢铁,CSI,中证指数有限公司,行业指数,20211231,20220721,CSI
931935CNY01.CSI,全指钢铁(全),CSI,中证指数有限公司,行业指数,20211231,20220721,CSI
931936.CSI,全指有色,CSI,中证指数有限公司,行业指数,20211231,20220721,CSI
931936CNY01.CSI,全指有色(全),CSI,中证指数有限公司,行业指数,20211231,20220721,CSI
931937.CSI,造纸与包装,CSI,中证指数有限公司,行业指数,20211231,20220721,CSI
931937CNY01.CSI,造纸与包装(全),CSI,中证指数有限公司,行业指数,20211231,20220721,CSI
931938.CSI,服装珠宝,CSI,中证指数有限公司,行业指数,20211231,20220721,CSI
931938CNY01.CSI,服装珠宝(全),CSI,中证指数有限公司,行业指数,20211231,20220721,CSI
931939.CSI,家庭用品,CSI,中证指数有限公司,行业指数,20211231,20220721,CSI
931939CNY01.CSI,家庭用品(全),CSI,中证指数有限公司,行业指数,20211231,20220721,CSI
931940.CSI,全指医疗,CSI,中证指数有限公司,行业指数,20211231,20220721,CSI
931940CNY01.CSI,全指医疗(全),CSI,中证指数有限公司,行业指数,20211231,20220721,CSI
931941.CSI,其他金融,CSI,中证指数有限公司,行业指数,20211231,20220721,CSI
931941CNY01.CSI,其他金融(全),CSI,中证指数有限公司,行业指数,20211231,20220721,CSI
931944.CSI,银保主题,CSI,中证指数有限公司,主题指数,20131231,20091028,CSI
931944CNY01.CSI,银保主题全收益,CSI,中证指数有限公司,主题指数,20131231,20091028,CSI
931945.CSI,汽车半导,CSI,中证指数有限公司,主题指数,20161230,20220901,CSI
931945CNY01.CSI,汽车半导全收益,CSI,中证指数有限公司,主题指数,20161230,20220901,CSI
931946.CSI,畜牧养殖,CSI,中证指数有限公司,主题指数,20211231,20230728,CSI
931946CNY010.CSI,畜牧养殖全收益,CSI,中证指数有限公司,主题指数,20211231,20230728,CSI
931946CNY020.CSI,畜牧养殖净收益,CSI,中证指数有限公司,主题指数,20211231,20230728,CSI
931947.CSI,港股通有色,CSI,中证指数有限公司,行业指数,20211231,20220721,CSI
931947CNY00.CSI,港股通有色CNY,CSI,中证指数有限公司,行业指数,20211231,20220721,CSI
931947CNY01.CSI,港股通有色(全)CNY,CSI,中证指数有限公司,行业指数,20211231,20220721,CSI
931947HKD01.CSI,港股通有色(全),CSI,中证指数有限公司,行业指数,20211231,20220721,CSI
931948.CSI,港股通机械,CSI,中证指数有限公司,行业指数,20211231,20220721,CSI
931948CNY00.CSI,港股通机械CNY,CSI,中证指数有限公司,行业指数,20211231,20220721,CSI
931948CNY01.CSI,港股通机械(全)CNY,CSI,中证指数有限公司,行业指数,20211231,20220721,CSI
931948HKD01.CSI,港股通机械(全),CSI,中证指数有限公司,行业指数,20211231,20220721,CSI
931949.CSI,港股通运输,CSI,中证指数有限公司,行业指数,20211231,20220721,CSI
931949CNY00.CSI,港股通运输CNY,CSI,中证指数有限公司,行业指数,20211231,20220721,CSI
931949CNY01.CSI,港股通运输(全)CNY,CSI,中证指数有限公司,行业指数,20211231,20220721,CSI
931949HKD01.CSI,港股通运输(全),CSI,中证指数有限公司,行业指数,20211231,20220721,CSI
931951.CSI,港股通纺织服装,CSI,中证指数有限公司,行业指数,20211231,20220721,CSI
931951CNY00.CSI,港股通纺织服装CNY,CSI,中证指数有限公司,行业指数,20211231,20220721,CSI
931951CNY01.CSI,港股通纺织服装(全)CNY,CSI,中证指数有限公司,行业指数,20211231,20220721,CSI
931951HKD01.CSI,港股通纺织服装(全),CSI,中证指数有限公司,行业指数,20211231,20220721,CSI
931952.CSI,港股通服务,CSI,中证指数有限公司,行业指数,20211231,20220721,CSI
931952CNY00.CSI,港股通服务CNY,CSI,中证指数有限公司,行业指数,20211231,20220721,CSI
931952CNY01.CSI,港股通服务(全)CNY,CSI,中证指数有限公司,行业指数,20211231,20220721,CSI
931952HKD01.CSI,港股通服务(全),CSI,中证指数有限公司,行业指数,20211231,20220721,CSI
931953.CSI,港股通食品饮料,CSI,中证指数有限公司,行业指数,20211231,20220721,CSI
931953CNY00.CSI,港股通食品饮料CNY,CSI,中证指数有限公司,行业指数,20211231,20220721,CSI
931953CNY01.CSI,港股通食品饮料(全)CNY,CSI,中证指数有限公司,行业指数,20211231,20220721,CSI
931953HKD01.CSI,港股通食品饮料(全),CSI,中证指数有限公司,行业指数,20211231,20220721,CSI
931955.CSI,港股通制药,CSI,中证指数有限公司,行业指数,20211231,20220721,CSI
931955CNY00.CSI,港股通制药CNY,CSI,中证指数有限公司,行业指数,20211231,20220721,CSI
931955CNY01.CSI,港股通制药(全)CNY,CSI,中证指数有限公司,行业指数,20211231,20220721,CSI
931955HKD01.CSI,港股通制药(全),CSI,中证指数有限公司,行业指数,20211231,20220721,CSI
931956.CSI,港股通银行,CSI,中证指数有限公司,行业指数,20211231,20220721,CSI
931956CNY00.CSI,港股通银行CNY,CSI,中证指数有限公司,行业指数,20211231,20220721,CSI
931956CNY01.CSI,港股通银行(全)CNY,CSI,中证指数有限公司,行业指数,20211231,20220721,CSI
931956HKD01.CSI,港股通银行(全),CSI,中证指数有限公司,行业指数,20211231,20220721,CSI
931957.CSI,港股通资本市场,CSI,中证指数有限公司,行业指数,20211231,20220721,CSI
931957CNY00.CSI,港股通资本市场CNY,CSI,中证指数有限公司,行业指数,20211231,20220721,CSI
931957CNY01.CSI,港股通资本市场(全)CNY,CSI,中证指数有限公司,行业指数,20211231,20220721,CSI
931957HKD01.CSI,港股通资本市场(全),CSI,中证指数有限公司,行业指数,20211231,20220721,CSI
931958.CSI,港股通电子,CSI,中证指数有限公司,行业指数,20211231,20220721,CSI
931958CNY00.CSI,港股通电子CNY,CSI,中证指数有限公司,行业指数,20211231,20220721,CSI
931958CNY01.CSI,港股通电子(全)CNY,CSI,中证指数有限公司,行业指数,20211231,20220721,CSI
931958HKD01.CSI,港股通电子(全),CSI,中证指数有限公司,行业指数,20211231,20220721,CSI
931959.CSI,港股通传媒,CSI,中证指数有限公司,行业指数,20211231,20220721,CSI
931959CNY00.CSI,港股通传媒CNY,CSI,中证指数有限公司,行业指数,20211231,20220721,CSI
931959CNY01.CSI,港股通传媒(全)CNY,CSI,中证指数有限公司,行业指数,20211231,20220721,CSI
931959HKD01.CSI,港股通传媒(全),CSI,中证指数有限公司,行业指数,20211231,20220721,CSI
931960.CSI,港股通运输业,CSI,中证指数有限公司,行业指数,20211231,20220721,CSI
931960CNY00.CSI,港股通运输业CNY,CSI,中证指数有限公司,行业指数,20211231,20220721,CSI
931960CNY01.CSI,港股通运输业(全)CNY,CSI,中证指数有限公司,行业指数,20211231,20220721,CSI
931960HKD01.CSI,港股通运输业(全),CSI,中证指数有限公司,行业指数,20211231,20220721,CSI
931961.CSI,港股通交通设施,CSI,中证指数有限公司,行业指数,20211231,20220721,CSI
931961CNY00.CSI,港股通交通设施CNY,CSI,中证指数有限公司,行业指数,20211231,20220721,CSI
931961CNY01.CSI,港股通交通设施(全)CNY,CSI,中证指数有限公司,行业指数,20211231,20220721,CSI
931961HKD01.CSI,港股通交通设施(全),CSI,中证指数有限公司,行业指数,20211231,20220721,CSI
931962.CSI,港股通休闲,CSI,中证指数有限公司,行业指数,20211231,20220721,CSI
931962CNY00.CSI,港股通休闲CNY,CSI,中证指数有限公司,行业指数,20211231,20220721,CSI
931962CNY01.CSI,港股通休闲(全)CNY,CSI,中证指数有限公司,行业指数,20211231,20220721,CSI
931962HKD01.CSI,港股通休闲(全),CSI,中证指数有限公司,行业指数,20211231,20220721,CSI
931963.CSI,港股通教育,CSI,中证指数有限公司,行业指数,20211231,20220721,CSI
931963CNY00.CSI,港股通教育CNY,CSI,中证指数有限公司,行业指数,20211231,20220721,CSI
931963CNY01.CSI,港股通教育(全)CNY,CSI,中证指数有限公司,行业指数,20211231,20220721,CSI
931963HKD01.CSI,港股通教育(全),CSI,中证指数有限公司,行业指数,20211231,20220721,CSI
931965.CSI,港股通食品,CSI,中证指数有限公司,行业指数,20211231,20220721,CSI
931965CNY00.CSI,港股通食品CNY,CSI,中证指数有限公司,行业指数,20211231,20220721,CSI
931965CNY01.CSI,港股通食品(全)CNY,CSI,中证指数有限公司,行业指数,20211231,20220721,CSI
931965HKD01.CSI,港股通食品(全),CSI,中证指数有限公司,行业指数,20211231,20220721,CSI
931966.CSI,港股通医疗商业,CSI,中证指数有限公司,行业指数,20211231,20220721,CSI
931966CNY00.CSI,港股通医疗商业CNY,CSI,中证指数有限公司,行业指数,20211231,20220721,CSI
931966CNY01.CSI,港股通医疗商业(全)CNY,CSI,中证指数有限公司,行业指数,20211231,20220721,CSI
931966HKD01.CSI,港股通医疗商业(全),CSI,中证指数有限公司,行业指数,20211231,20220721,CSI
931967.CSI,港股通化学药,CSI,中证指数有限公司,行业指数,20211231,20220721,CSI
931967CNY00.CSI,港股通化学药CNY,CSI,中证指数有限公司,行业指数,20211231,20220721,CSI
931967CNY01.CSI,港股通化学药(全)CNY,CSI,中证指数有限公司,行业指数,20211231,20220721,CSI
931967HKD01.CSI,港股通化学药(全),CSI,中证指数有限公司,行业指数,20211231,20220721,CSI
931968.CSI,港股通制药生物,CSI,中证指数有限公司,行业指数,20211231,20220721,CSI
931968CNY00.CSI,港股通制药生物CNY,CSI,中证指数有限公司,行业指数,20211231,20220721,CSI
931968CNY01.CSI,港股通制药生物(全)CNY,CSI,中证指数有限公司,行业指数,20211231,20220721,CSI
931968HKD01.CSI,港股通制药生物(全),CSI,中证指数有限公司,行业指数,20211231,20220721,CSI
931969.CSI,港股通商业银行,CSI,中证指数有限公司,行业指数,20211231,20220721,CSI
931969CNY00.CSI,港股通商业银行CNY,CSI,中证指数有限公司,行业指数,20211231,20220721,CSI
931969CNY01.CSI,港股通商业银行(全)CNY,CSI,中证指数有限公司,行业指数,20211231,20220721,CSI
931969HKD01.CSI,港股通商业银行(全),CSI,中证指数有限公司,行业指数,20211231,20220721,CSI
931970.CSI,港股通文化娱乐,CSI,中证指数有限公司,行业指数,20211231,20220721,CSI
931970CNY00.CSI,港股通文化娱乐CNY,CSI,中证指数有限公司,行业指数,20211231,20220721,CSI
931970CNY01.CSI,港股通文化娱乐(全)CNY,CSI,中证指数有限公司,行业指数,20211231,20220721,CSI
931970HKD01.CSI,港股通文化娱乐(全),CSI,中证指数有限公司,行业指数,20211231,20220721,CSI
931971.CSI,港股通电力电网,CSI,中证指数有限公司,行业指数,20211231,20220721,CSI
931971CNY00.CSI,港股通电力电网CNY,CSI,中证指数有限公司,行业指数,20211231,20220721,CSI
931971CNY01.CSI,港股通电力电网(全)CNY,CSI,中证指数有限公司,行业指数,20211231,20220721,CSI
931971HKD01.CSI,港股通电力电网(全),CSI,中证指数有限公司,行业指数,20211231,20220721,CSI
931972.CSI,港股通地产开发,CSI,中证指数有限公司,行业指数,20211231,20220721,CSI
931972CNY00.CSI,港股通地产开发CNY,CSI,中证指数有限公司,行业指数,20211231,20220721,CSI
931972CNY01.CSI,港股通地产开发(全)CNY,CSI,中证指数有限公司,行业指数,20211231,20220721,CSI
931972HKD01.CSI,港股通地产开发(全),CSI,中证指数有限公司,行业指数,20211231,20220721,CSI
931973.CSI,港股通地产管理,CSI,中证指数有限公司,行业指数,20211231,20220721,CSI
931973CNY00.CSI,港股通地产管理CNY,CSI,中证指数有限公司,行业指数,20211231,20220721,CSI
931973CNY01.CSI,港股通地产管理(全)CNY,CSI,中证指数有限公司,行业指数,20211231,20220721,CSI
931973HKD01.CSI,港股通地产管理(全),CSI,中证指数有限公司,行业指数,20211231,20220721,CSI
931975.CSI,H300服务,CSI,中证指数有限公司,行业指数,20211231,20220721,CSI
931975CNY00.CSI,H300服务CNY,CSI,中证指数有限公司,行业指数,20211231,20220721,CSI
931975CNY01.CSI,H300服务(全)CNY,CSI,中证指数有限公司,行业指数,20211231,20220721,CSI
931975HKD01.CSI,H300服务(全),CSI,中证指数有限公司,行业指数,20211231,20220721,CSI
931976.CSI,H300食品饮料,CSI,中证指数有限公司,行业指数,20211231,20220721,CSI
931976CNY00.CSI,H300食品饮料CNY,CSI,中证指数有限公司,行业指数,20211231,20220721,CSI
931976CNY01.CSI,H300食品饮料(全)CNY,CSI,中证指数有限公司,行业指数,20211231,20220721,CSI
931976HKD01.CSI,H300食品饮料(全),CSI,中证指数有限公司,行业指数,20211231,20220721,CSI
931977.CSI,H300医疗,CSI,中证指数有限公司,行业指数,20211231,20220721,CSI
931977CNY00.CSI,H300医疗CNY,CSI,中证指数有限公司,行业指数,20211231,20220721,CSI
931977CNY01.CSI,H300医疗(全)CNY,CSI,中证指数有限公司,行业指数,20211231,20220721,CSI
931977HKD01.CSI,H300医疗(全),CSI,中证指数有限公司,行业指数,20211231,20220721,CSI
931978.CSI,H300制药,CSI,中证指数有限公司,行业指数,20211231,20220721,CSI
931978CNY00.CSI,H300制药CNY,CSI,中证指数有限公司,行业指数,20211231,20220721,CSI
931978CNY01.CSI,H300制药(全)CNY,CSI,中证指数有限公司,行业指数,20211231,20220721,CSI
931978HKD01.CSI,H300制药(全),CSI,中证指数有限公司,行业指数,20211231,20220721,CSI
931979.CSI,H300资本市场,CSI,中证指数有限公司,行业指数,20211231,20220721,CSI
931979CNY00.CSI,H300资本市场CNY,CSI,中证指数有限公司,行业指数,20211231,20220721,CSI
931979CNY01.CSI,H300资本市场(全)CNY,CSI,中证指数有限公司,行业指数,20211231,20220721,CSI
931979HKD01.CSI,H300资本市场(全),CSI,中证指数有限公司,行业指数,20211231,20220721,CSI
931980.CSI,H300传媒,CSI,中证指数有限公司,行业指数,20211231,20220721,CSI
931980CNY00.CSI,H300传媒CNY,CSI,中证指数有限公司,行业指数,20211231,20220721,CSI
931980CNY01.CSI,H300传媒(全)CNY,CSI,中证指数有限公司,行业指数,20211231,20220721,CSI
931980HKD01.CSI,H300传媒(全),CSI,中证指数有限公司,行业指数,20211231,20220721,CSI
931981.CSI,H300休闲服务,CSI,中证指数有限公司,行业指数,20211231,20220721,CSI
931981CNY00.CSI,H300休闲服务CNY,CSI,中证指数有限公司,行业指数,20211231,20220721,CSI
931981CNY01.CSI,H300休闲服务(全)CNY,CSI,中证指数有限公司,行业指数,20211231,20220721,CSI
931981HKD01.CSI,H300休闲服务(全),CSI,中证指数有限公司,行业指数,20211231,20220721,CSI
931982.CSI,H300医疗器械,CSI,中证指数有限公司,行业指数,20211231,20220721,CSI
931982CNY00.CSI,H300医疗器械CNY,CSI,中证指数有限公司,行业指数,20211231,20220721,CSI
931982CNY01.CSI,H300医疗器械(全)CNY,CSI,中证指数有限公司,行业指数,20211231,20220721,CSI
931982HKD01.CSI,H300医疗器械(全),CSI,中证指数有限公司,行业指数,20211231,20220721,CSI
931983.CSI,H300化学药,CSI,中证指数有限公司,行业指数,20211231,20220721,CSI
931983CNY00.CSI,H300化学药CNY,CSI,中证指数有限公司,行业指数,20211231,20220721,CSI
931983CNY01.CSI,H300化学药(全)CNY,CSI,中证指数有限公司,行业指数,20211231,20220721,CSI
931983HKD01.CSI,H300化学药(全),CSI,中证指数有限公司,行业指数,20211231,20220721,CSI
931984.CSI,H300商业银行,CSI,中证指数有限公司,行业指数,20211231,20220721,CSI
931984CNY00.CSI,H300商业银行CNY,CSI,中证指数有限公司,行业指数,20211231,20220721,CSI
931984CNY01.CSI,H300商业银行(全)CNY,CSI,中证指数有限公司,行业指数,20211231,20220721,CSI
931984HKD01.CSI,H300商业银行(全),CSI,中证指数有限公司,行业指数,20211231,20220721,CSI
931985.CSI,H300地产开发,CSI,中证指数有限公司,行业指数,20211231,20220721,CSI
931985CNY00.CSI,H300地产开发CNY,CSI,中证指数有限公司,行业指数,20211231,20220721,CSI
931985CNY01.CSI,H300地产开发(全)CNY,CSI,中证指数有限公司,行业指数,20211231,20220721,CSI
931985HKD01.CSI,H300地产开发(全),CSI,中证指数有限公司,行业指数,20211231,20220721,CSI
931986.CSI,H300地产管理,CSI,中证指数有限公司,行业指数,20211231,20220721,CSI
931986CNY00.CSI,H300地产管理CNY,CSI,中证指数有限公司,行业指数,20211231,20220721,CSI
931986CNY01.CSI,H300地产管理(全)CNY,CSI,中证指数有限公司,行业指数,20211231,20220721,CSI
931986HKD01.CSI,H300地产管理(全),CSI,中证指数有限公司,行业指数,20211231,20220721,CSI
931987.CSI,国企ESG50,CSI,中证指数有限公司,主题指数,20170630,20250402,CSI
931987CNY010.CSI,国企ESG50全收益,CSI,中证指数有限公司,主题指数,20170630,20250402,CSI
931988.CSI,高端装备央企信用债,CSI,中证指数有限公司,债券指数,20131231,20221214,CSI
931988CNY04.CSI,高端装备央企信用债(净),CSI,中证指数有限公司,债券指数,20131231,20221214,CSI
931988CNY05.CSI,高端装备央企信用债(利),CSI,中证指数有限公司,债券指数,20131231,20221214,CSI
931988CNY06.CSI,高端装备央企信用债(税),CSI,中证指数有限公司,债券指数,20131231,20221214,CSI
931989.CSI,渝农商理财成渝经济圈发展,CSI,中证指数有限公司,主题指数,20151231,20220712,CSI
931989CNY01.CSI,渝农商成渝经济圈发展全收益,CSI,中证指数有限公司,主题指数,20151231,20220712,CSI
931990.CSI,渝农商理财成渝经济圈消费,CSI,中证指数有限公司,主题指数,20151231,20220712,CSI
931990CNY01.CSI,渝农商成渝经济圈消费全收益,CSI,中证指数有限公司,主题指数,20151231,20220712,CSI
931991.CSI,渝农商理财成渝经济圈先进制造,CSI,中证指数有限公司,主题指数,20151231,20220712,CSI
931991CNY01.CSI,渝农商成渝经济圈先进制造全收益,CSI,中证指数有限公司,主题指数,20151231,20220712,CSI
931992.CSI,疫苗生物,CSI,中证指数有限公司,主题指数,20171229,20130715,CSI
931992CNY01.CSI,疫苗生物全收益,CSI,中证指数有限公司,主题指数,20171229,20130715,CSI
931993.CSI,银行债,CSI,中证指数有限公司,债券指数,20141231,20220707,CSI
931993CNY04.CSI,银行债(净),CSI,中证指数有限公司,债券指数,20141231,20220707,CSI
931993CNY05.CSI,银行债(利),CSI,中证指数有限公司,债券指数,20141231,20220707,CSI
931993CNY06.CSI,银行债(税),CSI,中证指数有限公司,债券指数,20141231,20220707,CSI
931994.CSI,电网设备主题,CSI,中证指数有限公司,主题指数,20140630,20221011,CSI
931995.CSI,国泰海通大类资产配置,CSI,中证指数有限公司,多资产指数,20171229,20220715,CSI
931996.CSI,新能源金属,CSI,中证指数有限公司,主题指数,20131231,20221114,CSI
931996CNY01.CSI,新能源金属全收益,CSI,中证指数有限公司,主题指数,20131231,20221114,CSI
931997.CSI,1000股息点,CSI,中证指数有限公司,其他指数,20041231,20250319,CSI
931998.CSI,全球半导体,CSI,中证指数有限公司,主题指数,20161230,20221104,CSI
931998CNY01.CSI,全球半导体(全),CSI,中证指数有限公司,主题指数,20161230,20221104,CSI
931998HKD00.CSI,全球半导体HKD,CSI,中证指数有限公司,主题指数,20161230,20221104,CSI
931998HKD01.CSI,全球半导体(全)HKD,CSI,中证指数有限公司,主题指数,20161230,20221104,CSI
931998USD00.CSI,全球半导体USD,CSI,中证指数有限公司,主题指数,20161230,20221104,CSI
931998USD01.CSI,全球半导体(全)USD,CSI,中证指数有限公司,主题指数,20161230,20221104,CSI
931999.CSI,全球半导体材料设备,CSI,中证指数有限公司,主题指数,20161230,20221104,CSI
931999CNY01.CSI,全球半导体材料设备(全),CSI,中证指数有限公司,主题指数,20161230,20221104,CSI
931999HKD00.CSI,全球半导体材料设备HKD,CSI,中证指数有限公司,主题指数,20161230,20221104,CSI
931999HKD01.CSI,全球半导体材料设备(全)HKD,CSI,中证指数有限公司,主题指数,20161230,20221104,CSI
931999USD00.CSI,全球半导体材料设备USD,CSI,中证指数有限公司,主题指数,20161230,20221104,CSI
931999USD01.CSI,全球半导体材料设备(全)USD,CSI,中证指数有限公司,主题指数,20161230,20221104,CSI
932000.CSI,中证2000,CSI,中证指数有限公司,规模指数,20131231,20230811,CSI
932000CNY010.CSI,中证2000全收益,CSI,中证指数有限公司,规模指数,20131231,20230811,CSI
932000EUR200.CSI,中证2000EUR,CSI,中证指数有限公司,规模指数,20131231,20230901,CSI
932000EUR210.CSI,中证2000(全)EUR,CSI,中证指数有限公司,规模指数,20131231,20230901,CSI
932000GBP200.CSI,中证2000GBP,CSI,中证指数有限公司,规模指数,20131231,20230901,CSI
932000GBP210.CSI,中证2000(全)GBP,CSI,中证指数有限公司,规模指数,20131231,20230901,CSI
932000HKD200.CSI,中证2000HKD,CSI,中证指数有限公司,规模指数,20131231,20230901,CSI
932000HKD210.CSI,中证2000(全)HKD,CSI,中证指数有限公司,规模指数,20131231,20230901,CSI
932000USD200.CSI,中证2000USD,CSI,中证指数有限公司,规模指数,20131231,20230901,CSI
932000USD210.CSI,中证2000(全)USD,CSI,中证指数有限公司,规模指数,20131231,20230901,CSI
932000USD220.CSI,中证2000(净)USD,CSI,中证指数有限公司,规模指数,20131231,20240105,CSI
932000USD300.CSI,中证2000USD(CNH),CSI,中证指数有限公司,规模指数,20131231,20230901,CSI
932000USD310.CSI,中证2000(全)USD(CNH),CSI,中证指数有限公司,规模指数,20131231,20230901,CSI
932000USD320.CSI,中证2000(净)USD(CNH),CSI,中证指数有限公司,规模指数,20131231,20240105,CSI
932001.CSI,中证央企债,CSI,中证指数有限公司,债券指数,20131231,20220923,CSI
932001CNY04.CSI,中证央企债(净),CSI,中证指数有限公司,债券指数,20131231,20220923,CSI
932001CNY05.CSI,中证央企债(利),CSI,中证指数有限公司,债券指数,20131231,20220923,CSI
932001CNY06.CSI,中证央企债(税),CSI,中证指数有限公司,债券指数,20131231,20220923,CSI
932002.CSI,中证0-3年央企债,CSI,中证指数有限公司,债券指数,20131231,20220923,CSI
932002CNY04.CSI,中证0-3年央企债(净),CSI,中证指数有限公司,债券指数,20131231,20220923,CSI
932002CNY05.CSI,中证0-3年央企债(利),CSI,中证指数有限公司,债券指数,20131231,20220923,CSI
932002CNY06.CSI,中证0-3年央企债(税),CSI,中证指数有限公司,债券指数,20131231,20220923,CSI
932003.CSI,中证0-5年央企债,CSI,中证指数有限公司,债券指数,20131231,20220923,CSI
932003CNY04.CSI,中证0-5年央企债(净),CSI,中证指数有限公司,债券指数,20131231,20220923,CSI
932003CNY05.CSI,中证0-5年央企债(利),CSI,中证指数有限公司,债券指数,20131231,20220923,CSI
932003CNY06.CSI,中证0-5年央企债(税),CSI,中证指数有限公司,债券指数,20131231,20220923,CSI
932004.CSI,国新央企综指,CSI,中证指数有限公司,主题指数,20111230,20221011,CSI
932004CNY01.CSI,国新央企综指全收益,CSI,中证指数有限公司,主题指数,20111230,20221011,CSI
932005.CSI,民生银行科创债,CSI,中证指数有限公司,债券指数,20221230,20251029,CSI
932005CNY040.CSI,民生银行科创债(净),CSI,中证指数有限公司,债券指数,20221230,20251029,CSI
932005CNY050.CSI,民生银行科创债(利),CSI,中证指数有限公司,债券指数,20221230,20251029,CSI
932005CNY060.CSI,民生银行科创债(税),CSI,中证指数有限公司,债券指数,20221230,20251029,CSI
932006.CSI,中证REITs(收盘),CSI,中证指数有限公司,基金指数,20210930,20221215,CSI
932011.CSI,蒙商银行内蒙古中高等级债券,CSI,中证指数有限公司,债券指数,20161230,20230425,CSI
932011CNY04.CSI,蒙商银行内蒙古中高等级债券(净),CSI,中证指数有限公司,债券指数,20161230,20230425,CSI
932011CNY05.CSI,蒙商银行内蒙古中高等级债券(利),CSI,中证指数有限公司,债券指数,20161230,20230425,CSI
932011CNY06.CSI,蒙商银行内蒙古中高等级债券(税),CSI,中证指数有限公司,债券指数,20161230,20230425,CSI
932012.CSI,创新主题信用债,CSI,中证指数有限公司,债券指数,20161230,20221102,CSI
932012CNY04.CSI,创新主题信用债(净),CSI,中证指数有限公司,债券指数,20161230,20221102,CSI
932012CNY05.CSI,创新主题信用债(利),CSI,中证指数有限公司,债券指数,20161230,20221102,CSI
932012CNY06.CSI,创新主题信用债(税),CSI,中证指数有限公司,债券指数,20161230,20221102,CSI
932013.CSI,科技创新债券,CSI,中证指数有限公司,债券指数,20220630,20221102,CSI
932013CNY04.CSI,科技创新债券(净),CSI,中证指数有限公司,债券指数,20220630,20221102,CSI
932013CNY05.CSI,科技创新债券(利),CSI,中证指数有限公司,债券指数,20220630,20221102,CSI
932013CNY06.CSI,科技创新债券(税),CSI,中证指数有限公司,债券指数,20220630,20221102,CSI
932014.CSI,乡村振兴债,CSI,中证指数有限公司,债券指数,20181231,20221102,CSI
932014CNY04.CSI,乡村振兴债(净),CSI,中证指数有限公司,债券指数,20181231,20221102,CSI
932014CNY05.CSI,乡村振兴债(利),CSI,中证指数有限公司,债券指数,20181231,20221102,CSI
932015.CSI,乡村振兴地方债,CSI,中证指数有限公司,债券指数,20181231,20221102,CSI
932015CNY04.CSI,乡村振兴地方债(净),CSI,中证指数有限公司,债券指数,20181231,20221102,CSI
932015CNY05.CSI,乡村振兴地方债(利),CSI,中证指数有限公司,债券指数,20181231,20221102,CSI
932016.CSI,乡村振兴信用债,CSI,中证指数有限公司,债券指数,20211231,20221102,CSI
932016CNY04.CSI,乡村振兴信用债(净),CSI,中证指数有限公司,债券指数,20211231,20221102,CSI
932016CNY05.CSI,乡村振兴信用债(利),CSI,中证指数有限公司,债券指数,20211231,20221102,CSI
932016CNY06.CSI,乡村振兴信用债(税),CSI,中证指数有限公司,债券指数,20211231,20221102,CSI
932017.CSI,800红利增长,CSI,中证指数有限公司,策略指数,20131231,20221125,CSI
932017CNY01.CSI,800红利增长全收益,CSI,中证指数有限公司,策略指数,20131231,20221125,CSI
932018.CSI,300红利增长,CSI,中证指数有限公司,策略指数,20131231,20221125,CSI
932018CNY01.CSI,300红利增长全收益,CSI,中证指数有限公司,策略指数,20131231,20221125,CSI
932019.CSI,500红利增长,CSI,中证指数有限公司,策略指数,20131231,20221125,CSI
932019CNY01.CSI,500红利增长全收益,CSI,中证指数有限公司,策略指数,20131231,20221125,CSI
932020.CSI,1000红利增长,CSI,中证指数有限公司,策略指数,20131231,20221125,CSI
932020CNY01.CSI,1000红利增长全收益,CSI,中证指数有限公司,策略指数,20131231,20221125,CSI
932021.CSI,中证红利SGD,CSI,中证指数有限公司,策略指数,20241231,20250214,CSI
932022.CSI,中证红利(全)SGD,CSI,中证指数有限公司,策略指数,20241231,20250214,CSI
932023.CSI,中证红利(净)SGD,CSI,中证指数有限公司,策略指数,20241231,20250214,CSI
932024.CSI,高端造50策略,CSI,中证指数有限公司,主题指数,20161230,20201221,CSI
932024CNY01.CSI,高端造50策略全收益,CSI,中证指数有限公司,主题指数,20161230,20201221,CSI
932025.CSI,高端造50,CSI,中证指数有限公司,主题指数,20161230,20201211,CSI
932025CNY01.CSI,高端造50全收益,CSI,中证指数有限公司,主题指数,20161230,20201211,CSI
932026.CSI,SSH高端造,CSI,中证指数有限公司,主题指数,20161230,20230313,CSI
932026CNY01.CSI,SSH高端造(全),CSI,中证指数有限公司,主题指数,20161230,20230313,CSI
932026HKD00.CSI,SSH高端造HKD,CSI,中证指数有限公司,主题指数,20161230,20230313,CSI
932026HKD01.CSI,SSH高端造(全)HKD,CSI,中证指数有限公司,主题指数,20161230,20230313,CSI
932027.CSI,500趋势成长,CSI,中证指数有限公司,策略指数,20161230,20230630,CSI
932027CNY01.CSI,500趋势成长全收益,CSI,中证指数有限公司,策略指数,20161230,20230630,CSI
932027CNY02.CSI,500趋势成长净收益,CSI,中证指数有限公司,策略指数,20161230,20230630,CSI
932028.CSI,数据要素,CSI,中证指数有限公司,主题指数,20211231,20230830,CSI
932028CNY010.CSI,数据要素全收益,CSI,中证指数有限公司,主题指数,20211231,20230830,CSI
932028CNY020.CSI,数据要素净收益,CSI,中证指数有限公司,主题指数,20211231,20240424,CSI
932029.CSI,AAA综合债,CSI,中证指数有限公司,债券指数,20141231,20221202,CSI
932029CNY04.CSI,AAA综合债(净),CSI,中证指数有限公司,债券指数,20141231,20221202,CSI
932029CNY05.CSI,AAA综合债(利),CSI,中证指数有限公司,债券指数,20141231,20221202,CSI
932029CNY06.CSI,AAA综合债(税),CSI,中证指数有限公司,债券指数,20141231,20221202,CSI
932030.CSI,短期AAA综合债,CSI,中证指数有限公司,债券指数,20141231,20221202,CSI
932030CNY04.CSI,短期AAA综合债(净),CSI,中证指数有限公司,债券指数,20141231,20221202,CSI
932030CNY05.CSI,短期AAA综合债(利),CSI,中证指数有限公司,债券指数,20141231,20221202,CSI
932030CNY06.CSI,短期AAA综合债(税),CSI,中证指数有限公司,债券指数,20141231,20221202,CSI
932031.CSI,0-3年AAA综合债,CSI,中证指数有限公司,债券指数,20141231,20221202,CSI
932031CNY04.CSI,0-3年AAA综合债(净),CSI,中证指数有限公司,债券指数,20141231,20221202,CSI
932031CNY05.CSI,0-3年AAA综合债(利),CSI,中证指数有限公司,债券指数,20141231,20221202,CSI
932031CNY06.CSI,0-3年AAA综合债(税),CSI,中证指数有限公司,债券指数,20141231,20221202,CSI
932032.CSI,0-5年AAA综合债,CSI,中证指数有限公司,债券指数,20141231,20221202,CSI
932032CNY04.CSI,0-5年AAA综合债(净),CSI,中证指数有限公司,债券指数,20141231,20221202,CSI
932032CNY05.CSI,0-5年AAA综合债(利),CSI,中证指数有限公司,债券指数,20141231,20221202,CSI
932032CNY06.CSI,0-5年AAA综合债(税),CSI,中证指数有限公司,债券指数,20141231,20221202,CSI
932033.CSI,3-5年AAA综合债,CSI,中证指数有限公司,债券指数,20141231,20221202,CSI
932033CNY04.CSI,3-5年AAA综合债(净),CSI,中证指数有限公司,债券指数,20141231,20221202,CSI
932033CNY05.CSI,3-5年AAA综合债(利),CSI,中证指数有限公司,债券指数,20141231,20221202,CSI
932033CNY06.CSI,3-5年AAA综合债(税),CSI,中证指数有限公司,债券指数,20141231,20221202,CSI
932034.CSI,5-7年AAA综合债,CSI,中证指数有限公司,债券指数,20141231,20221202,CSI
932034CNY04.CSI,5-7年AAA综合债(净),CSI,中证指数有限公司,债券指数,20141231,20221202,CSI
932034CNY05.CSI,5-7年AAA综合债(利),CSI,中证指数有限公司,债券指数,20141231,20221202,CSI
932034CNY06.CSI,5-7年AAA综合债(税),CSI,中证指数有限公司,债券指数,20141231,20221202,CSI
932035.CSI,7-10年AAA综合债,CSI,中证指数有限公司,债券指数,20141231,20221202,CSI
932035CNY04.CSI,7-10年AAA综合债(净),CSI,中证指数有限公司,债券指数,20141231,20221202,CSI
932035CNY05.CSI,7-10年AAA综合债(利),CSI,中证指数有限公司,债券指数,20141231,20221202,CSI
932035CNY06.CSI,7-10年AAA综合债(税),CSI,中证指数有限公司,债券指数,20141231,20221202,CSI
932036.CSI,10年+AAA综合债,CSI,中证指数有限公司,债券指数,20141231,20221202,CSI
932036CNY04.CSI,10年+AAA综合债(净),CSI,中证指数有限公司,债券指数,20141231,20221202,CSI
932036CNY05.CSI,10年+AAA综合债(利),CSI,中证指数有限公司,债券指数,20141231,20221202,CSI
932036CNY06.CSI,10年+AAA综合债(税),CSI,中证指数有限公司,债券指数,20141231,20221202,CSI
932037.CSI,央企现代能源,CSI,中证指数有限公司,主题指数,20161230,20221116,CSI
932037CNY01.CSI,央企现代能源全收益,CSI,中证指数有限公司,主题指数,20161230,20221116,CSI
932038.CSI,央企科技引领,CSI,中证指数有限公司,主题指数,20161230,20221116,CSI
932038CNY01.CSI,央企科技引领全收益,CSI,中证指数有限公司,主题指数,20161230,20221116,CSI
932039.CSI,央企股东回报,CSI,中证指数有限公司,策略指数,20161230,20221116,CSI
932039CNY01.CSI,央企股东回报全收益,CSI,中证指数有限公司,策略指数,20161230,20221116,CSI
932040.CSI,芯片设计,CSI,中证指数有限公司,主题指数,20181228,20210825,CSI
932040CNY010.CSI,芯片设计全收益,CSI,中证指数有限公司,主题指数,20181228,20210825,CSI
932041CNY120.CSI,香港AI人民币中间价(净),CSI,中证指数有限公司,主题指数,20211231,20240313,CSI
932041CNY220.CSI,香港AI(净)CNY,CSI,中证指数有限公司,主题指数,20211231,20240313,CSI
932041HKD220.CSI,香港AI(净),CSI,中证指数有限公司,主题指数,20211231,20240313,CSI
932042.CSI,智选航空科技,CSI,中证指数有限公司,主题指数,20141231,20231018,CSI
932042CNY210.CSI,智选航空科技(全),CSI,中证指数有限公司,主题指数,20141231,20231018,CSI
932042HKD200.CSI,智选航空科技HKD,CSI,中证指数有限公司,主题指数,20141231,20231018,CSI
932042HKD210.CSI,智选航空科技(全)HKD,CSI,中证指数有限公司,主题指数,20141231,20231018,CSI
932044.CSI,高端装备科技,CSI,中证指数有限公司,主题指数,20161230,20240320,CSI
932044CNY010.CSI,高端装备科技全收益,CSI,中证指数有限公司,主题指数,20161230,20240320,CSI
932044CNY020.CSI,高端装备科技净收益,CSI,中证指数有限公司,主题指数,20161230,20240320,CSI
932045.CSI,浦东绿色主题信用债,CSI,中证指数有限公司,债券指数,20151231,20230508,CSI
932045CNY04.CSI,浦东绿色主题信用债(净),CSI,中证指数有限公司,债券指数,20151231,20230508,CSI
932045CNY05.CSI,浦东绿色主题信用债(利),CSI,中证指数有限公司,债券指数,20151231,20230508,CSI
932045CNY06.CSI,浦东绿色主题信用债(税),CSI,中证指数有限公司,债券指数,20151231,20230508,CSI
932046.CSI,建行科技(长三角),CSI,中证指数有限公司,主题指数,20191231,20240508,CSI
932046CNY010.CSI,建行科技(长三角)全收益,CSI,中证指数有限公司,主题指数,20191231,20240508,CSI
932047.CSI,中证REITs全收益,CSI,中证指数有限公司,基金指数,20210930,20221215,CSI
932048.CSI,民企高端装备,CSI,中证指数有限公司,主题指数,20161230,20240320,CSI
932048CNY010.CSI,民企高端装备全收益,CSI,中证指数有限公司,主题指数,20161230,20240320,CSI
932048CNY020.CSI,民企高端装备净收益,CSI,中证指数有限公司,主题指数,20161230,20240320,CSI
932049.CSI,国新港股通央企综指,CSI,中证指数有限公司,主题指数,20161230,20240508,CSI
932049CNY100.CSI,国新港股通央企综指CNYCPR,CSI,中证指数有限公司,主题指数,20161230,20240508,CSI
932049CNY110.CSI,国新港股通央企综指CNYCPR(全),CSI,中证指数有限公司,主题指数,20161230,20240508,CSI
932049CNY200.CSI,国新港股通央企综指CNY,CSI,中证指数有限公司,主题指数,20161230,20240508,CSI
932049CNY210.CSI,国新港股通央企综指(全)CNY,CSI,中证指数有限公司,主题指数,20161230,20240508,CSI
932049HKD210.CSI,国新港股通央企综指(全),CSI,中证指数有限公司,主题指数,20161230,20240508,CSI
932050.CSI,浦东绿色50ESG,CSI,中证指数有限公司,主题指数,20181228,20230508,CSI
932050CNY01.CSI,浦东绿色50ESG全收益,CSI,中证指数有限公司,主题指数,20181228,20230508,CSI
932051.CSI,短期AAA信用债,CSI,中证指数有限公司,债券指数,20181231,20230203,CSI
932051CNY04.CSI,短期AAA信用债(净),CSI,中证指数有限公司,债券指数,20181231,20230203,CSI
932051CNY05.CSI,短期AAA信用债(利),CSI,中证指数有限公司,债券指数,20181231,20230203,CSI
932051CNY06.CSI,短期AAA信用债(税),CSI,中证指数有限公司,债券指数,20181231,20230203,CSI
932052.CSI,央企科技创新,CSI,中证指数有限公司,主题指数,20191231,20231010,CSI
932052CNY010.CSI,央企科技创新全收益,CSI,中证指数有限公司,主题指数,20191231,20231010,CSI
932052CNY020.CSI,央企科技创新净收益,CSI,中证指数有限公司,主题指数,20191231,20231010,CSI
932053.CSI,1000价值策略,CSI,中证指数有限公司,策略指数,20161230,20230313,CSI
932053CNY01.CSI,1000价值策略全收益,CSI,中证指数有限公司,策略指数,20161230,20230313,CSI
932055.CSI,主动偏股,CSI,中证指数有限公司,基金指数,20071231,20231106,CSI
932056.CSI,海洋经济,CSI,中证指数有限公司,主题指数,20121231,20240723,CSI
932056CNY210.CSI,海洋经济(全),CSI,中证指数有限公司,主题指数,20121231,20240723,CSI
932056CNY220.CSI,海洋经济(净),CSI,中证指数有限公司,主题指数,20121231,20240723,CSI
932056HKD200.CSI,海洋经济HKD,CSI,中证指数有限公司,主题指数,20121231,20240723,CSI
932056HKD210.CSI,海洋经济(全)HKD,CSI,中证指数有限公司,主题指数,20121231,20240723,CSI
932056HKD220.CSI,海洋经济(净)HKD,CSI,中证指数有限公司,主题指数,20121231,20240723,CSI
932057.CSI,苏州创新50,CSI,中证指数有限公司,主题指数,20141231,20230109,CSI
932057CNY01.CSI,苏州创新50全收益,CSI,中证指数有限公司,主题指数,20141231,20230109,CSI
932058.CSI,300价值领先,CSI,中证指数有限公司,策略指数,20121228,20231122,CSI
932058CNY010.CSI,300价值领先全收益,CSI,中证指数有限公司,策略指数,20121228,20231122,CSI
932058CNY020.CSI,300价值领先净收益,CSI,中证指数有限公司,策略指数,20121228,20231122,CSI
932059.CSI,500价值领先,CSI,中证指数有限公司,策略指数,20121228,20231122,CSI
932059CNY010.CSI,500价值领先全收益,CSI,中证指数有限公司,策略指数,20121228,20231122,CSI
932059CNY020.CSI,500价值领先净收益,CSI,中证指数有限公司,策略指数,20121228,20231122,CSI
932060.CSI,1000价值领先,CSI,中证指数有限公司,策略指数,20121228,20231122,CSI
932060CNY010.CSI,1000价值领先全收益,CSI,中证指数有限公司,策略指数,20121228,20231122,CSI
932060CNY020.CSI,1000价值领先净收益,CSI,中证指数有限公司,策略指数,20121228,20231122,CSI
932061.CSI,均衡配置,CSI,中证指数有限公司,策略指数,20121228,20231122,CSI
932061CNY010.CSI,均衡配置全收益,CSI,中证指数有限公司,策略指数,20121228,20231122,CSI
932061CNY020.CSI,均衡配置净收益,CSI,中证指数有限公司,策略指数,20121228,20231122,CSI
932062.CSI,市场龙头50,CSI,中证指数有限公司,主题指数,20170630,20240116,CSI
932062CNY010.CSI,市场龙头50全收益,CSI,中证指数有限公司,主题指数,20170630,20240116,CSI
932063.CSI,1000成长策略,CSI,中证指数有限公司,策略指数,20161230,20230313,CSI
932063CNY01.CSI,1000成长策略全收益,CSI,中证指数有限公司,策略指数,20161230,20230313,CSI
932065.CSI,通信设备及电信运营服务行业精选,CSI,中证指数有限公司,主题指数,20141231,20231110,CSI
932065CNY010.CSI,通信设备电信运营服务精选全收益,CSI,中证指数有限公司,主题指数,20141231,20231110,CSI
932066.CSI,半导体行业精选,CSI,中证指数有限公司,主题指数,20141231,20231110,CSI
932066CNY010.CSI,半导体行业精选全收益,CSI,中证指数有限公司,主题指数,20141231,20231110,CSI
932067.CSI,计算机行业精选,CSI,中证指数有限公司,主题指数,20141231,20231110,CSI
932067CNY010.CSI,计算机行业精选全收益,CSI,中证指数有限公司,主题指数,20141231,20231110,CSI
932068.CSI,长寿经济,CSI,中证指数有限公司,主题指数,20161230,20230403,CSI
932068CNY01.CSI,长寿经济全收益,CSI,中证指数有限公司,主题指数,20161230,20230403,CSI
932069.CSI,港股通医疗主题,CSI,中证指数有限公司,主题指数,20181231,20220721,CSI
932069CNY100.CSI,港股通医疗主题人民币中间价,CSI,中证指数有限公司,主题指数,20181231,20220721,CSI
932069CNY110.CSI,港股通医疗主题人民币中间价(全),CSI,中证指数有限公司,主题指数,20181231,20220721,CSI
932069CNY200.CSI,港股通医疗主题CNY,CSI,中证指数有限公司,主题指数,20181231,20220721,CSI
932069CNY210.CSI,港股通医疗主题(全)CNY,CSI,中证指数有限公司,主题指数,20181231,20220721,CSI
932069HKD210.CSI,港股通医疗主题(全),CSI,中证指数有限公司,主题指数,20181231,20220721,CSI
932070.CSI,北银理财北京科技领先,CSI,中证指数有限公司,策略指数,20181228,20230203,CSI
932070CNY01.CSI,北银理财北京科技领先全收益,CSI,中证指数有限公司,策略指数,20181228,20230203,CSI
932071.CSI,SSH煤炭,CSI,中证指数有限公司,主题指数,20141231,20121221,CSI
932071CNY100.CSI,SSH煤炭人民币中间价,CSI,中证指数有限公司,主题指数,20141231,20121221,CSI
932071CNY110.CSI,SSH煤炭人民币中间价(全),CSI,中证指数有限公司,主题指数,20141231,20121221,CSI
932071CNY200.CSI,SSH煤炭CNY,CSI,中证指数有限公司,主题指数,20141231,20121221,CSI
932071CNY210.CSI,SSH煤炭(全)CNY,CSI,中证指数有限公司,主题指数,20141231,20121221,CSI
932071HKD210.CSI,SSH煤炭(全),CSI,中证指数有限公司,主题指数,20141231,20121221,CSI
932072.CSI,红利增长50,CSI,中证指数有限公司,策略指数,20131231,20230203,CSI
932072CNY01.CSI,红利增长50全收益,CSI,中证指数有限公司,策略指数,20131231,20230203,CSI
932073.CSI,佛山制造,CSI,中证指数有限公司,主题指数,20141231,20231211,CSI
932073CNY010.CSI,佛山制造全收益,CSI,中证指数有限公司,主题指数,20141231,20231211,CSI
932074.CSI,金司南气候友好,CSI,中证指数有限公司,主题指数,20170630,20230109,CSI
932074CNY01.CSI,金司南气候友好全收益,CSI,中证指数有限公司,主题指数,20170630,20230109,CSI
932075.CSI,全指金融,CSI,中证指数有限公司,行业指数,20041231,20230313,CSI
932075CNY01.CSI,全指金融全收益,CSI,中证指数有限公司,行业指数,20041231,20230313,CSI
932076.CSI,全指地产,CSI,中证指数有限公司,行业指数,20041231,20230313,CSI
932076CNY01.CSI,全指地产全收益,CSI,中证指数有限公司,行业指数,20041231,20230313,CSI
932077.CSI,全指能源行业,CSI,中证指数有限公司,行业指数,20041231,20230313,CSI
932077CNY01.CSI,全指能源行业全收益,CSI,中证指数有限公司,行业指数,20041231,20230313,CSI
932078.CSI,全指材料行业,CSI,中证指数有限公司,行业指数,20041231,20230313,CSI
932078CNY01.CSI,全指材料行业全收益,CSI,中证指数有限公司,行业指数,20041231,20230313,CSI
932079.CSI,全指工业行业,CSI,中证指数有限公司,行业指数,20041231,20230313,CSI
932079CNY01.CSI,全指工业行业全收益,CSI,中证指数有限公司,行业指数,20041231,20230313,CSI
932080.CSI,全指可选行业,CSI,中证指数有限公司,行业指数,20041231,20230313,CSI
932080CNY01.CSI,全指可选行业全收益,CSI,中证指数有限公司,行业指数,20041231,20230313,CSI
932081.CSI,全指消费行业,CSI,中证指数有限公司,行业指数,20041231,20230313,CSI
932081CNY01.CSI,全指消费行业全收益,CSI,中证指数有限公司,行业指数,20041231,20230313,CSI
932082.CSI,全指医药行业,CSI,中证指数有限公司,行业指数,20041231,20230313,CSI
932082CNY01.CSI,全指医药行业全收益,CSI,中证指数有限公司,行业指数,20041231,20230313,CSI
932083.CSI,全指金融行业,CSI,中证指数有限公司,行业指数,20041231,20230313,CSI
932083CNY01.CSI,全指金融行业全收益,CSI,中证指数有限公司,行业指数,20041231,20230313,CSI
932084.CSI,全指信息行业,CSI,中证指数有限公司,行业指数,20041231,20230313,CSI
932084CNY01.CSI,全指信息行业全收益,CSI,中证指数有限公司,行业指数,20041231,20230313,CSI
932085.CSI,全指通信行业,CSI,中证指数有限公司,行业指数,20041231,20230313,CSI
932085CNY01.CSI,全指通信行业全收益,CSI,中证指数有限公司,行业指数,20041231,20230313,CSI
932086.CSI,全指公用行业,CSI,中证指数有限公司,行业指数,20041231,20230313,CSI
932086CNY01.CSI,全指公用行业全收益,CSI,中证指数有限公司,行业指数,20041231,20230313,CSI
932087.CSI,集成电路,CSI,中证指数有限公司,行业指数,20211231,20230329,CSI
932087CNY01.CSI,集成电路全收益,CSI,中证指数有限公司,行业指数,20211231,20230329,CSI
932088.CSI,全指航空,CSI,中证指数有限公司,行业指数,20211231,20230323,CSI
932088CNY01.CSI,全指航空全收益,CSI,中证指数有限公司,行业指数,20211231,20230323,CSI
932089.CSI,全指节能,CSI,中证指数有限公司,行业指数,20211231,20230323,CSI
932089CNY01.CSI,全指节能全收益,CSI,中证指数有限公司,行业指数,20211231,20230323,CSI
932090.CSI,储能设备,CSI,中证指数有限公司,行业指数,20211231,20230323,CSI
932090CNY01.CSI,储能设备全收益,CSI,中证指数有限公司,行业指数,20211231,20230323,CSI
932091.CSI,全指种植,CSI,中证指数有限公司,行业指数,20211231,20230323,CSI
932091CNY01.CSI,全指种植全收益,CSI,中证指数有限公司,行业指数,20211231,20230323,CSI
932092.CSI,数据中心,CSI,中证指数有限公司,行业指数,20211231,20230329,CSI
932092CNY01.CSI,数据中心全收益,CSI,中证指数有限公司,行业指数,20211231,20230329,CSI
932093.CSI,通用机械,CSI,中证指数有限公司,行业指数,20211231,20230329,CSI
932093CNY01.CSI,通用机械全收益,CSI,中证指数有限公司,行业指数,20211231,20230329,CSI
932094.CSI,软件开发,CSI,中证指数有限公司,行业指数,20211231,20230329,CSI
932094CNY01.CSI,软件开发全收益,CSI,中证指数有限公司,行业指数,20211231,20230329,CSI
932097.CSI,交易所国企债,CSI,中证指数有限公司,债券指数,20131231,20230203,CSI
932097CNY04.CSI,交易所国企债(净),CSI,中证指数有限公司,债券指数,20131231,20230203,CSI
932097CNY05.CSI,交易所国企债(利),CSI,中证指数有限公司,债券指数,20131231,20230203,CSI
932097CNY06.CSI,交易所国企债(税),CSI,中证指数有限公司,债券指数,20131231,20230203,CSI
932098.CSI,交易所0-3国企债,CSI,中证指数有限公司,债券指数,20131231,20230203,CSI
932098CNY04.CSI,交易所0-3国企债(净),CSI,中证指数有限公司,债券指数,20131231,20230203,CSI
932098CNY05.CSI,交易所0-3国企债(利),CSI,中证指数有限公司,债券指数,20131231,20230203,CSI
932098CNY06.CSI,交易所0-3国企债(税),CSI,中证指数有限公司,债券指数,20131231,20230203,CSI
932099.CSI,交易所0-5国企债,CSI,中证指数有限公司,债券指数,20131231,20230203,CSI
932099CNY04.CSI,交易所0-5国企债(净),CSI,中证指数有限公司,债券指数,20131231,20230203,CSI
932099CNY05.CSI,交易所0-5国企债(利),CSI,中证指数有限公司,债券指数,20131231,20230203,CSI
932099CNY06.CSI,交易所0-5国企债(税),CSI,中证指数有限公司,债券指数,20131231,20230203,CSI
932100.CSI,交易所AAA国企债,CSI,中证指数有限公司,债券指数,20161230,20230203,CSI
932100CNY04.CSI,交易所AAA国企债(净),CSI,中证指数有限公司,债券指数,20161230,20230203,CSI
932100CNY05.CSI,交易所AAA国企债(利),CSI,中证指数有限公司,债券指数,20161230,20230203,CSI
932100CNY06.CSI,交易所AAA国企债(税),CSI,中证指数有限公司,债券指数,20161230,20230203,CSI
932101.CSI,交易所短期AAA国企债,CSI,中证指数有限公司,债券指数,20161230,20230203,CSI
932101CNY04.CSI,交易所短期AAA国企债(净),CSI,中证指数有限公司,债券指数,20161230,20230203,CSI
932101CNY05.CSI,交易所短期AAA国企债(利),CSI,中证指数有限公司,债券指数,20161230,20230203,CSI
932101CNY06.CSI,交易所短期AAA国企债(税),CSI,中证指数有限公司,债券指数,20161230,20230203,CSI
932102.CSI,交易所0-3AAA国企债,CSI,中证指数有限公司,债券指数,20161230,20230203,CSI
932102CNY04.CSI,交易所0-3AAA国企债(净),CSI,中证指数有限公司,债券指数,20161230,20230203,CSI
932102CNY05.CSI,交易所0-3AAA国企债(利),CSI,中证指数有限公司,债券指数,20161230,20230203,CSI
932102CNY06.CSI,交易所0-3AAA国企债(税),CSI,中证指数有限公司,债券指数,20161230,20230203,CSI
932103.CSI,交易所0-5AAA国企债,CSI,中证指数有限公司,债券指数,20161230,20230203,CSI
932103CNY04.CSI,交易所0-5AAA国企债(净),CSI,中证指数有限公司,债券指数,20161230,20230203,CSI
932103CNY05.CSI,交易所0-5AAA国企债(利),CSI,中证指数有限公司,债券指数,20161230,20230203,CSI
932103CNY06.CSI,交易所0-5AAA国企债(税),CSI,中证指数有限公司,债券指数,20161230,20230203,CSI
932104.CSI,短期AAA央企债,CSI,中证指数有限公司,债券指数,20161230,20230508,CSI
932104CNY04.CSI,短期AAA央企债(净),CSI,中证指数有限公司,债券指数,20161230,20230508,CSI
932104CNY05.CSI,短期AAA央企债(利),CSI,中证指数有限公司,债券指数,20161230,20230508,CSI
932104CNY06.CSI,短期AAA央企债(税),CSI,中证指数有限公司,债券指数,20161230,20230508,CSI
932105.CSI,交易所短期AAA央企债,CSI,中证指数有限公司,债券指数,20161230,20230508,CSI
932105CNY04.CSI,交易所短期AAA央企债(净),CSI,中证指数有限公司,债券指数,20161230,20230508,CSI
932105CNY05.CSI,交易所短期AAA央企债(利),CSI,中证指数有限公司,债券指数,20161230,20230508,CSI
932105CNY06.CSI,交易所短期AAA央企债(税),CSI,中证指数有限公司,债券指数,20161230,20230508,CSI
932106.CSI,短期高等级信用债,CSI,中证指数有限公司,债券指数,20161230,20230508,CSI
932106CNY04.CSI,短期高等级信用债(净),CSI,中证指数有限公司,债券指数,20161230,20230508,CSI
932106CNY05.CSI,短期高等级信用债(利),CSI,中证指数有限公司,债券指数,20161230,20230508,CSI
932106CNY06.CSI,短期高等级信用债(税),CSI,中证指数有限公司,债券指数,20161230,20230508,CSI
932107.CSI,交易所短期高等级信用债,CSI,中证指数有限公司,债券指数,20161230,20230508,CSI
932107CNY04.CSI,交易所短期高等级信用债(净),CSI,中证指数有限公司,债券指数,20161230,20230508,CSI
932107CNY05.CSI,交易所短期高等级信用债(利),CSI,中证指数有限公司,债券指数,20161230,20230508,CSI
932107CNY06.CSI,交易所短期高等级信用债(税),CSI,中证指数有限公司,债券指数,20161230,20230508,CSI
932108.CSI,短期AAA国企债,CSI,中证指数有限公司,债券指数,20161230,20230508,CSI
932108CNY04.CSI,短期AAA国企债(净),CSI,中证指数有限公司,债券指数,20161230,20230508,CSI
932108CNY05.CSI,短期AAA国企债(利),CSI,中证指数有限公司,债券指数,20161230,20230508,CSI
932108CNY06.CSI,短期AAA国企债(税),CSI,中证指数有限公司,债券指数,20161230,20230508,CSI
932109.CSI,交易所短期信用债,CSI,中证指数有限公司,债券指数,20111230,20230508,CSI
932109CNY04.CSI,交易所短期信用债(净),CSI,中证指数有限公司,债券指数,20111230,20230508,CSI
932109CNY05.CSI,交易所短期信用债(利),CSI,中证指数有限公司,债券指数,20111230,20230508,CSI
932109CNY06.CSI,交易所短期信用债(税),CSI,中证指数有限公司,债券指数,20111230,20230508,CSI
932110.CSI,交易所短期AAA信用债,CSI,中证指数有限公司,债券指数,20111230,20230508,CSI
932110CNY04.CSI,交易所短期AAA信用债(净),CSI,中证指数有限公司,债券指数,20111230,20230508,CSI
932110CNY05.CSI,交易所短期AAA信用债(利),CSI,中证指数有限公司,债券指数,20111230,20230508,CSI
932110CNY06.CSI,交易所短期AAA信用债(税),CSI,中证指数有限公司,债券指数,20111230,20230508,CSI
932111.CSI,化工行业,CSI,中证指数有限公司,行业指数,20211231,20230714,CSI
932111CNY010.CSI,化工行业全收益,CSI,中证指数有限公司,行业指数,20211231,20230714,CSI
932112.CSI,有色金属行业,CSI,中证指数有限公司,行业指数,20211231,20230714,CSI
932112CNY010.CSI,有色金属行业全收益,CSI,中证指数有限公司,行业指数,20211231,20230714,CSI
932113.CSI,钢铁行业,CSI,中证指数有限公司,行业指数,20211231,20230721,CSI
932113CNY010.CSI,钢铁行业全收益,CSI,中证指数有限公司,行业指数,20211231,20230721,CSI
932114.CSI,非金属材料行业,CSI,中证指数有限公司,行业指数,20211231,20230721,CSI
932114CNY010.CSI,非金属材料行业全收益,CSI,中证指数有限公司,行业指数,20211231,20230721,CSI
932115.CSI,造纸与包装行业,CSI,中证指数有限公司,行业指数,20211231,20230721,CSI
932115CNY010.CSI,造纸与包装行业全收益,CSI,中证指数有限公司,行业指数,20211231,20230721,CSI
932116.CSI,航空航天与国防行业,CSI,中证指数有限公司,行业指数,20211231,20230714,CSI
932116CNY010.CSI,航空航天与国防行业全收益,CSI,中证指数有限公司,行业指数,20211231,20230714,CSI
932117.CSI,建筑装饰行业,CSI,中证指数有限公司,行业指数,20211231,20230721,CSI
932117CNY010.CSI,建筑装饰行业全收益,CSI,中证指数有限公司,行业指数,20211231,20230721,CSI
932118.CSI,电力设备行业,CSI,中证指数有限公司,行业指数,20211231,20230721,CSI
932118CNY010.CSI,电力设备行业全收益,CSI,中证指数有限公司,行业指数,20211231,20230721,CSI
932119.CSI,机械制造行业,CSI,中证指数有限公司,行业指数,20211231,20230721,CSI
932119CNY010.CSI,机械制造行业全收益,CSI,中证指数有限公司,行业指数,20211231,20230721,CSI
932120.CSI,环保行业,CSI,中证指数有限公司,行业指数,20211231,20230721,CSI
932120CNY010.CSI,环保行业全收益,CSI,中证指数有限公司,行业指数,20211231,20230721,CSI
932121.CSI,商业服务行业,CSI,中证指数有限公司,行业指数,20211231,20230721,CSI
932121CNY010.CSI,商业服务行业全收益,CSI,中证指数有限公司,行业指数,20211231,20230721,CSI
932122.CSI,交通运输行业,CSI,中证指数有限公司,行业指数,20211231,20230721,CSI
932122CNY010.CSI,交通运输行业全收益,CSI,中证指数有限公司,行业指数,20211231,20230721,CSI
932123.CSI,汽车汽配行业,CSI,中证指数有限公司,行业指数,20211231,20230721,CSI
932123CNY010.CSI,汽车汽配行业全收益,CSI,中证指数有限公司,行业指数,20211231,20230721,CSI
932124.CSI,耐用消费品行业,CSI,中证指数有限公司,行业指数,20211231,20230728,CSI
932124CNY010.CSI,耐用消费品行业全收益,CSI,中证指数有限公司,行业指数,20211231,20230728,CSI
932125.CSI,服装珠宝行业,CSI,中证指数有限公司,行业指数,20211231,20230728,CSI
932125CNY010.CSI,服装珠宝行业全收益,CSI,中证指数有限公司,行业指数,20211231,20230728,CSI
932126.CSI,消费者服务行业,CSI,中证指数有限公司,行业指数,20211231,20230728,CSI
932126CNY010.CSI,消费者服务行业全收益,CSI,中证指数有限公司,行业指数,20211231,20230728,CSI
932127.CSI,零售行业,CSI,中证指数有限公司,行业指数,20211231,20230728,CSI
932127CNY010.CSI,零售行业全收益,CSI,中证指数有限公司,行业指数,20211231,20230728,CSI
932128.CSI,食品饮料烟草行业,CSI,中证指数有限公司,行业指数,20211231,20230728,CSI
932128CNY010.CSI,食品饮料烟草行业全收益,CSI,中证指数有限公司,行业指数,20211231,20230728,CSI
932130.CSI,家庭用品行业,CSI,中证指数有限公司,行业指数,20211231,20230728,CSI
932130CNY010.CSI,家庭用品行业全收益,CSI,中证指数有限公司,行业指数,20211231,20230728,CSI
932131.CSI,医疗行业,CSI,中证指数有限公司,行业指数,20211231,20230728,CSI
932131CNY010.CSI,医疗行业全收益,CSI,中证指数有限公司,行业指数,20211231,20230728,CSI
932132.CSI,医药行业,CSI,中证指数有限公司,行业指数,20211231,20230728,CSI
932132CNY010.CSI,医药行业全收益,CSI,中证指数有限公司,行业指数,20211231,20230728,CSI
932133.CSI,银行行业,CSI,中证指数有限公司,行业指数,20211231,20230728,CSI
932133CNY010.CSI,银行行业全收益,CSI,中证指数有限公司,行业指数,20211231,20230728,CSI
932134.CSI,其他金融行业,CSI,中证指数有限公司,行业指数,20211231,20230830,CSI
932134CNY010.CSI,其他金融行业全收益,CSI,中证指数有限公司,行业指数,20211231,20230830,CSI
932135.CSI,资本市场行业,CSI,中证指数有限公司,行业指数,20211231,20230830,CSI
932135CNY010.CSI,资本市场行业全收益,CSI,中证指数有限公司,行业指数,20211231,20230830,CSI
932136.CSI,保险行业,CSI,中证指数有限公司,行业指数,20211231,20230830,CSI
932136CNY010.CSI,保险行业全收益,CSI,中证指数有限公司,行业指数,20211231,20230830,CSI
932138.CSI,电子行业,CSI,中证指数有限公司,行业指数,20211231,20230830,CSI
932138CNY010.CSI,电子行业全收益,CSI,中证指数有限公司,行业指数,20211231,20230830,CSI
932139.CSI,半导体行业,CSI,中证指数有限公司,行业指数,20211231,20230815,CSI
932139CNY010.CSI,半导体行业全收益,CSI,中证指数有限公司,行业指数,20211231,20230815,CSI
932140.CSI,电信服务行业,CSI,中证指数有限公司,行业指数,20211231,20230714,CSI
932140CNY010.CSI,电信服务行业全收益,CSI,中证指数有限公司,行业指数,20211231,20230714,CSI
932141.CSI,通信设服行业,CSI,中证指数有限公司,行业指数,20211231,20230714,CSI
932141CNY010.CSI,通信设服行业全收益,CSI,中证指数有限公司,行业指数,20211231,20230714,CSI
932142.CSI,传媒行业,CSI,中证指数有限公司,行业指数,20211231,20230830,CSI
932142CNY010.CSI,传媒行业全收益,CSI,中证指数有限公司,行业指数,20211231,20230830,CSI
932143.CSI,航空航天,CSI,中证指数有限公司,行业指数,20211231,20231018,CSI
932143CNY010.CSI,航空航天全收益,CSI,中证指数有限公司,行业指数,20211231,20231018,CSI
932144.CSI,电信服务,CSI,中证指数有限公司,行业指数,20211231,20231018,CSI
932144CNY010.CSI,电信服务全收益,CSI,中证指数有限公司,行业指数,20211231,20231018,CSI
932145.CSI,通信设服,CSI,中证指数有限公司,行业指数,20211231,20231018,CSI
932145CNY010.CSI,通信设服全收益,CSI,中证指数有限公司,行业指数,20211231,20231018,CSI
932149.CSI,工业转债及可交换债,CSI,中证指数有限公司,债券指数,20191231,20250401,CSI
932149CNY040.CSI,工业转债及可交换债(净),CSI,中证指数有限公司,债券指数,20191231,20250401,CSI
932149CNY050.CSI,工业转债及可交换债(利),CSI,中证指数有限公司,债券指数,20191231,20250401,CSI
932149CNY060.CSI,工业转债及可交换债(税),CSI,中证指数有限公司,债券指数,20191231,20250401,CSI
932150.CSI,原材料转债及可交换债,CSI,中证指数有限公司,债券指数,20191231,20250401,CSI
932150CNY040.CSI,原材料转债及可交换债(净),CSI,中证指数有限公司,债券指数,20191231,20250401,CSI
932150CNY050.CSI,原材料转债及可交换债(利),CSI,中证指数有限公司,债券指数,20191231,20250401,CSI
932150CNY060.CSI,原材料转债及可交换债(税),CSI,中证指数有限公司,债券指数,20191231,20250401,CSI
932151.CSI,可选消费转债及可交换债,CSI,中证指数有限公司,债券指数,20191231,20250401,CSI
932151CNY040.CSI,可选消费转债及可交换债(净),CSI,中证指数有限公司,债券指数,20191231,20250401,CSI
932151CNY050.CSI,可选消费转债及可交换债(利),CSI,中证指数有限公司,债券指数,20191231,20250401,CSI
932151CNY060.CSI,可选消费转债及可交换债(税),CSI,中证指数有限公司,债券指数,20191231,20250401,CSI
932152.CSI,港股通成长策略,CSI,中证指数有限公司,策略指数,20141231,20250430,CSI
932152CNY100.CSI,港股通成长策略人民币中间价,CSI,中证指数有限公司,策略指数,20141231,20250430,CSI
932152CNY110.CSI,港股通成长策略人民币中间价(全),CSI,中证指数有限公司,策略指数,20141231,20250430,CSI
932152CNY200.CSI,港股通成长策略CNY,CSI,中证指数有限公司,策略指数,20141231,20250430,CSI
932152CNY210.CSI,港股通成长策略(全)CNY,CSI,中证指数有限公司,策略指数,20141231,20250430,CSI
932152HKD210.CSI,港股通成长策略(全),CSI,中证指数有限公司,策略指数,20141231,20250430,CSI
932153.CSI,港股通价值策略,CSI,中证指数有限公司,策略指数,20141231,20250430,CSI
932153CNY100.CSI,港股通价值策略人民币中间价,CSI,中证指数有限公司,策略指数,20141231,20250430,CSI
932153CNY110.CSI,港股通价值策略人民币中间价(全),CSI,中证指数有限公司,策略指数,20141231,20250430,CSI
932153CNY200.CSI,港股通价值策略CNY,CSI,中证指数有限公司,策略指数,20141231,20250430,CSI
932153CNY210.CSI,港股通价值策略(全)CNY,CSI,中证指数有限公司,策略指数,20141231,20250430,CSI
932153HKD210.CSI,港股通价值策略(全),CSI,中证指数有限公司,策略指数,20141231,20250430,CSI
932154.CSI,A500红利,CSI,中证指数有限公司,策略指数,20131231,20250409,CSI
932154CNY010.CSI,A500红利全收益,CSI,中证指数有限公司,策略指数,20131231,20250409,CSI
932154CNY020.CSI,A500红利净收益,CSI,中证指数有限公司,策略指数,20131231,20250409,CSI
932155.CSI,全球电动车,CSI,中证指数有限公司,主题指数,20181228,20250417,CSI
932155CNY210.CSI,全球电动车(全),CSI,中证指数有限公司,主题指数,20181228,20250417,CSI
932155HKD200.CSI,全球电动车HKD,CSI,中证指数有限公司,主题指数,20181228,20250417,CSI
932155HKD210.CSI,全球电动车(全)HKD,CSI,中证指数有限公司,主题指数,20181228,20250417,CSI
932155USD200.CSI,全球电动车USD,CSI,中证指数有限公司,主题指数,20181228,20250417,CSI
932155USD210.CSI,全球电动车(全)USD,CSI,中证指数有限公司,主题指数,20181228,20250417,CSI
932156.CSI,智选银行AW,CSI,中证指数有限公司,主题指数,20161230,20251017,CSI
932156CNY010.CSI,智选银行AW全收益,CSI,中证指数有限公司,主题指数,20161230,20251017,CSI
932157.CSI,上海科技领先,CSI,中证指数有限公司,主题指数,20181228,20250421,CSI
932157CNY010.CSI,上海科技领先全收益,CSI,中证指数有限公司,主题指数,20181228,20250421,CSI
932158.CSI,科创债,CSI,中证指数有限公司,债券指数,20220630,20230824,CSI
932158CNY040.CSI,科创债(净),CSI,中证指数有限公司,债券指数,20220630,20230824,CSI
932158CNY050.CSI,科创债(利),CSI,中证指数有限公司,债券指数,20220630,20230824,CSI
932158CNY060.CSI,科创债(税),CSI,中证指数有限公司,债券指数,20220630,20230824,CSI
932159.CSI,高等级科创债,CSI,中证指数有限公司,债券指数,20220630,20230824,CSI
932159CNY040.CSI,高等级科创债(净),CSI,中证指数有限公司,债券指数,20220630,20230824,CSI
932159CNY050.CSI,高等级科创债(利),CSI,中证指数有限公司,债券指数,20220630,20230824,CSI
932159CNY060.CSI,高等级科创债(税),CSI,中证指数有限公司,债券指数,20220630,20230824,CSI
932160.CSI,AAA科创债,CSI,中证指数有限公司,债券指数,20220630,20230824,CSI
932160CNY040.CSI,AAA科创债(净),CSI,中证指数有限公司,债券指数,20220630,20230824,CSI
932160CNY050.CSI,AAA科创债(利),CSI,中证指数有限公司,债券指数,20220630,20230824,CSI
932160CNY060.CSI,AAA科创债(税),CSI,中证指数有限公司,债券指数,20220630,20230824,CSI
932161.CSI,0-3AAA科创债,CSI,中证指数有限公司,债券指数,20220630,20230824,CSI
932161CNY040.CSI,0-3AAA科创债(净),CSI,中证指数有限公司,债券指数,20220630,20230824,CSI
932161CNY050.CSI,0-3AAA科创债(利),CSI,中证指数有限公司,债券指数,20220630,20230824,CSI
932161CNY060.CSI,0-3AAA科创债(税),CSI,中证指数有限公司,债券指数,20220630,20230824,CSI
932162.CSI,0-5AAA科创债,CSI,中证指数有限公司,债券指数,20220630,20230824,CSI
932162CNY040.CSI,0-5AAA科创债(净),CSI,中证指数有限公司,债券指数,20220630,20230824,CSI
932162CNY050.CSI,0-5AAA科创债(利),CSI,中证指数有限公司,债券指数,20220630,20230824,CSI
932162CNY060.CSI,0-5AAA科创债(税),CSI,中证指数有限公司,债券指数,20220630,20230824,CSI
932163.CSI,AAA国企科创债,CSI,中证指数有限公司,债券指数,20220630,20230824,CSI
932163CNY040.CSI,AAA国企科创债(净),CSI,中证指数有限公司,债券指数,20220630,20230824,CSI
932163CNY050.CSI,AAA国企科创债(利),CSI,中证指数有限公司,债券指数,20220630,20230824,CSI
932163CNY060.CSI,AAA国企科创债(税),CSI,中证指数有限公司,债券指数,20220630,20230824,CSI
932165.CSI,0-3AAA国企科创债,CSI,中证指数有限公司,债券指数,20220630,20230824,CSI
932165CNY040.CSI,0-3AAA国企科创债(净),CSI,中证指数有限公司,债券指数,20220630,20230824,CSI
932165CNY050.CSI,0-3AAA国企科创债(利),CSI,中证指数有限公司,债券指数,20220630,20230824,CSI
932165CNY060.CSI,0-3AAA国企科创债(税),CSI,中证指数有限公司,债券指数,20220630,20230824,CSI
932166.CSI,0-5AAA国企科创债,CSI,中证指数有限公司,债券指数,20220630,20230824,CSI
932166CNY040.CSI,0-5AAA国企科创债(净),CSI,中证指数有限公司,债券指数,20220630,20230824,CSI
932166CNY050.CSI,0-5AAA国企科创债(利),CSI,中证指数有限公司,债券指数,20220630,20230824,CSI
932166CNY060.CSI,0-5AAA国企科创债(税),CSI,中证指数有限公司,债券指数,20220630,20230824,CSI
932167.CSI,交易所地企债,CSI,中证指数有限公司,债券指数,20131231,20230906,CSI
932167CNY040.CSI,交易所地企债(净),CSI,中证指数有限公司,债券指数,20131231,20230906,CSI
932167CNY050.CSI,交易所地企债(利),CSI,中证指数有限公司,债券指数,20131231,20230906,CSI
932167CNY060.CSI,交易所地企债(税),CSI,中证指数有限公司,债券指数,20131231,20230906,CSI
932168.CSI,交易所0-3地企债,CSI,中证指数有限公司,债券指数,20131231,20230906,CSI
932168CNY040.CSI,交易所0-3地企债(净),CSI,中证指数有限公司,债券指数,20131231,20230906,CSI
932168CNY050.CSI,交易所0-3地企债(利),CSI,中证指数有限公司,债券指数,20131231,20230906,CSI
932168CNY060.CSI,交易所0-3地企债(税),CSI,中证指数有限公司,债券指数,20131231,20230906,CSI
932169.CSI,交易所0-5地企债,CSI,中证指数有限公司,债券指数,20131231,20230906,CSI
932169CNY040.CSI,交易所0-5地企债(净),CSI,中证指数有限公司,债券指数,20131231,20230906,CSI
932169CNY050.CSI,交易所0-5地企债(利),CSI,中证指数有限公司,债券指数,20131231,20230906,CSI
932169CNY060.CSI,交易所0-5地企债(税),CSI,中证指数有限公司,债券指数,20131231,20230906,CSI
932170.CSI,交易所AAA地企债,CSI,中证指数有限公司,债券指数,20161230,20230906,CSI
932170CNY040.CSI,交易所AAA地企债(净),CSI,中证指数有限公司,债券指数,20161230,20230906,CSI
932170CNY050.CSI,交易所AAA地企债(利),CSI,中证指数有限公司,债券指数,20161230,20230906,CSI
932170CNY060.CSI,交易所AAA地企债(税),CSI,中证指数有限公司,债券指数,20161230,20230906,CSI
932171.CSI,交易所短期AAA地企债,CSI,中证指数有限公司,债券指数,20161230,20230906,CSI
932171CNY040.CSI,交易所短期AAA地企债(净),CSI,中证指数有限公司,债券指数,20161230,20230906,CSI
932171CNY050.CSI,交易所短期AAA地企债(利),CSI,中证指数有限公司,债券指数,20161230,20230906,CSI
932171CNY060.CSI,交易所短期AAA地企债(税),CSI,中证指数有限公司,债券指数,20161230,20230906,CSI
932172.CSI,交易所0-3AAA地企债,CSI,中证指数有限公司,债券指数,20161230,20230906,CSI
932172CNY040.CSI,交易所0-3AAA地企债(净),CSI,中证指数有限公司,债券指数,20161230,20230906,CSI
932172CNY050.CSI,交易所0-3AAA地企债(利),CSI,中证指数有限公司,债券指数,20161230,20230906,CSI
932172CNY060.CSI,交易所0-3AAA地企债(税),CSI,中证指数有限公司,债券指数,20161230,20230906,CSI
932173.CSI,交易所0-5AAA地企债,CSI,中证指数有限公司,债券指数,20161230,20230906,CSI
932173CNY040.CSI,交易所0-5AAA地企债(净),CSI,中证指数有限公司,债券指数,20161230,20230906,CSI
932173CNY050.CSI,交易所0-5AAA地企债(利),CSI,中证指数有限公司,债券指数,20161230,20230906,CSI
932173CNY060.CSI,交易所0-5AAA地企债(税),CSI,中证指数有限公司,债券指数,20161230,20230906,CSI
932186.CSI,交银财富指数,CSI,中证指数有限公司,多资产指数,20131231,20230925,CSI
932187.CSI,交银财富进取,CSI,中证指数有限公司,多资产指数,20131231,20230925,CSI
932188.CSI,交银财富平衡,CSI,中证指数有限公司,多资产指数,20131231,20230925,CSI
932189.CSI,交银财富稳健,CSI,中证指数有限公司,多资产指数,20131231,20230925,CSI
932190.CSI,交银优选公募理财,CSI,中证指数有限公司,多资产指数,20190228,20230925,CSI
932191.CSI,政金债0-2,CSI,中证指数有限公司,债券指数,20071231,20231010,CSI
932191CNY040.CSI,政金债0-2(净),CSI,中证指数有限公司,债券指数,20071231,20231010,CSI
932191CNY050.CSI,政金债0-2(利),CSI,中证指数有限公司,债券指数,20071231,20231010,CSI
932191CNY060.CSI,政金债0-2(税),CSI,中证指数有限公司,债券指数,20071231,20231010,CSI
932192.CSI,政金债0-3,CSI,中证指数有限公司,债券指数,20071231,20231010,CSI
932192CNY040.CSI,政金债0-3(净),CSI,中证指数有限公司,债券指数,20071231,20231010,CSI
932192CNY050.CSI,政金债0-3(利),CSI,中证指数有限公司,债券指数,20071231,20231010,CSI
932192CNY060.CSI,政金债0-3(税),CSI,中证指数有限公司,债券指数,20071231,20231010,CSI
932193.CSI,国开债0-2,CSI,中证指数有限公司,债券指数,20071231,20231010,CSI
932193CNY040.CSI,国开债0-2(净),CSI,中证指数有限公司,债券指数,20071231,20231010,CSI
932193CNY050.CSI,国开债0-2(利),CSI,中证指数有限公司,债券指数,20071231,20231010,CSI
932193CNY060.CSI,国开债0-2(税),CSI,中证指数有限公司,债券指数,20071231,20231010,CSI
932194.CSI,国开债0-3,CSI,中证指数有限公司,债券指数,20071231,20231010,CSI
932194CNY040.CSI,国开债0-3(净),CSI,中证指数有限公司,债券指数,20071231,20231010,CSI
932194CNY050.CSI,国开债0-3(利),CSI,中证指数有限公司,债券指数,20071231,20231010,CSI
932194CNY060.CSI,国开债0-3(税),CSI,中证指数有限公司,债券指数,20071231,20231010,CSI
932195.CSI,农发债0-2,CSI,中证指数有限公司,债券指数,20071231,20231010,CSI
932195CNY040.CSI,农发债0-2(净),CSI,中证指数有限公司,债券指数,20071231,20231010,CSI
932195CNY050.CSI,农发债0-2(利),CSI,中证指数有限公司,债券指数,20071231,20231010,CSI
932195CNY060.CSI,农发债0-2(税),CSI,中证指数有限公司,债券指数,20071231,20231010,CSI
932196.CSI,农发债0-3,CSI,中证指数有限公司,债券指数,20071231,20231010,CSI
932196CNY040.CSI,农发债0-3(净),CSI,中证指数有限公司,债券指数,20071231,20231010,CSI
932196CNY050.CSI,农发债0-3(利),CSI,中证指数有限公司,债券指数,20071231,20231010,CSI
932196CNY060.CSI,农发债0-3(税),CSI,中证指数有限公司,债券指数,20071231,20231010,CSI
932197.CSI,进出口债0-2,CSI,中证指数有限公司,债券指数,20071231,20231010,CSI
932197CNY040.CSI,进出口债0-2(净),CSI,中证指数有限公司,债券指数,20071231,20231010,CSI
932197CNY050.CSI,进出口债0-2(利),CSI,中证指数有限公司,债券指数,20071231,20231010,CSI
932197CNY060.CSI,进出口债0-2(税),CSI,中证指数有限公司,债券指数,20071231,20231010,CSI
932198.CSI,进出口债0-3,CSI,中证指数有限公司,债券指数,20071231,20231010,CSI
932198CNY040.CSI,进出口债0-3(净),CSI,中证指数有限公司,债券指数,20071231,20231010,CSI
932198CNY050.CSI,进出口债0-3(利),CSI,中证指数有限公司,债券指数,20071231,20231010,CSI
932198CNY060.CSI,进出口债0-3(税),CSI,中证指数有限公司,债券指数,20071231,20231010,CSI
932199.CSI,国债及政金债0-2,CSI,中证指数有限公司,债券指数,20071231,20231010,CSI
932199CNY030.CSI,国债及政金债0-2(全),CSI,中证指数有限公司,债券指数,20071231,20260626,CSI
932199CNY040.CSI,国债及政金债0-2(净),CSI,中证指数有限公司,债券指数,20071231,20231010,CSI
932199CNY050.CSI,国债及政金债0-2(利),CSI,中证指数有限公司,债券指数,20071231,20231010,CSI
932200.CSI,国债及政金债0-3,CSI,中证指数有限公司,债券指数,20071231,20231010,CSI
932200CNY030.CSI,国债及政金债0-3(全),CSI,中证指数有限公司,债券指数,20071231,20260626,CSI
932200CNY040.CSI,国债及政金债0-3(净),CSI,中证指数有限公司,债券指数,20071231,20231010,CSI
932200CNY050.CSI,国债及政金债0-3(利),CSI,中证指数有限公司,债券指数,20071231,20231010,CSI
932201.CSI,0-2年国债,CSI,中证指数有限公司,债券指数,20071231,20231010,CSI
932201CNY030.CSI,0-2年国债(全),CSI,中证指数有限公司,债券指数,20071231,20260626,CSI
932201CNY040.CSI,0-2年国债(净),CSI,中证指数有限公司,债券指数,20071231,20231010,CSI
932201CNY050.CSI,0-2年国债(利),CSI,中证指数有限公司,债券指数,20071231,20231010,CSI
932202.CSI,0-3年国债,CSI,中证指数有限公司,债券指数,20071231,20231010,CSI
932202CNY030.CSI,0-3年国债(全),CSI,中证指数有限公司,债券指数,20071231,20260626,CSI
932202CNY040.CSI,0-3年国债(净),CSI,中证指数有限公司,债券指数,20071231,20231010,CSI
932202CNY050.CSI,0-3年国债(利),CSI,中证指数有限公司,债券指数,20071231,20231010,CSI
932203.CSI,2027信用债,CSI,中证指数有限公司,债券指数,20171229,20231102,CSI
932203CNY040.CSI,2027信用债(净),CSI,中证指数有限公司,债券指数,20171229,20231102,CSI
932203CNY050.CSI,2027信用债(利),CSI,中证指数有限公司,债券指数,20171229,20231102,CSI
932203CNY060.CSI,2027信用债(税),CSI,中证指数有限公司,债券指数,20171229,20231102,CSI
932204.CSI,2028信用债,CSI,中证指数有限公司,债券指数,20171229,20231102,CSI
932204CNY040.CSI,2028信用债(净),CSI,中证指数有限公司,债券指数,20171229,20231102,CSI
932204CNY050.CSI,2028信用债(利),CSI,中证指数有限公司,债券指数,20171229,20231102,CSI
932204CNY060.CSI,2028信用债(税),CSI,中证指数有限公司,债券指数,20171229,20231102,CSI
932205.CSI,2029信用债,CSI,中证指数有限公司,债券指数,20171229,20231102,CSI
932205CNY040.CSI,2029信用债(净),CSI,中证指数有限公司,债券指数,20171229,20231102,CSI
932205CNY050.CSI,2029信用债(利),CSI,中证指数有限公司,债券指数,20171229,20231102,CSI
932205CNY060.CSI,2029信用债(税),CSI,中证指数有限公司,债券指数,20171229,20231102,CSI
932206.CSI,2030信用债,CSI,中证指数有限公司,债券指数,20171229,20231102,CSI
932206CNY040.CSI,2030信用债(净),CSI,中证指数有限公司,债券指数,20171229,20231102,CSI
932206CNY050.CSI,2030信用债(利),CSI,中证指数有限公司,债券指数,20171229,20231102,CSI
932206CNY060.CSI,2030信用债(税),CSI,中证指数有限公司,债券指数,20171229,20231102,CSI
932207.CSI,2031信用债,CSI,中证指数有限公司,债券指数,20171229,20231102,CSI
932207CNY040.CSI,2031信用债(净),CSI,中证指数有限公司,债券指数,20171229,20231102,CSI
932207CNY050.CSI,2031信用债(利),CSI,中证指数有限公司,债券指数,20171229,20231102,CSI
932207CNY060.CSI,2031信用债(税),CSI,中证指数有限公司,债券指数,20171229,20231102,CSI
932208.CSI,2032信用债,CSI,中证指数有限公司,债券指数,20171229,20231102,CSI
932208CNY040.CSI,2032信用债(净),CSI,中证指数有限公司,债券指数,20171229,20231102,CSI
932208CNY050.CSI,2032信用债(利),CSI,中证指数有限公司,债券指数,20171229,20231102,CSI
932208CNY060.CSI,2032信用债(税),CSI,中证指数有限公司,债券指数,20171229,20231102,CSI
932209.CSI,2027政金债,CSI,中证指数有限公司,债券指数,20171229,20231102,CSI
932209CNY040.CSI,2027政金债(净),CSI,中证指数有限公司,债券指数,20171229,20231102,CSI
932209CNY050.CSI,2027政金债(利),CSI,中证指数有限公司,债券指数,20171229,20231102,CSI
932209CNY060.CSI,2027政金债(税),CSI,中证指数有限公司,债券指数,20171229,20231102,CSI
932210.CSI,2028政金债,CSI,中证指数有限公司,债券指数,20171229,20231102,CSI
932210CNY040.CSI,2028政金债(净),CSI,中证指数有限公司,债券指数,20171229,20231102,CSI
932210CNY050.CSI,2028政金债(利),CSI,中证指数有限公司,债券指数,20171229,20231102,CSI
932210CNY060.CSI,2028政金债(税),CSI,中证指数有限公司,债券指数,20171229,20231102,CSI
932211.CSI,2029政金债,CSI,中证指数有限公司,债券指数,20171229,20231102,CSI
932211CNY040.CSI,2029政金债(净),CSI,中证指数有限公司,债券指数,20171229,20231102,CSI
932211CNY050.CSI,2029政金债(利),CSI,中证指数有限公司,债券指数,20171229,20231102,CSI
932211CNY060.CSI,2029政金债(税),CSI,中证指数有限公司,债券指数,20171229,20231102,CSI
932212.CSI,2030政金债,CSI,中证指数有限公司,债券指数,20171229,20231102,CSI
932212CNY040.CSI,2030政金债(净),CSI,中证指数有限公司,债券指数,20171229,20231102,CSI
932212CNY050.CSI,2030政金债(利),CSI,中证指数有限公司,债券指数,20171229,20231102,CSI
932212CNY060.CSI,2030政金债(税),CSI,中证指数有限公司,债券指数,20171229,20231102,CSI
932213.CSI,2031政金债,CSI,中证指数有限公司,债券指数,20171229,20231102,CSI
932213CNY040.CSI,2031政金债(净),CSI,中证指数有限公司,债券指数,20171229,20231102,CSI
932213CNY050.CSI,2031政金债(利),CSI,中证指数有限公司,债券指数,20171229,20231102,CSI
932213CNY060.CSI,2031政金债(税),CSI,中证指数有限公司,债券指数,20171229,20231102,CSI
932214.CSI,2032政金债,CSI,中证指数有限公司,债券指数,20171229,20231102,CSI
932214CNY040.CSI,2032政金债(净),CSI,中证指数有限公司,债券指数,20171229,20231102,CSI
932214CNY050.CSI,2032政金债(利),CSI,中证指数有限公司,债券指数,20171229,20231102,CSI
932214CNY060.CSI,2032政金债(税),CSI,中证指数有限公司,债券指数,20171229,20231102,CSI
932215.CSI,SSH新能车主题,CSI,中证指数有限公司,主题指数,20141231,20240208,CSI
932215CNY210.CSI,SSH新能车主题(全),CSI,中证指数有限公司,主题指数,20141231,20240208,CSI
932215HKD200.CSI,SSH新能车主题HKD,CSI,中证指数有限公司,主题指数,20141231,20240208,CSI
932215HKD210.CSI,SSH新能车主题(全)HKD,CSI,中证指数有限公司,主题指数,20141231,20240208,CSI
932216.CSI,香港100净收益,CSI,中证指数有限公司,规模指数,20041231,20231215,CSI
932217.CSI,制药指数,CSI,中证指数有限公司,主题指数,20111230,20130715,CSI
932217CNY010.CSI,制药指数全收益,CSI,中证指数有限公司,主题指数,20111230,20130715,CSI
932218.CSI,中证ABS,CSI,中证指数有限公司,债券指数,20161230,20240202,CSI
932218CNY040.CSI,中证ABS(净),CSI,中证指数有限公司,债券指数,20161230,20240202,CSI
932218CNY050.CSI,中证ABS(利),CSI,中证指数有限公司,债券指数,20161230,20240202,CSI
932218CNY060.CSI,中证ABS(税),CSI,中证指数有限公司,债券指数,20161230,20240202,CSI
932219.CSI,优先级ABS,CSI,中证指数有限公司,债券指数,20161230,20240202,CSI
932219CNY040.CSI,优先级ABS(净),CSI,中证指数有限公司,债券指数,20161230,20240202,CSI
932219CNY050.CSI,优先级ABS(利),CSI,中证指数有限公司,债券指数,20161230,20240202,CSI
932219CNY060.CSI,优先级ABS(税),CSI,中证指数有限公司,债券指数,20161230,20240202,CSI
932220.CSI,交易所ABS,CSI,中证指数有限公司,债券指数,20161230,20240202,CSI
932220CNY040.CSI,交易所ABS(净),CSI,中证指数有限公司,债券指数,20161230,20240202,CSI
932220CNY050.CSI,交易所ABS(利),CSI,中证指数有限公司,债券指数,20161230,20240202,CSI
932220CNY060.CSI,交易所ABS(税),CSI,中证指数有限公司,债券指数,20161230,20240202,CSI
932221.CSI,交易所优先级ABS,CSI,中证指数有限公司,债券指数,20161230,20240202,CSI
932221CNY040.CSI,交易所优先级ABS(净),CSI,中证指数有限公司,债券指数,20161230,20240202,CSI
932221CNY050.CSI,交易所优先级ABS(利),CSI,中证指数有限公司,债券指数,20161230,20240202,CSI
932221CNY060.CSI,交易所优先级ABS(税),CSI,中证指数有限公司,债券指数,20161230,20240202,CSI
932222.CSI,中证2000净收益,CSI,中证指数有限公司,规模指数,20131231,20230901,CSI
932223.CSI,长三角绿色50,CSI,中证指数有限公司,主题指数,20181228,20231025,CSI
932223CNY010.CSI,长三角绿色50全收益,CSI,中证指数有限公司,主题指数,20181228,20231025,CSI
932224.CSI,SSH新能车50,CSI,中证指数有限公司,主题指数,20141231,20240208,CSI
932224CNY210.CSI,SSH新能车50(全),CSI,中证指数有限公司,主题指数,20141231,20240208,CSI
932224HKD200.CSI,SSH新能车50HKD,CSI,中证指数有限公司,主题指数,20141231,20240208,CSI
932224HKD210.CSI,SSH新能车50(全)HKD,CSI,中证指数有限公司,主题指数,20141231,20240208,CSI
932225.CSI,能源信用债,CSI,中证指数有限公司,债券指数,20161230,20231214,CSI
932225CNY040.CSI,能源信用债(净),CSI,中证指数有限公司,债券指数,20161230,20231214,CSI
932225CNY050.CSI,能源信用债(利),CSI,中证指数有限公司,债券指数,20161230,20231214,CSI
932225CNY060.CSI,能源信用债(税),CSI,中证指数有限公司,债券指数,20161230,20231214,CSI
932226.CSI,原材料信用债,CSI,中证指数有限公司,债券指数,20161230,20231214,CSI
932226CNY040.CSI,原材料信用债(净),CSI,中证指数有限公司,债券指数,20161230,20231214,CSI
932226CNY050.CSI,原材料信用债(利),CSI,中证指数有限公司,债券指数,20161230,20231214,CSI
932226CNY060.CSI,原材料信用债(税),CSI,中证指数有限公司,债券指数,20161230,20231214,CSI
932227.CSI,工业信用债,CSI,中证指数有限公司,债券指数,20161230,20231214,CSI
932227CNY040.CSI,工业信用债(净),CSI,中证指数有限公司,债券指数,20161230,20231214,CSI
932227CNY050.CSI,工业信用债(利),CSI,中证指数有限公司,债券指数,20161230,20231214,CSI
932227CNY060.CSI,工业信用债(税),CSI,中证指数有限公司,债券指数,20161230,20231214,CSI
932228.CSI,可选消费信用债,CSI,中证指数有限公司,债券指数,20161230,20231214,CSI
932228CNY040.CSI,可选消费信用债(净),CSI,中证指数有限公司,债券指数,20161230,20231214,CSI
932228CNY050.CSI,可选消费信用债(利),CSI,中证指数有限公司,债券指数,20161230,20231214,CSI
932228CNY060.CSI,可选消费信用债(税),CSI,中证指数有限公司,债券指数,20161230,20231214,CSI
932229.CSI,主要消费信用债,CSI,中证指数有限公司,债券指数,20161230,20231214,CSI
932229CNY040.CSI,主要消费信用债(净),CSI,中证指数有限公司,债券指数,20161230,20231214,CSI
932229CNY050.CSI,主要消费信用债(利),CSI,中证指数有限公司,债券指数,20161230,20231214,CSI
932229CNY060.CSI,主要消费信用债(税),CSI,中证指数有限公司,债券指数,20161230,20231214,CSI
932230.CSI,医药卫生信用债,CSI,中证指数有限公司,债券指数,20161230,20231214,CSI
932230CNY040.CSI,医药卫生信用债(净),CSI,中证指数有限公司,债券指数,20161230,20231214,CSI
932230CNY050.CSI,医药卫生信用债(利),CSI,中证指数有限公司,债券指数,20161230,20231214,CSI
932230CNY060.CSI,医药卫生信用债(税),CSI,中证指数有限公司,债券指数,20161230,20231214,CSI
932231.CSI,信息技术信用债,CSI,中证指数有限公司,债券指数,20161230,20231214,CSI
932231CNY040.CSI,信息技术信用债(净),CSI,中证指数有限公司,债券指数,20161230,20231214,CSI
932231CNY050.CSI,信息技术信用债(利),CSI,中证指数有限公司,债券指数,20161230,20231214,CSI
932231CNY060.CSI,信息技术信用债(税),CSI,中证指数有限公司,债券指数,20161230,20231214,CSI
932232.CSI,通信服务信用债,CSI,中证指数有限公司,债券指数,20161230,20231214,CSI
932232CNY040.CSI,通信服务信用债(净),CSI,中证指数有限公司,债券指数,20161230,20231214,CSI
932232CNY050.CSI,通信服务信用债(利),CSI,中证指数有限公司,债券指数,20161230,20231214,CSI
932232CNY060.CSI,通信服务信用债(税),CSI,中证指数有限公司,债券指数,20161230,20231214,CSI
932233.CSI,公用事业信用债,CSI,中证指数有限公司,债券指数,20161230,20231214,CSI
932233CNY040.CSI,公用事业信用债(净),CSI,中证指数有限公司,债券指数,20161230,20231214,CSI
932233CNY050.CSI,公用事业信用债(利),CSI,中证指数有限公司,债券指数,20161230,20231214,CSI
932233CNY060.CSI,公用事业信用债(税),CSI,中证指数有限公司,债券指数,20161230,20231214,CSI
932234.CSI,房地产信用债,CSI,中证指数有限公司,债券指数,20161230,20231214,CSI
932234CNY040.CSI,房地产信用债(净),CSI,中证指数有限公司,债券指数,20161230,20231214,CSI
932234CNY050.CSI,房地产信用债(利),CSI,中证指数有限公司,债券指数,20161230,20231214,CSI
932234CNY060.CSI,房地产信用债(税),CSI,中证指数有限公司,债券指数,20161230,20231214,CSI
932235.CSI,交易所能源信用债,CSI,中证指数有限公司,债券指数,20161230,20231211,CSI
932235CNY040.CSI,交易所能源信用债(净),CSI,中证指数有限公司,债券指数,20161230,20231211,CSI
932235CNY050.CSI,交易所能源信用债(利),CSI,中证指数有限公司,债券指数,20161230,20231211,CSI
932235CNY060.CSI,交易所能源信用债(税),CSI,中证指数有限公司,债券指数,20161230,20231211,CSI
932236.CSI,交易所原材料信用债,CSI,中证指数有限公司,债券指数,20161230,20231211,CSI
932236CNY040.CSI,交易所原材料信用债(净),CSI,中证指数有限公司,债券指数,20161230,20231211,CSI
932236CNY050.CSI,交易所原材料信用债(利),CSI,中证指数有限公司,债券指数,20161230,20231211,CSI
932236CNY060.CSI,交易所原材料信用债(税),CSI,中证指数有限公司,债券指数,20161230,20231211,CSI
932237.CSI,交易所工业信用债,CSI,中证指数有限公司,债券指数,20161230,20231211,CSI
932237CNY040.CSI,交易所工业信用债(净),CSI,中证指数有限公司,债券指数,20161230,20231211,CSI
932237CNY050.CSI,交易所工业信用债(利),CSI,中证指数有限公司,债券指数,20161230,20231211,CSI
932237CNY060.CSI,交易所工业信用债(税),CSI,中证指数有限公司,债券指数,20161230,20231211,CSI
932238.CSI,交易所可选消费信用债,CSI,中证指数有限公司,债券指数,20161230,20231211,CSI
932238CNY040.CSI,交易所可选消费信用债(净),CSI,中证指数有限公司,债券指数,20161230,20231211,CSI
932238CNY050.CSI,交易所可选消费信用债(利),CSI,中证指数有限公司,债券指数,20161230,20231211,CSI
932238CNY060.CSI,交易所可选消费信用债(税),CSI,中证指数有限公司,债券指数,20161230,20231211,CSI
932239.CSI,交易所主要消费信用债,CSI,中证指数有限公司,债券指数,20161230,20231211,CSI
932239CNY040.CSI,交易所主要消费信用债(净),CSI,中证指数有限公司,债券指数,20161230,20231211,CSI
932239CNY050.CSI,交易所主要消费信用债(利),CSI,中证指数有限公司,债券指数,20161230,20231211,CSI
932239CNY060.CSI,交易所主要消费信用债(税),CSI,中证指数有限公司,债券指数,20161230,20231211,CSI
932240.CSI,交易所医药卫生信用债,CSI,中证指数有限公司,债券指数,20161230,20231211,CSI
932240CNY040.CSI,交易所医药卫生信用债(净),CSI,中证指数有限公司,债券指数,20161230,20231211,CSI
932240CNY050.CSI,交易所医药卫生信用债(利),CSI,中证指数有限公司,债券指数,20161230,20231211,CSI
932240CNY060.CSI,交易所医药卫生信用债(税),CSI,中证指数有限公司,债券指数,20161230,20231211,CSI
932241.CSI,交易所信息技术信用债,CSI,中证指数有限公司,债券指数,20161230,20231211,CSI
932241CNY040.CSI,交易所信息技术信用债(净),CSI,中证指数有限公司,债券指数,20161230,20231211,CSI
932241CNY050.CSI,交易所信息技术信用债(利),CSI,中证指数有限公司,债券指数,20161230,20231211,CSI
932241CNY060.CSI,交易所信息技术信用债(税),CSI,中证指数有限公司,债券指数,20161230,20231211,CSI
932242.CSI,交易所通信服务信用债,CSI,中证指数有限公司,债券指数,20161230,20231211,CSI
932242CNY040.CSI,交易所通信服务信用债(净),CSI,中证指数有限公司,债券指数,20161230,20231211,CSI
932242CNY050.CSI,交易所通信服务信用债(利),CSI,中证指数有限公司,债券指数,20161230,20231211,CSI
932242CNY060.CSI,交易所通信服务信用债(税),CSI,中证指数有限公司,债券指数,20161230,20231211,CSI
932243.CSI,交易所公用事业信用债,CSI,中证指数有限公司,债券指数,20161230,20231211,CSI
932243CNY040.CSI,交易所公用事业信用债(净),CSI,中证指数有限公司,债券指数,20161230,20231211,CSI
932243CNY050.CSI,交易所公用事业信用债(利),CSI,中证指数有限公司,债券指数,20161230,20231211,CSI
932243CNY060.CSI,交易所公用事业信用债(税),CSI,中证指数有限公司,债券指数,20161230,20231211,CSI
932244.CSI,交易所房地产信用债,CSI,中证指数有限公司,债券指数,20161230,20231211,CSI
932244CNY040.CSI,交易所房地产信用债(净),CSI,中证指数有限公司,债券指数,20161230,20231211,CSI
932244CNY050.CSI,交易所房地产信用债(利),CSI,中证指数有限公司,债券指数,20161230,20231211,CSI
932244CNY060.CSI,交易所房地产信用债(税),CSI,中证指数有限公司,债券指数,20161230,20231211,CSI
932245.CSI,沪深港生物科技主题,CSI,中证指数有限公司,主题指数,20181228,20250117,CSI
932245CNY100.CSI,沪深港生物科技主题CNYCPR,CSI,中证指数有限公司,主题指数,20181228,20250117,CSI
932245CNY110.CSI,沪深港生物科技主题CNYCPR(全),CSI,中证指数有限公司,主题指数,20181228,20250117,CSI
932245CNY200.CSI,沪深港生物科技主题CNY,CSI,中证指数有限公司,主题指数,20181228,20250117,CSI
932245CNY210.CSI,沪深港生物科技主题(全)CNY,CSI,中证指数有限公司,主题指数,20181228,20250117,CSI
932245HKD210.CSI,沪深港生物科技主题(全),CSI,中证指数有限公司,主题指数,20181228,20250117,CSI
932246.CSI,储能电池,CSI,中证指数有限公司,主题指数,20141231,20220708,CSI
932246CNY010.CSI,储能电池全收益,CSI,中证指数有限公司,主题指数,20141231,20220708,CSI
932247.CSI,AAA绿债,CSI,中证指数有限公司,债券指数,20161230,20240628,CSI
932247CNY040.CSI,AAA绿债(净),CSI,中证指数有限公司,债券指数,20161230,20240628,CSI
932247CNY050.CSI,AAA绿债(利),CSI,中证指数有限公司,债券指数,20161230,20240628,CSI
932247CNY060.CSI,AAA绿债(税),CSI,中证指数有限公司,债券指数,20161230,20240628,CSI
932248.CSI,高等级绿债,CSI,中证指数有限公司,债券指数,20161230,20240628,CSI
932248CNY040.CSI,高等级绿债(净),CSI,中证指数有限公司,债券指数,20161230,20240628,CSI
932248CNY050.CSI,高等级绿债(利),CSI,中证指数有限公司,债券指数,20161230,20240628,CSI
932248CNY060.CSI,高等级绿债(税),CSI,中证指数有限公司,债券指数,20161230,20240628,CSI
932250.CSI,北银理财央企应收账款ABS,CSI,中证指数有限公司,债券指数,20171229,20240426,CSI
932250CNY040.CSI,北银理财央企应收账款ABS(净),CSI,中证指数有限公司,债券指数,20171229,20240426,CSI
932250CNY050.CSI,北银理财央企应收账款ABS(利),CSI,中证指数有限公司,债券指数,20171229,20240426,CSI
932250CNY060.CSI,北银理财央企应收账款ABS(税),CSI,中证指数有限公司,债券指数,20171229,20240426,CSI
932251.CSI,智选价值领先50,CSI,中证指数有限公司,策略指数,20141231,20250731,CSI
932251CNY010.CSI,智选价值领先50全收益,CSI,中证指数有限公司,策略指数,20141231,20250731,CSI
932251CNY020.CSI,智选价值领先50净收益,CSI,中证指数有限公司,策略指数,20141231,20250731,CSI
932253.CSI,港股通生物科技,CSI,中证指数有限公司,主题指数,20181228,20240606,CSI
932253CNY100.CSI,港股通生物科技人民币中间价,CSI,中证指数有限公司,主题指数,20181228,20240606,CSI
932253CNY110.CSI,港股通生物科技人民币中间价(全),CSI,中证指数有限公司,主题指数,20181228,20240606,CSI
932253CNY200.CSI,港股通生物科技CNY,CSI,中证指数有限公司,主题指数,20181228,20240606,CSI
932253CNY210.CSI,港股通生物科技(全)CNY,CSI,中证指数有限公司,主题指数,20181228,20240606,CSI
932253HKD210.CSI,港股通生物科技(全),CSI,中证指数有限公司,主题指数,20181228,20240606,CSI
932254.CSI,质量红利50,CSI,中证指数有限公司,策略指数,20161230,20240401,CSI
932254CNY010.CSI,质量红利50全收益,CSI,中证指数有限公司,策略指数,20161230,20240401,CSI
932254CNY020.CSI,质量红利50净收益,CSI,中证指数有限公司,策略指数,20161230,20240401,CSI
932255.CSI,A500红利增长,CSI,中证指数有限公司,策略指数,20131231,20250409,CSI
932255CNY010.CSI,A500红利增长全收益,CSI,中证指数有限公司,策略指数,20131231,20250409,CSI
932255CNY020.CSI,A500红利增长净收益,CSI,中证指数有限公司,策略指数,20131231,20250409,CSI
932256.CSI,工业金属50,CSI,中证指数有限公司,主题指数,20141231,20240112,CSI
932256CNY010.CSI,工业金属50全收益,CSI,中证指数有限公司,主题指数,20141231,20240112,CSI
932257.CSI,国新央企小盘,CSI,中证指数有限公司,主题指数,20161230,20240329,CSI
932257CNY010.CSI,国新央企小盘全收益,CSI,中证指数有限公司,主题指数,20161230,20240329,CSI
932257CNY020.CSI,国新央企小盘净收益,CSI,中证指数有限公司,主题指数,20161230,20240329,CSI
932258.CSI,亚洲新兴市场科技USD,CSI,中证指数有限公司,主题指数,20121231,20240102,CSI
932259.CSI,智选1000质量均衡,CSI,中证指数有限公司,策略指数,20141231,20241210,CSI
932259CNY010.CSI,智选1000质量均衡全收益,CSI,中证指数有限公司,策略指数,20141231,20241210,CSI
932259CNY020.CSI,智选1000质量均衡净收益,CSI,中证指数有限公司,策略指数,20141231,20241210,CSI
932260.CSI,港股生物科技,CSI,中证指数有限公司,主题指数,20181228,20240606,CSI
932260CNY100.CSI,港股生物科技人民币中间价,CSI,中证指数有限公司,主题指数,20181228,20240606,CSI
932260CNY110.CSI,港股生物科技人民币中间价(全),CSI,中证指数有限公司,主题指数,20181228,20240606,CSI
932260CNY200.CSI,港股生物科技CNY,CSI,中证指数有限公司,主题指数,20181228,20240606,CSI
932260CNY210.CSI,港股生物科技(全)CNY,CSI,中证指数有限公司,主题指数,20181228,20240606,CSI
932260HKD210.CSI,港股生物科技(全),CSI,中证指数有限公司,主题指数,20181228,20240606,CSI
932262.CSI,中信银行生物多样性信用债,CSI,中证指数有限公司,债券指数,20201231,20240920,CSI
932262CNY040.CSI,中信银行生物多样性信用债(净),CSI,中证指数有限公司,债券指数,20201231,20240920,CSI
932262CNY050.CSI,中信银行生物多样性信用债(利),CSI,中证指数有限公司,债券指数,20201231,20240920,CSI
932262CNY060.CSI,中信银行生物多样性信用债(税),CSI,中证指数有限公司,债券指数,20201231,20240920,CSI
932263.CSI,苏州园区,CSI,中证指数有限公司,主题指数,20181231,20240318,CSI
932263CNY210.CSI,苏州园区(全),CSI,中证指数有限公司,主题指数,20181231,20240318,CSI
932263CNY220.CSI,苏州园区(净),CSI,中证指数有限公司,主题指数,20181231,20240318,CSI
932265.CSI,黄金股票,CSI,中证指数有限公司,主题指数,20141231,20240112,CSI
932265CNY010.CSI,黄金股票全收益,CSI,中证指数有限公司,主题指数,20141231,20240112,CSI
932265CNY020.CSI,黄金股票净收益,CSI,中证指数有限公司,主题指数,20141231,20240112,CSI
932266.CSI,国企战略新兴,CSI,中证指数有限公司,主题指数,20161230,20240702,CSI
932266CNY010.CSI,国企战略新兴全收益,CSI,中证指数有限公司,主题指数,20161230,20240702,CSI
932268.CSI,港股通电力设备,CSI,中证指数有限公司,行业指数,20211231,20240308,CSI
932268CNY100.CSI,港股通电力设备人民币中间价,CSI,中证指数有限公司,行业指数,20211231,20240308,CSI
932268CNY110.CSI,港股通电力设备人民币中间价(全),CSI,中证指数有限公司,行业指数,20211231,20240308,CSI
932268CNY200.CSI,港股通电力设备CNY,CSI,中证指数有限公司,行业指数,20211231,20240308,CSI
932268CNY210.CSI,港股通电力设备(全)CNY,CSI,中证指数有限公司,行业指数,20211231,20240308,CSI
932268HKD210.CSI,港股通电力设备(全),CSI,中证指数有限公司,行业指数,20211231,20240308,CSI
932269.CSI,港股通汽车汽配,CSI,中证指数有限公司,行业指数,20211231,20240308,CSI
932269CNY100.CSI,港股通汽车汽配人民币中间价,CSI,中证指数有限公司,行业指数,20211231,20240308,CSI
932269CNY110.CSI,港股通汽车汽配人民币中间价(全),CSI,中证指数有限公司,行业指数,20211231,20240308,CSI
932269CNY200.CSI,港股通汽车汽配CNY,CSI,中证指数有限公司,行业指数,20211231,20240308,CSI
932269CNY210.CSI,港股通汽车汽配(全)CNY,CSI,中证指数有限公司,行业指数,20211231,20240308,CSI
932269HKD210.CSI,港股通汽车汽配(全),CSI,中证指数有限公司,行业指数,20211231,20240308,CSI
932270.CSI,港股通零售业,CSI,中证指数有限公司,行业指数,20211231,20240308,CSI
932270CNY100.CSI,港股通零售业人民币中间价,CSI,中证指数有限公司,行业指数,20211231,20240308,CSI
932270CNY110.CSI,港股通零售业人民币中间价(全),CSI,中证指数有限公司,行业指数,20211231,20240308,CSI
932270CNY200.CSI,港股通零售业CNY,CSI,中证指数有限公司,行业指数,20211231,20240308,CSI
932270CNY210.CSI,港股通零售业(全)CNY,CSI,中证指数有限公司,行业指数,20211231,20240308,CSI
932270HKD210.CSI,港股通零售业(全),CSI,中证指数有限公司,行业指数,20211231,20240308,CSI
932271.CSI,港股通医疗,CSI,中证指数有限公司,行业指数,20211231,20240308,CSI
932271CNY100.CSI,港股通医疗人民币中间价,CSI,中证指数有限公司,行业指数,20211231,20240308,CSI
932271CNY110.CSI,港股通医疗人民币中间价(全),CSI,中证指数有限公司,行业指数,20211231,20240308,CSI
932271CNY200.CSI,港股通医疗CNY,CSI,中证指数有限公司,行业指数,20211231,20240308,CSI
932271CNY210.CSI,港股通医疗(全)CNY,CSI,中证指数有限公司,行业指数,20211231,20240308,CSI
932271HKD210.CSI,港股通医疗(全),CSI,中证指数有限公司,行业指数,20211231,20240308,CSI
932272.CSI,港股通计算机,CSI,中证指数有限公司,行业指数,20211231,20240308,CSI
932272CNY100.CSI,港股通计算机人民币中间价,CSI,中证指数有限公司,行业指数,20211231,20240308,CSI
932272CNY110.CSI,港股通计算机人民币中间价(全),CSI,中证指数有限公司,行业指数,20211231,20240308,CSI
932272CNY200.CSI,港股通计算机CNY,CSI,中证指数有限公司,行业指数,20211231,20240308,CSI
932272CNY210.CSI,港股通计算机(全)CNY,CSI,中证指数有限公司,行业指数,20211231,20240308,CSI
932272HKD210.CSI,港股通计算机(全),CSI,中证指数有限公司,行业指数,20211231,20240308,CSI
932273.CSI,港股通医疗器械,CSI,中证指数有限公司,行业指数,20211231,20240308,CSI
932273CNY100.CSI,港股通医疗器械人民币中间价,CSI,中证指数有限公司,行业指数,20211231,20240308,CSI
932273CNY110.CSI,港股通医疗器械人民币中间价(全),CSI,中证指数有限公司,行业指数,20211231,20240308,CSI
932273CNY200.CSI,港股通医疗器械CNY,CSI,中证指数有限公司,行业指数,20211231,20240308,CSI
932273CNY210.CSI,港股通医疗器械(全)CNY,CSI,中证指数有限公司,行业指数,20211231,20240308,CSI
932273HKD210.CSI,港股通医疗器械(全),CSI,中证指数有限公司,行业指数,20211231,20240308,CSI
932274.CSI,港股通生物药品,CSI,中证指数有限公司,行业指数,20211231,20240308,CSI
932274CNY100.CSI,港股通生物药品人民币中间价,CSI,中证指数有限公司,行业指数,20211231,20240308,CSI
932274CNY110.CSI,港股通生物药品人民币中间价(全),CSI,中证指数有限公司,行业指数,20211231,20240308,CSI
932274CNY200.CSI,港股通生物药品CNY,CSI,中证指数有限公司,行业指数,20211231,20240308,CSI
932274CNY210.CSI,港股通生物药品(全)CNY,CSI,中证指数有限公司,行业指数,20211231,20240308,CSI
932274HKD210.CSI,港股通生物药品(全),CSI,中证指数有限公司,行业指数,20211231,20240308,CSI
932275.CSI,港股通信息服务,CSI,中证指数有限公司,行业指数,20211231,20240308,CSI
932275CNY100.CSI,港股通信息服务人民币中间价,CSI,中证指数有限公司,行业指数,20211231,20240308,CSI
932275CNY110.CSI,港股通信息服务人民币中间价(全),CSI,中证指数有限公司,行业指数,20211231,20240308,CSI
932275CNY200.CSI,港股通信息服务CNY,CSI,中证指数有限公司,行业指数,20211231,20240308,CSI
932275CNY210.CSI,港股通信息服务(全)CNY,CSI,中证指数有限公司,行业指数,20211231,20240308,CSI
932275HKD210.CSI,港股通信息服务(全),CSI,中证指数有限公司,行业指数,20211231,20240308,CSI
932276.CSI,H300医药,CSI,中证指数有限公司,行业指数,20041231,20240308,CSI
932276CNY200.CSI,H300医药CNY,CSI,中证指数有限公司,行业指数,20041231,20240308,CSI
932276CNY210.CSI,H300医药(全)CNY,CSI,中证指数有限公司,行业指数,20041231,20240308,CSI
932276HKD210.CSI,H300医药(全),CSI,中证指数有限公司,行业指数,20041231,20240308,CSI
932277.CSI,H300汽车汽配,CSI,中证指数有限公司,行业指数,20211231,20240308,CSI
932277CNY100.CSI,H300汽车汽配人民币中间价,CSI,中证指数有限公司,行业指数,20211231,20240308,CSI
932277CNY110.CSI,H300汽车汽配人民币中间价(全),CSI,中证指数有限公司,行业指数,20211231,20240308,CSI
932277CNY200.CSI,H300汽车汽配CNY,CSI,中证指数有限公司,行业指数,20211231,20240308,CSI
932277CNY210.CSI,H300汽车汽配(全)CNY,CSI,中证指数有限公司,行业指数,20211231,20240308,CSI
932277HKD210.CSI,H300汽车汽配(全),CSI,中证指数有限公司,行业指数,20211231,20240308,CSI
932278.CSI,H300计算机,CSI,中证指数有限公司,行业指数,20211231,20240308,CSI
932278CNY100.CSI,H300计算机人民币中间价,CSI,中证指数有限公司,行业指数,20211231,20240308,CSI
932278CNY110.CSI,H300计算机人民币中间价(全),CSI,中证指数有限公司,行业指数,20211231,20240308,CSI
932278CNY200.CSI,H300计算机CNY,CSI,中证指数有限公司,行业指数,20211231,20240308,CSI
932278CNY210.CSI,H300计算机(全)CNY,CSI,中证指数有限公司,行业指数,20211231,20240308,CSI
932278HKD210.CSI,H300计算机(全),CSI,中证指数有限公司,行业指数,20211231,20240308,CSI
932279.CSI,H300电子,CSI,中证指数有限公司,行业指数,20211231,20240308,CSI
932279CNY100.CSI,H300电子人民币中间价,CSI,中证指数有限公司,行业指数,20211231,20240308,CSI
932279CNY110.CSI,H300电子人民币中间价(全),CSI,中证指数有限公司,行业指数,20211231,20240308,CSI
932279CNY200.CSI,H300电子CNY,CSI,中证指数有限公司,行业指数,20211231,20240308,CSI
932279CNY210.CSI,H300电子(全)CNY,CSI,中证指数有限公司,行业指数,20211231,20240308,CSI
932279HKD210.CSI,H300电子(全),CSI,中证指数有限公司,行业指数,20211231,20240308,CSI
932280.CSI,H300医疗商业,CSI,中证指数有限公司,行业指数,20211231,20240308,CSI
932280CNY100.CSI,H300医疗商业人民币中间价,CSI,中证指数有限公司,行业指数,20211231,20240308,CSI
932280CNY110.CSI,H300医疗商业人民币中间价(全),CSI,中证指数有限公司,行业指数,20211231,20240308,CSI
932280CNY200.CSI,H300医疗商业CNY,CSI,中证指数有限公司,行业指数,20211231,20240308,CSI
932280CNY210.CSI,H300医疗商业(全)CNY,CSI,中证指数有限公司,行业指数,20211231,20240308,CSI
932280HKD210.CSI,H300医疗商业(全),CSI,中证指数有限公司,行业指数,20211231,20240308,CSI
932281.CSI,H300生物药品,CSI,中证指数有限公司,行业指数,20211231,20240308,CSI
932281CNY100.CSI,H300生物药品人民币中间价,CSI,中证指数有限公司,行业指数,20211231,20240308,CSI
932281CNY110.CSI,H300生物药品人民币中间价(全),CSI,中证指数有限公司,行业指数,20211231,20240308,CSI
932281CNY200.CSI,H300生物药品CNY,CSI,中证指数有限公司,行业指数,20211231,20240308,CSI
932281CNY210.CSI,H300生物药品(全)CNY,CSI,中证指数有限公司,行业指数,20211231,20240308,CSI
932281HKD210.CSI,H300生物药品(全),CSI,中证指数有限公司,行业指数,20211231,20240308,CSI
932282.CSI,投资级公司信用债,CSI,中证指数有限公司,债券指数,20171229,20240408,CSI
932282CNY040.CSI,投资级公司信用债(净),CSI,中证指数有限公司,债券指数,20171229,20240408,CSI
932282CNY050.CSI,投资级公司信用债(利),CSI,中证指数有限公司,债券指数,20171229,20240408,CSI
932282CNY060.CSI,投资级公司信用债(税),CSI,中证指数有限公司,债券指数,20171229,20240408,CSI
932283.CSI,投资级公司AAA信用债,CSI,中证指数有限公司,债券指数,20171229,20240408,CSI
932283CNY040.CSI,投资级公司AAA信用债(净),CSI,中证指数有限公司,债券指数,20171229,20240408,CSI
932283CNY050.CSI,投资级公司AAA信用债(利),CSI,中证指数有限公司,债券指数,20171229,20240408,CSI
932283CNY060.CSI,投资级公司AAA信用债(税),CSI,中证指数有限公司,债券指数,20171229,20240408,CSI
932284.CSI,短期投资级公司AAA信用债,CSI,中证指数有限公司,债券指数,20171229,20240408,CSI
932284CNY040.CSI,短期投资级公司AAA信用债(净),CSI,中证指数有限公司,债券指数,20171229,20240408,CSI
932284CNY050.CSI,短期投资级公司AAA信用债(利),CSI,中证指数有限公司,债券指数,20171229,20240408,CSI
932284CNY060.CSI,短期投资级公司AAA信用债(税),CSI,中证指数有限公司,债券指数,20171229,20240408,CSI
932285.CSI,0-3投资级公司AAA信用债,CSI,中证指数有限公司,债券指数,20171229,20240408,CSI
932285CNY040.CSI,0-3投资级公司AAA信用债(净),CSI,中证指数有限公司,债券指数,20171229,20240408,CSI
932285CNY050.CSI,0-3投资级公司AAA信用债(利),CSI,中证指数有限公司,债券指数,20171229,20240408,CSI
932285CNY060.CSI,0-3投资级公司AAA信用债(税),CSI,中证指数有限公司,债券指数,20171229,20240408,CSI
932286.CSI,0-5投资级公司AAA信用债,CSI,中证指数有限公司,债券指数,20171229,20240408,CSI
932286CNY040.CSI,0-5投资级公司AAA信用债(净),CSI,中证指数有限公司,债券指数,20171229,20240408,CSI
932286CNY050.CSI,0-5投资级公司AAA信用债(利),CSI,中证指数有限公司,债券指数,20171229,20240408,CSI
932286CNY060.CSI,0-5投资级公司AAA信用债(税),CSI,中证指数有限公司,债券指数,20171229,20240408,CSI
932287.CSI,投资级公司产业债,CSI,中证指数有限公司,债券指数,20171229,20240408,CSI
932287CNY040.CSI,投资级公司产业债(净),CSI,中证指数有限公司,债券指数,20171229,20240408,CSI
932287CNY050.CSI,投资级公司产业债(利),CSI,中证指数有限公司,债券指数,20171229,20240408,CSI
932287CNY060.CSI,投资级公司产业债(税),CSI,中证指数有限公司,债券指数,20171229,20240408,CSI
932288.CSI,投资级公司AAA产业债,CSI,中证指数有限公司,债券指数,20171229,20240408,CSI
932288CNY040.CSI,投资级公司AAA产业债(净),CSI,中证指数有限公司,债券指数,20171229,20240408,CSI
932288CNY050.CSI,投资级公司AAA产业债(利),CSI,中证指数有限公司,债券指数,20171229,20240408,CSI
932288CNY060.CSI,投资级公司AAA产业债(税),CSI,中证指数有限公司,债券指数,20171229,20240408,CSI
932289.CSI,短期投资级公司AAA产业债,CSI,中证指数有限公司,债券指数,20171229,20240408,CSI
932289CNY040.CSI,短期投资级公司AAA产业债(净),CSI,中证指数有限公司,债券指数,20171229,20240408,CSI
932289CNY050.CSI,短期投资级公司AAA产业债(利),CSI,中证指数有限公司,债券指数,20171229,20240408,CSI
932289CNY060.CSI,短期投资级公司AAA产业债(税),CSI,中证指数有限公司,债券指数,20171229,20240408,CSI
932290.CSI,0-3投资级公司AAA产业债,CSI,中证指数有限公司,债券指数,20171229,20240408,CSI
932290CNY040.CSI,0-3投资级公司AAA产业债(净),CSI,中证指数有限公司,债券指数,20171229,20240408,CSI
932290CNY050.CSI,0-3投资级公司AAA产业债(利),CSI,中证指数有限公司,债券指数,20171229,20240408,CSI
932290CNY060.CSI,0-3投资级公司AAA产业债(税),CSI,中证指数有限公司,债券指数,20171229,20240408,CSI
932291.CSI,0-5投资级公司AAA产业债,CSI,中证指数有限公司,债券指数,20171229,20240408,CSI
932291CNY040.CSI,0-5投资级公司AAA产业债(净),CSI,中证指数有限公司,债券指数,20171229,20240408,CSI
932291CNY050.CSI,0-5投资级公司AAA产业债(利),CSI,中证指数有限公司,债券指数,20171229,20240408,CSI
932291CNY060.CSI,0-5投资级公司AAA产业债(税),CSI,中证指数有限公司,债券指数,20171229,20240408,CSI
932292.CSI,太保主动偏股价值基金,CSI,中证指数有限公司,基金指数,20151231,20240524,CSI
932293.CSI,太保主动偏股均衡基金,CSI,中证指数有限公司,基金指数,20151231,20240524,CSI
932294.CSI,太保主动偏股成长基金,CSI,中证指数有限公司,基金指数,20151231,20240524,CSI
932295.CSI,太保主动偏股价值40分位,CSI,中证指数有限公司,基金指数,20151231,20240524,CSI
932296.CSI,太保主动偏股价值50分位,CSI,中证指数有限公司,基金指数,20151231,20240524,CSI
932297.CSI,太保主动偏股价值60分位,CSI,中证指数有限公司,基金指数,20151231,20240524,CSI
932298.CSI,太保主动偏股均衡40分位,CSI,中证指数有限公司,基金指数,20151231,20240524,CSI
932299.CSI,太保主动偏股均衡50分位,CSI,中证指数有限公司,基金指数,20151231,20240524,CSI
932300.CSI,太保主动偏股均衡60分位,CSI,中证指数有限公司,基金指数,20151231,20240524,CSI
932301.CSI,太保主动偏股成长40分位,CSI,中证指数有限公司,基金指数,20151231,20240524,CSI
932302.CSI,太保主动偏股成长50分位,CSI,中证指数有限公司,基金指数,20151231,20240524,CSI
932303.CSI,太保主动偏股成长60分位,CSI,中证指数有限公司,基金指数,20151231,20240524,CSI
932304.CSI,智选趋势成长50,CSI,中证指数有限公司,策略指数,20131231,20260805,CSI
932304CNY010.CSI,智选趋势成长50全收益,CSI,中证指数有限公司,策略指数,20131231,20260805,CSI
932304CNY020.CSI,智选趋势成长50净收益,CSI,中证指数有限公司,策略指数,20131231,20260805,CSI
932305.CSI,智选高股息,CSI,中证指数有限公司,策略指数,20051230,20240930,CSI
932305CNY010.CSI,智选高股息全收益,CSI,中证指数有限公司,策略指数,20051230,20240930,CSI
932305CNY020.CSI,智选高股息净收益,CSI,中证指数有限公司,策略指数,20051230,20240930,CSI
932306.CSI,战略新兴100,CSI,中证指数有限公司,主题指数,20101231,20240628,CSI
932306CNY010.CSI,战略新兴100全收益,CSI,中证指数有限公司,主题指数,20101231,20240628,CSI
932307.CSI,中国互联网人民币中间价,CSI,中证指数有限公司,主题指数,20131231,20241231,CSI
932308.CSI,红利200,CSI,中证指数有限公司,策略指数,20131231,20240628,CSI
932308CNY010.CSI,红利200全收益,CSI,中证指数有限公司,策略指数,20131231,20240628,CSI
932308CNY020.CSI,红利200净收益,CSI,中证指数有限公司,策略指数,20131231,20240628,CSI
932309.CSI,红利增长,CSI,中证指数有限公司,策略指数,20131231,20171211,CSI
932309CNY010.CSI,红利增长全收益,CSI,中证指数有限公司,策略指数,20131231,20171211,CSI
932309CNY020.CSI,红利增长净收益,CSI,中证指数有限公司,策略指数,20131231,20240527,CSI
932310.CSI,国债及政金债7-20,CSI,中证指数有限公司,债券指数,20071231,20240909,CSI
932310CNY030.CSI,国债及政金债7-20(全),CSI,中证指数有限公司,债券指数,20071231,20260626,CSI
932310CNY040.CSI,国债及政金债7-20(净),CSI,中证指数有限公司,债券指数,20071231,20240909,CSI
932310CNY050.CSI,国债及政金债7-20(利),CSI,中证指数有限公司,债券指数,20071231,20240909,CSI
932311.CSI,国债及政金债7-30,CSI,中证指数有限公司,债券指数,20071231,20240909,CSI
932311CNY030.CSI,国债及政金债7-30(全),CSI,中证指数有限公司,债券指数,20071231,20260626,CSI
932311CNY040.CSI,国债及政金债7-30(净),CSI,中证指数有限公司,债券指数,20071231,20240909,CSI
932311CNY050.CSI,国债及政金债7-30(利),CSI,中证指数有限公司,债券指数,20071231,20240909,CSI
932312.CSI,国债及政金债17-30,CSI,中证指数有限公司,债券指数,20071231,20240909,CSI
932312CNY030.CSI,国债及政金债17-30(全),CSI,中证指数有限公司,债券指数,20071231,20260626,CSI
932312CNY040.CSI,国债及政金债17-30(净),CSI,中证指数有限公司,债券指数,20071231,20240909,CSI
932312CNY050.CSI,国债及政金债17-30(利),CSI,中证指数有限公司,债券指数,20071231,20240909,CSI
932313.CSI,国债及政金债17-50,CSI,中证指数有限公司,债券指数,20071231,20240909,CSI
932313CNY030.CSI,国债及政金债17-50(全),CSI,中证指数有限公司,债券指数,20071231,20260626,CSI
932313CNY040.CSI,国债及政金债17-50(净),CSI,中证指数有限公司,债券指数,20071231,20240909,CSI
932313CNY050.CSI,国债及政金债17-50(利),CSI,中证指数有限公司,债券指数,20071231,20240909,CSI
932314.CSI,国债及政金债27-50,CSI,中证指数有限公司,债券指数,20071231,20240909,CSI
932314CNY030.CSI,国债及政金债27-50(全),CSI,中证指数有限公司,债券指数,20071231,20260626,CSI
932314CNY040.CSI,国债及政金债27-50(净),CSI,中证指数有限公司,债券指数,20071231,20240909,CSI
932314CNY050.CSI,国债及政金债27-50(利),CSI,中证指数有限公司,债券指数,20071231,20240909,CSI
932315.CSI,中证红利质量,CSI,中证指数有限公司,策略指数,20131231,20240708,CSI
932315CNY010.CSI,中证红利质量全收益,CSI,中证指数有限公司,策略指数,20131231,20240708,CSI
932315CNY020.CSI,中证红利质量净收益,CSI,中证指数有限公司,策略指数,20131231,20240708,CSI
932316.CSI,300红利质量,CSI,中证指数有限公司,策略指数,20131231,20240708,CSI
932316CNY010.CSI,300红利质量全收益,CSI,中证指数有限公司,策略指数,20131231,20240708,CSI
932316CNY020.CSI,300红利质量净收益,CSI,中证指数有限公司,策略指数,20131231,20240708,CSI
932317.CSI,500红利质量,CSI,中证指数有限公司,策略指数,20131231,20240708,CSI
932317CNY010.CSI,500红利质量全收益,CSI,中证指数有限公司,策略指数,20131231,20240708,CSI
932317CNY020.CSI,500红利质量净收益,CSI,中证指数有限公司,策略指数,20131231,20240708,CSI
932318.CSI,800红利质量,CSI,中证指数有限公司,策略指数,20131231,20240708,CSI
932318CNY010.CSI,800红利质量全收益,CSI,中证指数有限公司,策略指数,20131231,20240708,CSI
932318CNY020.CSI,800红利质量净收益,CSI,中证指数有限公司,策略指数,20131231,20240708,CSI
932319.CSI,1000红利质量,CSI,中证指数有限公司,策略指数,20131231,20240708,CSI
932319CNY010.CSI,1000红利质量全收益,CSI,中证指数有限公司,策略指数,20131231,20240708,CSI
932319CNY020.CSI,1000红利质量净收益,CSI,中证指数有限公司,策略指数,20131231,20240708,CSI
932320.CSI,港股国企50,CSI,中证指数有限公司,主题指数,20161230,20240711,CSI
932320CNY100.CSI,港股国企50CNYCPR,CSI,中证指数有限公司,主题指数,20161230,20240711,CSI
932320CNY110.CSI,港股国企50CNYCPR(全),CSI,中证指数有限公司,主题指数,20161230,20240711,CSI
932320CNY200.CSI,港股国企50CNY,CSI,中证指数有限公司,主题指数,20161230,20240711,CSI
932320CNY210.CSI,港股国企50(全)CNY,CSI,中证指数有限公司,主题指数,20161230,20240711,CSI
932320HKD210.CSI,港股国企50(全),CSI,中证指数有限公司,主题指数,20161230,20240711,CSI
932321.CSI,港股国企综指,CSI,中证指数有限公司,主题指数,20161230,20240730,CSI
932321CNY100.CSI,港股国企综指CNYCPR,CSI,中证指数有限公司,主题指数,20161230,20240730,CSI
932321CNY110.CSI,港股国企综指CNYCPR(全),CSI,中证指数有限公司,主题指数,20161230,20240730,CSI
932321CNY200.CSI,港股国企综指CNY,CSI,中证指数有限公司,主题指数,20161230,20240730,CSI
932321CNY210.CSI,港股国企综指(全)CNY,CSI,中证指数有限公司,主题指数,20161230,20240730,CSI
932321HKD210.CSI,港股国企综指(全),CSI,中证指数有限公司,主题指数,20161230,20240730,CSI
932322.CSI,港股内地民企50,CSI,中证指数有限公司,主题指数,20161230,20240711,CSI
932322CNY100.CSI,港股内地民企50CNYCPR,CSI,中证指数有限公司,主题指数,20161230,20240711,CSI
932322CNY110.CSI,港股内地民企50CNYCPR(全),CSI,中证指数有限公司,主题指数,20161230,20240711,CSI
932322CNY200.CSI,港股内地民企50CNY,CSI,中证指数有限公司,主题指数,20161230,20240711,CSI
932322CNY210.CSI,港股内地民企50(全)CNY,CSI,中证指数有限公司,主题指数,20161230,20240711,CSI
932322HKD210.CSI,港股内地民企50(全),CSI,中证指数有限公司,主题指数,20161230,20240711,CSI
932323.CSI,港股内地民企综指,CSI,中证指数有限公司,主题指数,20161230,20240730,CSI
932323CNY100.CSI,港股内地民企综指CNYCPR,CSI,中证指数有限公司,主题指数,20161230,20240730,CSI
932323CNY110.CSI,港股内地民企综指CNYCPR(全),CSI,中证指数有限公司,主题指数,20161230,20240730,CSI
932323CNY200.CSI,港股内地民企综指CNY,CSI,中证指数有限公司,主题指数,20161230,20240730,CSI
932323CNY210.CSI,港股内地民企综指(全)CNY,CSI,中证指数有限公司,主题指数,20161230,20240730,CSI
932323HKD210.CSI,港股内地民企综指(全),CSI,中证指数有限公司,主题指数,20161230,20240730,CSI
932324.CSI,港股通国企50,CSI,中证指数有限公司,主题指数,20161230,20240711,CSI
932324CNY100.CSI,港股通国企50CNYCPR,CSI,中证指数有限公司,主题指数,20161230,20240711,CSI
932324CNY110.CSI,港股通国企50CNYCPR(全),CSI,中证指数有限公司,主题指数,20161230,20240711,CSI
932324CNY200.CSI,港股通国企50CNY,CSI,中证指数有限公司,主题指数,20161230,20240711,CSI
932324CNY210.CSI,港股通国企50(全)CNY,CSI,中证指数有限公司,主题指数,20161230,20240711,CSI
932324HKD210.CSI,港股通国企50(全),CSI,中证指数有限公司,主题指数,20161230,20240711,CSI
932325.CSI,港股通国企综指,CSI,中证指数有限公司,主题指数,20161230,20240730,CSI
932325CNY100.CSI,港股通国企综指CNYCPR,CSI,中证指数有限公司,主题指数,20161230,20240730,CSI
932325CNY110.CSI,港股通国企综指CNYCPR(全),CSI,中证指数有限公司,主题指数,20161230,20240730,CSI
932325CNY200.CSI,港股通国企综指CNY,CSI,中证指数有限公司,主题指数,20161230,20240730,CSI
932325CNY210.CSI,港股通国企综指(全)CNY,CSI,中证指数有限公司,主题指数,20161230,20240730,CSI
932325HKD210.CSI,港股通国企综指(全),CSI,中证指数有限公司,主题指数,20161230,20240730,CSI
932326.CSI,港股通内地民企50,CSI,中证指数有限公司,主题指数,20161230,20240711,CSI
932326CNY100.CSI,港股通内地民企50CNYCPR,CSI,中证指数有限公司,主题指数,20161230,20240711,CSI
932326CNY110.CSI,港股通内地民企50CNYCPR(全),CSI,中证指数有限公司,主题指数,20161230,20240711,CSI
932326CNY200.CSI,港股通内地民企50CNY,CSI,中证指数有限公司,主题指数,20161230,20240711,CSI
932326CNY210.CSI,港股通内地民企50(全)CNY,CSI,中证指数有限公司,主题指数,20161230,20240711,CSI
932326HKD210.CSI,港股通内地民企50(全),CSI,中证指数有限公司,主题指数,20161230,20240711,CSI
932327.CSI,港股通内地民企综指,CSI,中证指数有限公司,主题指数,20161230,20240730,CSI
932327CNY100.CSI,港股通内地民企综指CNYCPR,CSI,中证指数有限公司,主题指数,20161230,20240730,CSI
932327CNY110.CSI,港股通内地民企综指CNYCPR(全),CSI,中证指数有限公司,主题指数,20161230,20240730,CSI
932327CNY200.CSI,港股通内地民企综指CNY,CSI,中证指数有限公司,主题指数,20161230,20240730,CSI
932327CNY210.CSI,港股通内地民企综指(全)CNY,CSI,中证指数有限公司,主题指数,20161230,20240730,CSI
932327HKD210.CSI,港股通内地民企综指(全),CSI,中证指数有限公司,主题指数,20161230,20240730,CSI
932328.CSI,港股通央企50,CSI,中证指数有限公司,主题指数,20161230,20240711,CSI
932328CNY100.CSI,港股通央企50CNYCPR,CSI,中证指数有限公司,主题指数,20161230,20240711,CSI
932328CNY110.CSI,港股通央企50CNYCPR(全),CSI,中证指数有限公司,主题指数,20161230,20240711,CSI
932328CNY200.CSI,港股通央企50CNY,CSI,中证指数有限公司,主题指数,20161230,20240711,CSI
932328CNY210.CSI,港股通央企50(全)CNY,CSI,中证指数有限公司,主题指数,20161230,20240711,CSI
932328HKD210.CSI,港股通央企50(全),CSI,中证指数有限公司,主题指数,20161230,20240711,CSI
932329.CSI,港股通央企综指,CSI,中证指数有限公司,主题指数,20161230,20240730,CSI
932329CNY100.CSI,港股通央企综指CNYCPR,CSI,中证指数有限公司,主题指数,20161230,20240730,CSI
932329CNY110.CSI,港股通央企综指CNYCPR(全),CSI,中证指数有限公司,主题指数,20161230,20240730,CSI
932329CNY200.CSI,港股通央企综指CNY,CSI,中证指数有限公司,主题指数,20161230,20240730,CSI
932329CNY210.CSI,港股通央企综指(全)CNY,CSI,中证指数有限公司,主题指数,20161230,20240730,CSI
932329HKD210.CSI,港股通央企综指(全),CSI,中证指数有限公司,主题指数,20161230,20240730,CSI
932330.CSI,港股央企50,CSI,中证指数有限公司,主题指数,20161230,20240711,CSI
932330CNY100.CSI,港股央企50CNYCPR,CSI,中证指数有限公司,主题指数,20161230,20240711,CSI
932330CNY110.CSI,港股央企50CNYCPR(全),CSI,中证指数有限公司,主题指数,20161230,20240711,CSI
932330CNY200.CSI,港股央企50CNY,CSI,中证指数有限公司,主题指数,20161230,20240711,CSI
932330CNY210.CSI,港股央企50(全)CNY,CSI,中证指数有限公司,主题指数,20161230,20240711,CSI
932330HKD210.CSI,港股央企50(全),CSI,中证指数有限公司,主题指数,20161230,20240711,CSI
932331.CSI,港股央企综指,CSI,中证指数有限公司,主题指数,20161230,20240730,CSI
932331CNY100.CSI,港股央企综指CNYCPR,CSI,中证指数有限公司,主题指数,20161230,20240730,CSI
932331CNY110.CSI,港股央企综指CNYCPR(全),CSI,中证指数有限公司,主题指数,20161230,20240730,CSI
932331CNY200.CSI,港股央企综指CNY,CSI,中证指数有限公司,主题指数,20161230,20240730,CSI
932331CNY210.CSI,港股央企综指(全)CNY,CSI,中证指数有限公司,主题指数,20161230,20240730,CSI
932331HKD210.CSI,港股央企综指(全),CSI,中证指数有限公司,主题指数,20161230,20240730,CSI
932332.CSI,中证地债,CSI,中证指数有限公司,债券指数,20131231,20250116,CSI
932332CNY040.CSI,中证地债(净),CSI,中证指数有限公司,债券指数,20131231,20250116,CSI
932332CNY050.CSI,中证地债(利),CSI,中证指数有限公司,债券指数,20131231,20250116,CSI
932333.CSI,一般地债,CSI,中证指数有限公司,债券指数,20151231,20250116,CSI
932333CNY040.CSI,一般地债(净),CSI,中证指数有限公司,债券指数,20151231,20250116,CSI
932333CNY050.CSI,一般地债(利),CSI,中证指数有限公司,债券指数,20151231,20250116,CSI
932334.CSI,专项地债,CSI,中证指数有限公司,债券指数,20151231,20250116,CSI
932334CNY040.CSI,专项地债(净),CSI,中证指数有限公司,债券指数,20151231,20250116,CSI
932334CNY050.CSI,专项地债(利),CSI,中证指数有限公司,债券指数,20151231,20250116,CSI
932335.CSI,香港红利净收益,CSI,中证指数有限公司,策略指数,20041231,20241212,CSI
932336.CSI,0-3高等级信用票息策略,CSI,中证指数有限公司,债券指数,20161230,20240812,CSI
932336CNY040.CSI,0-3高等级信用票息策略(净),CSI,中证指数有限公司,债券指数,20161230,20240812,CSI
932336CNY050.CSI,0-3高等级信用票息策略(利),CSI,中证指数有限公司,债券指数,20161230,20240812,CSI
932336CNY060.CSI,0-3高等级信用票息策略(税),CSI,中证指数有限公司,债券指数,20161230,20240812,CSI
932337.CSI,0-3中高信用票息策略,CSI,中证指数有限公司,债券指数,20161230,20240812,CSI
932337CNY040.CSI,0-3中高信用票息策略(净),CSI,中证指数有限公司,债券指数,20161230,20240812,CSI
932337CNY050.CSI,0-3中高信用票息策略(利),CSI,中证指数有限公司,债券指数,20161230,20240812,CSI
932337CNY060.CSI,0-3中高信用票息策略(税),CSI,中证指数有限公司,债券指数,20161230,20240812,CSI
932338.CSI,0-5高等级信用票息策略,CSI,中证指数有限公司,债券指数,20161230,20240812,CSI
932338CNY040.CSI,0-5高等级信用票息策略(净),CSI,中证指数有限公司,债券指数,20161230,20240812,CSI
932338CNY050.CSI,0-5高等级信用票息策略(利),CSI,中证指数有限公司,债券指数,20161230,20240812,CSI
932338CNY060.CSI,0-5高等级信用票息策略(税),CSI,中证指数有限公司,债券指数,20161230,20240812,CSI
932339.CSI,0-5中高信用票息策略,CSI,中证指数有限公司,债券指数,20161230,20240812,CSI
932339CNY040.CSI,0-5中高信用票息策略(净),CSI,中证指数有限公司,债券指数,20161230,20240812,CSI
932339CNY050.CSI,0-5中高信用票息策略(利),CSI,中证指数有限公司,债券指数,20161230,20240812,CSI
932339CNY060.CSI,0-5中高信用票息策略(税),CSI,中证指数有限公司,债券指数,20161230,20240812,CSI
932340.CSI,政金债0-5,CSI,中证指数有限公司,债券指数,20071231,20240902,CSI
932340CNY040.CSI,政金债0-5(净),CSI,中证指数有限公司,债券指数,20071231,20240902,CSI
932340CNY050.CSI,政金债0-5(利),CSI,中证指数有限公司,债券指数,20071231,20240902,CSI
932341.CSI,政金债3-7,CSI,中证指数有限公司,债券指数,20071231,20240902,CSI
932341CNY040.CSI,政金债3-7(净),CSI,中证指数有限公司,债券指数,20071231,20240902,CSI
932341CNY050.CSI,政金债3-7(利),CSI,中证指数有限公司,债券指数,20071231,20240902,CSI
932342.CSI,国开债0-5,CSI,中证指数有限公司,债券指数,20071231,20240902,CSI
932342CNY040.CSI,国开债0-5(净),CSI,中证指数有限公司,债券指数,20071231,20240902,CSI
932342CNY050.CSI,国开债0-5(利),CSI,中证指数有限公司,债券指数,20071231,20240902,CSI
932343.CSI,国开债3-7,CSI,中证指数有限公司,债券指数,20071231,20240902,CSI
932343CNY040.CSI,国开债3-7(净),CSI,中证指数有限公司,债券指数,20071231,20240902,CSI
932343CNY050.CSI,国开债3-7(利),CSI,中证指数有限公司,债券指数,20071231,20240902,CSI
932344.CSI,农发债0-5,CSI,中证指数有限公司,债券指数,20071231,20240902,CSI
932344CNY040.CSI,农发债0-5(净),CSI,中证指数有限公司,债券指数,20071231,20240902,CSI
932344CNY050.CSI,农发债0-5(利),CSI,中证指数有限公司,债券指数,20071231,20240902,CSI
932345.CSI,农发债3-7,CSI,中证指数有限公司,债券指数,20071231,20240902,CSI
932345CNY040.CSI,农发债3-7(净),CSI,中证指数有限公司,债券指数,20071231,20240902,CSI
932345CNY050.CSI,农发债3-7(利),CSI,中证指数有限公司,债券指数,20071231,20240902,CSI
932346.CSI,进出口债0-5,CSI,中证指数有限公司,债券指数,20071231,20240902,CSI
932346CNY040.CSI,进出口债0-5(净),CSI,中证指数有限公司,债券指数,20071231,20240902,CSI
932346CNY050.CSI,进出口债0-5(利),CSI,中证指数有限公司,债券指数,20071231,20240902,CSI
932347.CSI,进出口债3-7,CSI,中证指数有限公司,债券指数,20071231,20240902,CSI
932347CNY040.CSI,进出口债3-7(净),CSI,中证指数有限公司,债券指数,20071231,20240902,CSI
932347CNY050.CSI,进出口债3-7(利),CSI,中证指数有限公司,债券指数,20071231,20240902,CSI
932348.CSI,国债及政金债0-5,CSI,中证指数有限公司,债券指数,20071231,20240902,CSI
932348CNY030.CSI,国债及政金债0-5(全),CSI,中证指数有限公司,债券指数,20071231,20260626,CSI
932348CNY040.CSI,国债及政金债0-5(净),CSI,中证指数有限公司,债券指数,20071231,20240902,CSI
932348CNY050.CSI,国债及政金债0-5(利),CSI,中证指数有限公司,债券指数,20071231,20240902,CSI
932349.CSI,国债及政金债3-7,CSI,中证指数有限公司,债券指数,20071231,20240902,CSI
932349CNY030.CSI,国债及政金债3-7(全),CSI,中证指数有限公司,债券指数,20071231,20260626,CSI
932349CNY040.CSI,国债及政金债3-7(净),CSI,中证指数有限公司,债券指数,20071231,20240902,CSI
932349CNY050.CSI,国债及政金债3-7(利),CSI,中证指数有限公司,债券指数,20071231,20240902,CSI
932350.CSI,沪深300债券,CSI,中证指数有限公司,债券指数,20171229,20250116,CSI
932350CNY040.CSI,沪深300债券(净),CSI,中证指数有限公司,债券指数,20171229,20250116,CSI
932350CNY050.CSI,沪深300债券(利),CSI,中证指数有限公司,债券指数,20171229,20250116,CSI
932350CNY060.CSI,沪深300债券(税),CSI,中证指数有限公司,债券指数,20171229,20250116,CSI
932351.CSI,沪深300AAA债券,CSI,中证指数有限公司,债券指数,20171229,20250116,CSI
932351CNY040.CSI,沪深300AAA债券(净),CSI,中证指数有限公司,债券指数,20171229,20250116,CSI
932351CNY050.CSI,沪深300AAA债券(利),CSI,中证指数有限公司,债券指数,20171229,20250116,CSI
932351CNY060.CSI,沪深300AAA债券(税),CSI,中证指数有限公司,债券指数,20171229,20250116,CSI
932352.CSI,沪深300AAA0-3债券,CSI,中证指数有限公司,债券指数,20171229,20250116,CSI
932352CNY040.CSI,沪深300AAA0-3债券(净),CSI,中证指数有限公司,债券指数,20171229,20250116,CSI
932352CNY050.CSI,沪深300AAA0-3债券(利),CSI,中证指数有限公司,债券指数,20171229,20250116,CSI
932352CNY060.CSI,沪深300AAA0-3债券(税),CSI,中证指数有限公司,债券指数,20171229,20250116,CSI
932353.CSI,沪深300AAA0-5债券,CSI,中证指数有限公司,债券指数,20171229,20250116,CSI
932353CNY040.CSI,沪深300AAA0-5债券(净),CSI,中证指数有限公司,债券指数,20171229,20250116,CSI
932353CNY050.CSI,沪深300AAA0-5债券(利),CSI,中证指数有限公司,债券指数,20171229,20250116,CSI
932353CNY060.CSI,沪深300AAA0-5债券(税),CSI,中证指数有限公司,债券指数,20171229,20250116,CSI
932356.CSI,华泰证券资管ABS,CSI,中证指数有限公司,债券指数,20181228,20250606,CSI
932356CNY040.CSI,华泰证券资管ABS(净),CSI,中证指数有限公司,债券指数,20181228,20250606,CSI
932356CNY050.CSI,华泰证券资管ABS(利),CSI,中证指数有限公司,债券指数,20181228,20250606,CSI
932356CNY060.CSI,华泰证券资管ABS(税),CSI,中证指数有限公司,债券指数,20181228,20250606,CSI
932357.CSI,专精特新100,CSI,中证指数有限公司,主题指数,20181228,20250721,CSI
932357CNY010.CSI,专精特新100全收益,CSI,中证指数有限公司,主题指数,20181228,20250721,CSI
932358.CSI,SSH芯片产业,CSI,中证指数有限公司,主题指数,20151231,20250117,CSI
932358CNY100.CSI,SSH芯片产业人民币中间价,CSI,中证指数有限公司,主题指数,20151231,20250117,CSI
932358CNY110.CSI,SSH芯片产业人民币中间价(全),CSI,中证指数有限公司,主题指数,20151231,20250117,CSI
932358CNY200.CSI,SSH芯片产业CNY,CSI,中证指数有限公司,主题指数,20151231,20250117,CSI
932358CNY210.CSI,SSH芯片产业(全)CNY,CSI,中证指数有限公司,主题指数,20151231,20250117,CSI
932358HKD210.CSI,SSH芯片产业(全),CSI,中证指数有限公司,主题指数,20151231,20250117,CSI
932359.CSI,国新国企人工智能,CSI,中证指数有限公司,主题指数,20181228,20250121,CSI
932359CNY010.CSI,国新国企人工智能全收益,CSI,中证指数有限公司,主题指数,20181228,20250121,CSI
932360.CSI,产业竞争优势,CSI,中证指数有限公司,主题指数,20161230,20241107,CSI
932360CNY010.CSI,产业竞争优势全收益,CSI,中证指数有限公司,主题指数,20161230,20241107,CSI
932360CNY020.CSI,产业竞争优势净收益,CSI,中证指数有限公司,主题指数,20161230,20241107,CSI
932361.CSI,港股通回购,CSI,中证指数有限公司,策略指数,20181228,20250114,CSI
932361CNY100.CSI,港股通回购人民币中间价,CSI,中证指数有限公司,策略指数,20181228,20250114,CSI
932361CNY110.CSI,港股通回购人民币中间价(全),CSI,中证指数有限公司,策略指数,20181228,20250114,CSI
932361CNY200.CSI,港股通回购CNY,CSI,中证指数有限公司,策略指数,20181228,20250114,CSI
932361CNY210.CSI,港股通回购(全)CNY,CSI,中证指数有限公司,策略指数,20181228,20250114,CSI
932361HKD210.CSI,港股通回购(全),CSI,中证指数有限公司,策略指数,20181228,20250114,CSI
932362.CSI,香港回购,CSI,中证指数有限公司,策略指数,20181228,20250114,CSI
932362CNY100.CSI,香港回购人民币中间价,CSI,中证指数有限公司,策略指数,20181228,20250114,CSI
932362CNY110.CSI,香港回购人民币中间价(全),CSI,中证指数有限公司,策略指数,20181228,20250114,CSI
932362CNY200.CSI,香港回购CNY,CSI,中证指数有限公司,策略指数,20181228,20250114,CSI
932362CNY210.CSI,香港回购(全)CNY,CSI,中证指数有限公司,策略指数,20181228,20250114,CSI
932362HKD210.CSI,香港回购(全),CSI,中证指数有限公司,策略指数,20181228,20250114,CSI
932363.CSI,海通资管科技债,CSI,中证指数有限公司,债券指数,20201231,20250606,CSI
932363CNY040.CSI,海通资管科技债(净),CSI,中证指数有限公司,债券指数,20201231,20250606,CSI
932363CNY050.CSI,海通资管科技债(利),CSI,中证指数有限公司,债券指数,20201231,20250606,CSI
932363CNY060.CSI,海通资管科技债(税),CSI,中证指数有限公司,债券指数,20201231,20250606,CSI
932365.CSI,中证现金流,CSI,中证指数有限公司,策略指数,20131231,20241211,CSI
932365CNY010.CSI,中证现金流全收益,CSI,中证指数有限公司,策略指数,20131231,20241211,CSI
932365CNY020.CSI,中证现金流净收益,CSI,中证指数有限公司,策略指数,20131231,20241211,CSI
932366.CSI,300现金流,CSI,中证指数有限公司,策略指数,20131231,20241112,CSI
932366CNY010.CSI,300现金流全收益,CSI,中证指数有限公司,策略指数,20131231,20241112,CSI
932366CNY020.CSI,300现金流净收益,CSI,中证指数有限公司,策略指数,20131231,20241112,CSI
932367.CSI,500现金流,CSI,中证指数有限公司,策略指数,20131231,20241112,CSI
932367CNY010.CSI,500现金流全收益,CSI,中证指数有限公司,策略指数,20131231,20241112,CSI
932367CNY020.CSI,500现金流净收益,CSI,中证指数有限公司,策略指数,20131231,20241112,CSI
932368.CSI,800现金流,CSI,中证指数有限公司,策略指数,20131231,20241211,CSI
932368CNY010.CSI,800现金流全收益,CSI,中证指数有限公司,策略指数,20131231,20241211,CSI
932368CNY020.CSI,800现金流净收益,CSI,中证指数有限公司,策略指数,20131231,20241211,CSI
932369.CSI,1000现金流,CSI,中证指数有限公司,策略指数,20131231,20241112,CSI
932369CNY010.CSI,1000现金流全收益,CSI,中证指数有限公司,策略指数,20131231,20241112,CSI
932369CNY020.CSI,1000现金流净收益,CSI,中证指数有限公司,策略指数,20131231,20241112,CSI
932370.CSI,融资租赁ABS,CSI,中证指数有限公司,债券指数,20171229,20241120,CSI
932370CNY040.CSI,融资租赁ABS(净),CSI,中证指数有限公司,债券指数,20171229,20241120,CSI
932370CNY050.CSI,融资租赁ABS(利),CSI,中证指数有限公司,债券指数,20171229,20241120,CSI
932370CNY060.CSI,融资租赁ABS(税),CSI,中证指数有限公司,债券指数,20171229,20241120,CSI
932371.CSI,应收账款ABS,CSI,中证指数有限公司,债券指数,20171229,20241120,CSI
932371CNY040.CSI,应收账款ABS(净),CSI,中证指数有限公司,债券指数,20171229,20241120,CSI
932371CNY050.CSI,应收账款ABS(利),CSI,中证指数有限公司,债券指数,20171229,20241120,CSI
932371CNY060.CSI,应收账款ABS(税),CSI,中证指数有限公司,债券指数,20171229,20241120,CSI
932372.CSI,消费金融ABS,CSI,中证指数有限公司,债券指数,20171229,20241120,CSI
932372CNY040.CSI,消费金融ABS(净),CSI,中证指数有限公司,债券指数,20171229,20241120,CSI
932372CNY050.CSI,消费金融ABS(利),CSI,中证指数有限公司,债券指数,20171229,20241120,CSI
932372CNY060.CSI,消费金融ABS(税),CSI,中证指数有限公司,债券指数,20171229,20241120,CSI
932373.CSI,小微贷款ABS,CSI,中证指数有限公司,债券指数,20191231,20241120,CSI
932373CNY040.CSI,小微贷款ABS(净),CSI,中证指数有限公司,债券指数,20191231,20241120,CSI
932373CNY050.CSI,小微贷款ABS(利),CSI,中证指数有限公司,债券指数,20191231,20241120,CSI
932373CNY060.CSI,小微贷款ABS(税),CSI,中证指数有限公司,债券指数,20191231,20241120,CSI
932374.CSI,供应链金融ABS,CSI,中证指数有限公司,债券指数,20171229,20241120,CSI
932374CNY040.CSI,供应链金融ABS(净),CSI,中证指数有限公司,债券指数,20171229,20241120,CSI
932374CNY050.CSI,供应链金融ABS(利),CSI,中证指数有限公司,债券指数,20171229,20241120,CSI
932374CNY060.CSI,供应链金融ABS(税),CSI,中证指数有限公司,债券指数,20171229,20241120,CSI
932375.CSI,交易所央企债,CSI,中证指数有限公司,债券指数,20171229,20241120,CSI
932375CNY040.CSI,交易所央企债(净),CSI,中证指数有限公司,债券指数,20171229,20241120,CSI
932375CNY050.CSI,交易所央企债(利),CSI,中证指数有限公司,债券指数,20171229,20241120,CSI
932375CNY060.CSI,交易所央企债(税),CSI,中证指数有限公司,债券指数,20171229,20241120,CSI
932376.CSI,交易所短期央企债,CSI,中证指数有限公司,债券指数,20171229,20241120,CSI
932376CNY040.CSI,交易所短期央企债(净),CSI,中证指数有限公司,债券指数,20171229,20241120,CSI
932376CNY050.CSI,交易所短期央企债(利),CSI,中证指数有限公司,债券指数,20171229,20241120,CSI
932376CNY060.CSI,交易所短期央企债(税),CSI,中证指数有限公司,债券指数,20171229,20241120,CSI
932377.CSI,交易所0-3年央企债,CSI,中证指数有限公司,债券指数,20171229,20241120,CSI
932377CNY040.CSI,交易所0-3年央企债(净),CSI,中证指数有限公司,债券指数,20171229,20241120,CSI
932377CNY050.CSI,交易所0-3年央企债(利),CSI,中证指数有限公司,债券指数,20171229,20241120,CSI
932377CNY060.CSI,交易所0-3年央企债(税),CSI,中证指数有限公司,债券指数,20171229,20241120,CSI
932378.CSI,交易所0-5年央企债,CSI,中证指数有限公司,债券指数,20171229,20241120,CSI
932378CNY040.CSI,交易所0-5年央企债(净),CSI,中证指数有限公司,债券指数,20171229,20241120,CSI
932378CNY050.CSI,交易所0-5年央企债(利),CSI,中证指数有限公司,债券指数,20171229,20241120,CSI
932378CNY060.CSI,交易所0-5年央企债(税),CSI,中证指数有限公司,债券指数,20171229,20241120,CSI
932379.CSI,交易所3-7年央企债,CSI,中证指数有限公司,债券指数,20171229,20241120,CSI
932379CNY040.CSI,交易所3-7年央企债(净),CSI,中证指数有限公司,债券指数,20171229,20241120,CSI
932379CNY050.CSI,交易所3-7年央企债(利),CSI,中证指数有限公司,债券指数,20171229,20241120,CSI
932379CNY060.CSI,交易所3-7年央企债(税),CSI,中证指数有限公司,债券指数,20171229,20241120,CSI
932380.CSI,交易所5-10年央企债,CSI,中证指数有限公司,债券指数,20171229,20241120,CSI
932380CNY040.CSI,交易所5-10年央企债(净),CSI,中证指数有限公司,债券指数,20171229,20241120,CSI
932380CNY050.CSI,交易所5-10年央企债(利),CSI,中证指数有限公司,债券指数,20171229,20241120,CSI
932380CNY060.CSI,交易所5-10年央企债(税),CSI,中证指数有限公司,债券指数,20171229,20241120,CSI
932381.CSI,科创创业50等权,CSI,中证指数有限公司,策略指数,20191231,20250127,CSI
932381CNY010.CSI,科创创业50等权全收益,CSI,中证指数有限公司,策略指数,20191231,20250127,CSI
932381CNY020.CSI,科创创业50等权净收益,CSI,中证指数有限公司,策略指数,20191231,20250127,CSI
932382.CSI,1000等权,CSI,中证指数有限公司,策略指数,20131231,20250127,CSI
932382CNY010.CSI,1000等权全收益,CSI,中证指数有限公司,策略指数,20131231,20250127,CSI
932382CNY020.CSI,1000等权净收益,CSI,中证指数有限公司,策略指数,20131231,20250127,CSI
932383.CSI,沪深港算力,CSI,中证指数有限公司,主题指数,20181228,20250924,CSI
932383CNY210.CSI,沪深港算力(全),CSI,中证指数有限公司,主题指数,20181228,20250924,CSI
932383HKD200.CSI,沪深港算力HKD,CSI,中证指数有限公司,主题指数,20181228,20250924,CSI
932383HKD210.CSI,沪深港算力(全)HKD,CSI,中证指数有限公司,主题指数,20181228,20250924,CSI
932384.CSI,常州新能源,CSI,中证指数有限公司,主题指数,20181228,20241224,CSI
932384CNY110.CSI,常州新能源人民币中间价(全),CSI,中证指数有限公司,主题指数,20181228,20241224,CSI
932384CNY200.CSI,常州新能源CNY,CSI,中证指数有限公司,主题指数,20181228,20241224,CSI
932384CNY210.CSI,常州新能源(全)CNY,CSI,中证指数有限公司,主题指数,20181228,20241224,CSI
932384USD200.CSI,常州新能源USD,CSI,中证指数有限公司,主题指数,20181228,20241224,CSI
932384USD210.CSI,常州新能源(全)USD,CSI,中证指数有限公司,主题指数,20181228,20241224,CSI
932386.CSI,智选数字经济创新,CSI,中证指数有限公司,主题指数,20161230,20241122,CSI
932386CNY010.CSI,智选数字经济创新全收益,CSI,中证指数有限公司,主题指数,20161230,20241122,CSI
932387.CSI,沪深300交易所债券,CSI,中证指数有限公司,债券指数,20171229,20250116,CSI
932387CNY040.CSI,沪深300交易所债券(净),CSI,中证指数有限公司,债券指数,20171229,20250116,CSI
932387CNY050.CSI,沪深300交易所债券(利),CSI,中证指数有限公司,债券指数,20171229,20250116,CSI
932387CNY060.CSI,沪深300交易所债券(税),CSI,中证指数有限公司,债券指数,20171229,20250116,CSI
932388.CSI,沪深300交易所AAA债券,CSI,中证指数有限公司,债券指数,20171229,20250116,CSI
932388CNY040.CSI,沪深300交易所AAA债券(净),CSI,中证指数有限公司,债券指数,20171229,20250116,CSI
932388CNY050.CSI,沪深300交易所AAA债券(利),CSI,中证指数有限公司,债券指数,20171229,20250116,CSI
932388CNY060.CSI,沪深300交易所AAA债券(税),CSI,中证指数有限公司,债券指数,20171229,20250116,CSI
932389.CSI,沪深300交易所AAA0-3债券,CSI,中证指数有限公司,债券指数,20171229,20250116,CSI
932389CNY040.CSI,沪深300交易所AAA0-3债券(净),CSI,中证指数有限公司,债券指数,20171229,20250116,CSI
932389CNY050.CSI,沪深300交易所AAA0-3债券(利),CSI,中证指数有限公司,债券指数,20171229,20250116,CSI
932389CNY060.CSI,沪深300交易所AAA0-3债券(税),CSI,中证指数有限公司,债券指数,20171229,20250116,CSI
932390.CSI,沪深300交易所AAA0-5债券,CSI,中证指数有限公司,债券指数,20171229,20250116,CSI
932390CNY040.CSI,沪深300交易所AAA0-5债券(净),CSI,中证指数有限公司,债券指数,20171229,20250116,CSI
932390CNY050.CSI,沪深300交易所AAA0-5债券(利),CSI,中证指数有限公司,债券指数,20171229,20250116,CSI
932390CNY060.CSI,沪深300交易所AAA0-5债券(税),CSI,中证指数有限公司,债券指数,20171229,20250116,CSI
932391.CSI,科创创业生物医药,CSI,中证指数有限公司,主题指数,20191231,20250513,CSI
932391CNY010.CSI,科创创业生物医药全收益,CSI,中证指数有限公司,主题指数,20191231,20250513,CSI
932392.CSI,1000价值,CSI,中证指数有限公司,策略指数,20121231,20241210,CSI
932392CNY010.CSI,1000价值全收益,CSI,中证指数有限公司,策略指数,20121231,20241210,CSI
932392CNY020.CSI,1000价值净收益,CSI,中证指数有限公司,策略指数,20121231,20241210,CSI
932393.CSI,1000成长,CSI,中证指数有限公司,策略指数,20121231,20241210,CSI
932393CNY010.CSI,1000成长全收益,CSI,中证指数有限公司,策略指数,20121231,20241210,CSI
932393CNY020.CSI,1000成长净收益,CSI,中证指数有限公司,策略指数,20121231,20241210,CSI
932394.CSI,2000价值,CSI,中证指数有限公司,策略指数,20131231,20241210,CSI
932394CNY010.CSI,2000价值全收益,CSI,中证指数有限公司,策略指数,20131231,20241210,CSI
932394CNY020.CSI,2000价值净收益,CSI,中证指数有限公司,策略指数,20131231,20241210,CSI
932395.CSI,2000成长,CSI,中证指数有限公司,策略指数,20131231,20241210,CSI
932395CNY010.CSI,2000成长全收益,CSI,中证指数有限公司,策略指数,20131231,20241210,CSI
932395CNY020.CSI,2000成长净收益,CSI,中证指数有限公司,策略指数,20131231,20241210,CSI
932396.CSI,1000R价值,CSI,中证指数有限公司,风格指数,20121231,20250123,CSI
932396CNY010.CSI,1000R价值全收益,CSI,中证指数有限公司,风格指数,20121231,20250123,CSI
932396CNY020.CSI,1000R价值净收益,CSI,中证指数有限公司,风格指数,20121231,20250123,CSI
932397.CSI,1000R成长,CSI,中证指数有限公司,风格指数,20121231,20250123,CSI
932397CNY010.CSI,1000R成长全收益,CSI,中证指数有限公司,风格指数,20121231,20250123,CSI
932397CNY020.CSI,1000R成长净收益,CSI,中证指数有限公司,风格指数,20121231,20250123,CSI
932398.CSI,2000R价值,CSI,中证指数有限公司,风格指数,20131231,20250123,CSI
932398CNY010.CSI,2000R价值全收益,CSI,中证指数有限公司,风格指数,20131231,20250123,CSI
932398CNY020.CSI,2000R价值净收益,CSI,中证指数有限公司,风格指数,20131231,20250123,CSI
932399.CSI,2000R成长,CSI,中证指数有限公司,风格指数,20131231,20250123,CSI
932399CNY010.CSI,2000R成长全收益,CSI,中证指数有限公司,风格指数,20131231,20250123,CSI
932399CNY020.CSI,2000R成长净收益,CSI,中证指数有限公司,风格指数,20131231,20250123,CSI
932400.CSI,300P价值,CSI,中证指数有限公司,风格指数,20121231,20250124,CSI
932400CNY010.CSI,300P价值全收益,CSI,中证指数有限公司,风格指数,20121231,20250124,CSI
932400CNY020.CSI,300P价值净收益,CSI,中证指数有限公司,风格指数,20121231,20250124,CSI
932401.CSI,300P成长,CSI,中证指数有限公司,风格指数,20121231,20250124,CSI
932401CNY010.CSI,300P成长全收益,CSI,中证指数有限公司,风格指数,20121231,20250124,CSI
932401CNY020.CSI,300P成长净收益,CSI,中证指数有限公司,风格指数,20121231,20250124,CSI
932402.CSI,500P价值,CSI,中证指数有限公司,风格指数,20121231,20250124,CSI
932402CNY010.CSI,500P价值全收益,CSI,中证指数有限公司,风格指数,20121231,20250124,CSI
932402CNY020.CSI,500P价值净收益,CSI,中证指数有限公司,风格指数,20121231,20250124,CSI
932403.CSI,500P成长,CSI,中证指数有限公司,风格指数,20121231,20250124,CSI
932403CNY010.CSI,500P成长全收益,CSI,中证指数有限公司,风格指数,20121231,20250124,CSI
932403CNY020.CSI,500P成长净收益,CSI,中证指数有限公司,风格指数,20121231,20250124,CSI
932404.CSI,800P价值,CSI,中证指数有限公司,风格指数,20121231,20250124,CSI
932404CNY010.CSI,800P价值全收益,CSI,中证指数有限公司,风格指数,20121231,20250124,CSI
932404CNY020.CSI,800P价值净收益,CSI,中证指数有限公司,风格指数,20121231,20250124,CSI
932405.CSI,800P成长,CSI,中证指数有限公司,风格指数,20121231,20250124,CSI
932405CNY010.CSI,800P成长全收益,CSI,中证指数有限公司,风格指数,20121231,20250124,CSI
932405CNY020.CSI,800P成长净收益,CSI,中证指数有限公司,风格指数,20121231,20250124,CSI
932406.CSI,1000P价值,CSI,中证指数有限公司,风格指数,20121231,20250124,CSI
932406CNY010.CSI,1000P价值全收益,CSI,中证指数有限公司,风格指数,20121231,20250124,CSI
932406CNY020.CSI,1000P价值净收益,CSI,中证指数有限公司,风格指数,20121231,20250124,CSI
932407.CSI,1000P成长,CSI,中证指数有限公司,风格指数,20121231,20250124,CSI
932407CNY010.CSI,1000P成长全收益,CSI,中证指数有限公司,风格指数,20121231,20250124,CSI
932407CNY020.CSI,1000P成长净收益,CSI,中证指数有限公司,风格指数,20121231,20250124,CSI
932408.CSI,2000P价值,CSI,中证指数有限公司,风格指数,20131231,20250124,CSI
932408CNY010.CSI,2000P价值全收益,CSI,中证指数有限公司,风格指数,20131231,20250124,CSI
932408CNY020.CSI,2000P价值净收益,CSI,中证指数有限公司,风格指数,20131231,20250124,CSI
932409.CSI,2000P成长,CSI,中证指数有限公司,风格指数,20131231,20250124,CSI
932409CNY010.CSI,2000P成长全收益,CSI,中证指数有限公司,风格指数,20131231,20250124,CSI
932409CNY020.CSI,2000P成长净收益,CSI,中证指数有限公司,风格指数,20131231,20250124,CSI
932410.CSI,红利股债RP,CSI,中证指数有限公司,多资产指数,20170630,20241121,CSI
932411.CSI,红利股债10/90,CSI,中证指数有限公司,多资产指数,20170630,20241121,CSI
932412.CSI,红利股债20/80,CSI,中证指数有限公司,多资产指数,20170630,20241121,CSI
932413.CSI,红利股债30/70,CSI,中证指数有限公司,多资产指数,20170630,20241121,CSI
932414.CSI,红利股债稳健配置10%,CSI,中证指数有限公司,多资产指数,20170630,20241121,CSI
932415.CSI,红利股债稳健配置20%,CSI,中证指数有限公司,多资产指数,20170630,20241121,CSI
932416.CSI,红利股债稳健配置30%,CSI,中证指数有限公司,多资产指数,20170630,20241121,CSI
932417.CSI,SEEE绿色转型,CSI,中证指数有限公司,主题指数,20181228,20251013,CSI
932417CNY010.CSI,SEEE绿色转型全收益,CSI,中证指数有限公司,主题指数,20181228,20251013,CSI
932418.CSI,养老目标FOF,CSI,中证指数有限公司,基金指数,20191231,20250210,CSI
932419.CSI,国新国企航空航天,CSI,中证指数有限公司,主题指数,20181228,20250121,CSI
932419CNY010.CSI,国新国企航空航天全收益,CSI,中证指数有限公司,主题指数,20181228,20250121,CSI
932420.CSI,智选船舶产业,CSI,中证指数有限公司,主题指数,20191231,20250528,CSI
932420CNY010.CSI,智选船舶产业全收益,CSI,中证指数有限公司,主题指数,20191231,20250528,CSI
932420CNY020.CSI,智选船舶产业净收益,CSI,中证指数有限公司,主题指数,20191231,20250528,CSI
932421.CSI,民企ESG50,CSI,中证指数有限公司,主题指数,20170630,20250402,CSI
932421CNY010.CSI,民企ESG50全收益,CSI,中证指数有限公司,主题指数,20170630,20250402,CSI
932422.CSI,A500红利低波,CSI,中证指数有限公司,策略指数,20131231,20250409,CSI
932422CNY010.CSI,A500红利低波全收益,CSI,中证指数有限公司,策略指数,20131231,20250409,CSI
932422CNY020.CSI,A500红利低波净收益,CSI,中证指数有限公司,策略指数,20131231,20250409,CSI
932423.CSI,长三角数字经济,CSI,中证指数有限公司,主题指数,20161230,20250127,CSI
932423CNY010.CSI,长三角数字经济全收益,CSI,中证指数有限公司,主题指数,20161230,20250127,CSI
932424.CSI,化肥农药,CSI,中证指数有限公司,主题指数,20181228,20241230,CSI
932424CNY010.CSI,化肥农药全收益,CSI,中证指数有限公司,主题指数,20181228,20241230,CSI
932425.CSI,SSH汽车,CSI,中证指数有限公司,主题指数,20141231,20250121,CSI
932425CNY100.CSI,SSH汽车人民币中间价,CSI,中证指数有限公司,主题指数,20141231,20250121,CSI
932425CNY110.CSI,SSH汽车人民币中间价(全),CSI,中证指数有限公司,主题指数,20141231,20250121,CSI
932425CNY200.CSI,SSH汽车CNY,CSI,中证指数有限公司,主题指数,20141231,20250121,CSI
932425CNY210.CSI,SSH汽车(全)CNY,CSI,中证指数有限公司,主题指数,20141231,20250121,CSI
932425HKD210.CSI,SSH汽车(全),CSI,中证指数有限公司,主题指数,20141231,20250121,CSI
932426.CSI,中高民企债,CSI,中证指数有限公司,债券指数,20171229,20250210,CSI
932426CNY040.CSI,中高民企债(净),CSI,中证指数有限公司,债券指数,20171229,20250210,CSI
932426CNY050.CSI,中高民企债(利),CSI,中证指数有限公司,债券指数,20171229,20250210,CSI
932426CNY060.CSI,中高民企债(税),CSI,中证指数有限公司,债券指数,20171229,20250210,CSI
932427.CSI,短期中高民企债,CSI,中证指数有限公司,债券指数,20171229,20250210,CSI
932427CNY040.CSI,短期中高民企债(净),CSI,中证指数有限公司,债券指数,20171229,20250210,CSI
932427CNY050.CSI,短期中高民企债(利),CSI,中证指数有限公司,债券指数,20171229,20250210,CSI
932427CNY060.CSI,短期中高民企债(税),CSI,中证指数有限公司,债券指数,20171229,20250210,CSI
932428.CSI,0-3中高民企债,CSI,中证指数有限公司,债券指数,20171229,20250210,CSI
932428CNY040.CSI,0-3中高民企债(净),CSI,中证指数有限公司,债券指数,20171229,20250210,CSI
932428CNY050.CSI,0-3中高民企债(利),CSI,中证指数有限公司,债券指数,20171229,20250210,CSI
932428CNY060.CSI,0-3中高民企债(税),CSI,中证指数有限公司,债券指数,20171229,20250210,CSI
932429.CSI,0-5年中高民企债,CSI,中证指数有限公司,债券指数,20171229,20250210,CSI
932429CNY040.CSI,0-5年中高民企债(净),CSI,中证指数有限公司,债券指数,20171229,20250210,CSI
932429CNY050.CSI,0-5年中高民企债(利),CSI,中证指数有限公司,债券指数,20171229,20250210,CSI
932429CNY060.CSI,0-5年中高民企债(税),CSI,中证指数有限公司,债券指数,20171229,20250210,CSI
932430.CSI,中证质量,CSI,中证指数有限公司,策略指数,20101231,20250318,CSI
932430CNY010.CSI,中证质量全收益,CSI,中证指数有限公司,策略指数,20101231,20250318,CSI
932430CNY020.CSI,中证质量净收益,CSI,中证指数有限公司,策略指数,20101231,20250318,CSI
932431.CSI,300质量,CSI,中证指数有限公司,策略指数,20101231,20250318,CSI
932431CNY010.CSI,300质量全收益,CSI,中证指数有限公司,策略指数,20101231,20250318,CSI
932431CNY020.CSI,300质量净收益,CSI,中证指数有限公司,策略指数,20101231,20250318,CSI
932432.CSI,500质量,CSI,中证指数有限公司,策略指数,20101231,20250318,CSI
932432CNY010.CSI,500质量全收益,CSI,中证指数有限公司,策略指数,20101231,20250318,CSI
932432CNY020.CSI,500质量净收益,CSI,中证指数有限公司,策略指数,20101231,20250318,CSI
932433.CSI,800质量,CSI,中证指数有限公司,策略指数,20101231,20250318,CSI
932433CNY010.CSI,800质量全收益,CSI,中证指数有限公司,策略指数,20101231,20250318,CSI
932433CNY020.CSI,800质量净收益,CSI,中证指数有限公司,策略指数,20101231,20250318,CSI
932434.CSI,1000质量,CSI,中证指数有限公司,策略指数,20101231,20250318,CSI
932434CNY010.CSI,1000质量全收益,CSI,中证指数有限公司,策略指数,20101231,20250318,CSI
932434CNY020.CSI,1000质量净收益,CSI,中证指数有限公司,策略指数,20101231,20250318,CSI
932435.CSI,红利低波股债10/90,CSI,中证指数有限公司,多资产指数,20131231,20250117,CSI
932436.CSI,红利低波股债20/80,CSI,中证指数有限公司,多资产指数,20131231,20250117,CSI
932437.CSI,红利低波股债30/70,CSI,中证指数有限公司,多资产指数,20131231,20250117,CSI
932438.CSI,科创创业机器人,CSI,中证指数有限公司,主题指数,20191231,20250516,CSI
932438CNY010.CSI,科创创业机器人全收益,CSI,中证指数有限公司,主题指数,20191231,20250516,CSI
932439.CSI,科创创业转债,CSI,中证指数有限公司,债券指数,20191231,20260401,CSI
932439CNY040.CSI,科创创业转债(净),CSI,中证指数有限公司,债券指数,20191231,20260401,CSI
932439CNY050.CSI,科创创业转债(利),CSI,中证指数有限公司,债券指数,20191231,20260401,CSI
932439CNY060.CSI,科创创业转债(税),CSI,中证指数有限公司,债券指数,20191231,20260401,CSI
932440.CSI,上海现代产业,CSI,中证指数有限公司,主题指数,20181228,20250124,CSI
932440CNY010.CSI,上海现代产业全收益,CSI,中证指数有限公司,主题指数,20181228,20250124,CSI
932441.CSI,偏股价值基金,CSI,中证指数有限公司,基金指数,20151231,20250210,CSI
932442.CSI,偏股均衡基金,CSI,中证指数有限公司,基金指数,20151231,20250210,CSI
932443.CSI,偏股成长基金,CSI,中证指数有限公司,基金指数,20151231,20250210,CSI
932444.CSI,互联互通中国50HKD,CSI,中证指数有限公司,规模指数,20141231,20251111,CSI
932444HKD210.CSI,互联互通中国50(全)HKD,CSI,中证指数有限公司,规模指数,20141231,20251111,CSI
932446.CSI,七彩阳光普惠主题ABS,CSI,中证指数有限公司,债券指数,20181228,20250218,CSI
932446CNY040.CSI,七彩阳光普惠主题ABS(净),CSI,中证指数有限公司,债券指数,20181228,20250218,CSI
932446CNY050.CSI,七彩阳光普惠主题ABS(利),CSI,中证指数有限公司,债券指数,20181228,20250218,CSI
932446CNY060.CSI,七彩阳光普惠主题ABS(税),CSI,中证指数有限公司,债券指数,20181228,20250218,CSI
932447.CSI,中新亚洲100红利聚焦HKD,CSI,中证指数有限公司,多资产指数,20141231,20251112,CSI
932448.CSI,科创创业半导体,CSI,中证指数有限公司,主题指数,20191231,20250620,CSI
932448CNY010.CSI,科创创业半导体全收益,CSI,中证指数有限公司,主题指数,20191231,20250620,CSI
932450.CSI,香港现金流,CSI,中证指数有限公司,策略指数,20181228,20250228,CSI
932450CNY100.CSI,香港现金流人民币中间价,CSI,中证指数有限公司,策略指数,20181228,20250228,CSI
932450CNY110.CSI,香港现金流人民币中间价(全),CSI,中证指数有限公司,策略指数,20181228,20250228,CSI
932450CNY200.CSI,香港现金流CNY,CSI,中证指数有限公司,策略指数,20181228,20250228,CSI
932450CNY210.CSI,香港现金流(全)CNY,CSI,中证指数有限公司,策略指数,20181228,20250228,CSI
932450HKD210.CSI,香港现金流(全),CSI,中证指数有限公司,策略指数,20181228,20250228,CSI
932451.CSI,智选质量领先50,CSI,中证指数有限公司,策略指数,20141231,20250731,CSI
932451CNY010.CSI,智选质量领先50全收益,CSI,中证指数有限公司,策略指数,20141231,20250731,CSI
932451CNY020.CSI,智选质量领先50净收益,CSI,中证指数有限公司,策略指数,20141231,20250731,CSI
932452.CSI,CS西藏,CSI,中证指数有限公司,主题指数,20121231,20150826,CSI
932452CNY010.CSI,CS西藏全收益,CSI,中证指数有限公司,主题指数,20121231,20150826,CSI
932453.CSI,海通资管绿债,CSI,中证指数有限公司,债券指数,20201231,20250606,CSI
932453CNY040.CSI,海通资管绿债(净),CSI,中证指数有限公司,债券指数,20201231,20250606,CSI
932453CNY050.CSI,海通资管绿债(利),CSI,中证指数有限公司,债券指数,20201231,20250606,CSI
932453CNY060.CSI,海通资管绿债(税),CSI,中证指数有限公司,债券指数,20201231,20250606,CSI
932456.CSI,科创创业AI,CSI,中证指数有限公司,主题指数,20191231,20250514,CSI
932456CNY010.CSI,科创创业AI全收益,CSI,中证指数有限公司,主题指数,20191231,20250514,CSI
932457.CSI,港股通现金流,CSI,中证指数有限公司,策略指数,20181228,20250228,CSI
932457CNY100.CSI,港股通现金流人民币中间价,CSI,中证指数有限公司,策略指数,20181228,20250228,CSI
932457CNY110.CSI,港股通现金流人民币中间价(全),CSI,中证指数有限公司,策略指数,20181228,20250228,CSI
932457CNY200.CSI,港股通现金流CNY,CSI,中证指数有限公司,策略指数,20181228,20250228,CSI
932457CNY210.CSI,港股通现金流(全)CNY,CSI,中证指数有限公司,策略指数,20181228,20250228,CSI
932457HKD210.CSI,港股通现金流(全),CSI,中证指数有限公司,策略指数,20181228,20250228,CSI
932458.CSI,智选杭州创新50,CSI,中证指数有限公司,主题指数,20181228,20250923,CSI
932458CNY010.CSI,智选杭州创新50(全),CSI,中证指数有限公司,主题指数,20181228,20250923,CSI
932458HKD200.CSI,智选杭州创新50港元,CSI,中证指数有限公司,主题指数,20181228,20250923,CSI
932458HKD210.CSI,智选杭州创新50港元(全),CSI,中证指数有限公司,主题指数,20181228,20250923,CSI
932459.CSI,全球生物科技,CSI,中证指数有限公司,主题指数,20181228,20250924,CSI
932459CNY210.CSI,全球生物科技(全),CSI,中证指数有限公司,主题指数,20181228,20250924,CSI
932459HKD200.CSI,全球生物科技HKD,CSI,中证指数有限公司,主题指数,20181228,20250924,CSI
932459HKD210.CSI,全球生物科技(全)HKD,CSI,中证指数有限公司,主题指数,20181228,20250924,CSI
932459USD200.CSI,全球生物科技USD,CSI,中证指数有限公司,主题指数,20181228,20250924,CSI
932459USD210.CSI,全球生物科技(全)USD,CSI,中证指数有限公司,主题指数,20181228,20250924,CSI
932460.CSI,长三角科技领先,CSI,中证指数有限公司,主题指数,20181228,20250421,CSI
932460CNY010.CSI,长三角科技领先全收益,CSI,中证指数有限公司,主题指数,20181228,20250421,CSI
932461.CSI,科创创业新能源,CSI,中证指数有限公司,主题指数,20191231,20250513,CSI
932461CNY010.CSI,科创创业新能源全收益,CSI,中证指数有限公司,主题指数,20191231,20250513,CSI
932462.CSI,互联互通中国50USD,CSI,中证指数有限公司,规模指数,20141231,20251111,CSI
932462USD210.CSI,互联互通中国50(全)USD,CSI,中证指数有限公司,规模指数,20141231,20251111,CSI
932465.CSI,A500质量,CSI,中证指数有限公司,策略指数,20101231,20250418,CSI
932465CNY010.CSI,A500质量全收益,CSI,中证指数有限公司,策略指数,20101231,20250418,CSI
932465CNY020.CSI,A500质量净收益,CSI,中证指数有限公司,策略指数,20101231,20250418,CSI
932466.CSI,A500交易所股债5/95,CSI,中证指数有限公司,多资产指数,20131231,20250514,CSI
932467.CSI,A500交易所股债10/90,CSI,中证指数有限公司,多资产指数,20131231,20250514,CSI
932468.CSI,A500交易所股债15/85,CSI,中证指数有限公司,多资产指数,20131231,20250514,CSI
932469.CSI,A500交易所股债20/80,CSI,中证指数有限公司,多资产指数,20131231,20250514,CSI
932470.CSI,A500交易所股债30/70,CSI,中证指数有限公司,多资产指数,20131231,20250514,CSI
932471.CSI,现金流交易所股债5/95,CSI,中证指数有限公司,多资产指数,20131231,20250514,CSI
932472.CSI,现金流交易所股债10/90,CSI,中证指数有限公司,多资产指数,20131231,20250514,CSI
932473.CSI,现金流交易所股债15/85,CSI,中证指数有限公司,多资产指数,20131231,20250514,CSI
932474.CSI,现金流交易所股债20/80,CSI,中证指数有限公司,多资产指数,20131231,20250514,CSI
932475.CSI,现金流交易所股债30/70,CSI,中证指数有限公司,多资产指数,20131231,20250514,CSI
932476.CSI,A500红利质量,CSI,中证指数有限公司,策略指数,20131231,20250418,CSI
932476CNY010.CSI,A500红利质量全收益,CSI,中证指数有限公司,策略指数,20131231,20250418,CSI
932476CNY020.CSI,A500红利质量净收益,CSI,中证指数有限公司,策略指数,20131231,20250418,CSI
932477.CSI,红利低波交易所股债5/95,CSI,中证指数有限公司,多资产指数,20131231,20250514,CSI
932478.CSI,红利低波交易所股债10/90,CSI,中证指数有限公司,多资产指数,20131231,20250514,CSI
932479.CSI,红利低波交易所股债15/85,CSI,中证指数有限公司,多资产指数,20131231,20250514,CSI
932480.CSI,红利低波交易所股债20/80,CSI,中证指数有限公司,多资产指数,20131231,20250514,CSI
932481.CSI,红利低波交易所股债30/70,CSI,中证指数有限公司,多资产指数,20131231,20250514,CSI
932482.CSI,AAA转债及可交换债,CSI,中证指数有限公司,债券指数,20161230,20250627,CSI
932482CNY040.CSI,AAA转债及可交换债(净),CSI,中证指数有限公司,债券指数,20161230,20250627,CSI
932482CNY050.CSI,AAA转债及可交换债(利),CSI,中证指数有限公司,债券指数,20161230,20250627,CSI
932482CNY060.CSI,AAA转债及可交换债(税),CSI,中证指数有限公司,债券指数,20161230,20250627,CSI
932483.CSI,高等级转债及可交换债,CSI,中证指数有限公司,债券指数,20161230,20250627,CSI
932483CNY040.CSI,高等级转债及可交换债(净),CSI,中证指数有限公司,债券指数,20161230,20250627,CSI
932483CNY050.CSI,高等级转债及可交换债(利),CSI,中证指数有限公司,债券指数,20161230,20250627,CSI
932483CNY060.CSI,高等级转债及可交换债(税),CSI,中证指数有限公司,债券指数,20161230,20250627,CSI
932484.CSI,中高等级转债及可交换债,CSI,中证指数有限公司,债券指数,20161230,20250627,CSI
932484CNY040.CSI,中高等级转债及可交换债(净),CSI,中证指数有限公司,债券指数,20161230,20250627,CSI
932484CNY050.CSI,中高等级转债及可交换债(利),CSI,中证指数有限公司,债券指数,20161230,20250627,CSI
932484CNY060.CSI,中高等级转债及可交换债(税),CSI,中证指数有限公司,债券指数,20161230,20250627,CSI
932486.CSI,成渝AAA信用债,CSI,中证指数有限公司,债券指数,20171229,20250924,CSI
932486CNY040.CSI,成渝AAA信用债(净),CSI,中证指数有限公司,债券指数,20171229,20250924,CSI
932486CNY050.CSI,成渝AAA信用债(利),CSI,中证指数有限公司,债券指数,20171229,20250924,CSI
932486CNY060.CSI,成渝AAA信用债(税),CSI,中证指数有限公司,债券指数,20171229,20250924,CSI
932487.CSI,西部AAA信用债,CSI,中证指数有限公司,债券指数,20171229,20250924,CSI
932487CNY040.CSI,西部AAA信用债(净),CSI,中证指数有限公司,债券指数,20171229,20250924,CSI
932487CNY050.CSI,西部AAA信用债(利),CSI,中证指数有限公司,债券指数,20171229,20250924,CSI
932487CNY060.CSI,西部AAA信用债(税),CSI,中证指数有限公司,债券指数,20171229,20250924,CSI
932488.CSI,交易所国债及政金债,CSI,中证指数有限公司,债券指数,20071231,20250725,CSI
932488CNY030.CSI,交易所国债及政金债(全),CSI,中证指数有限公司,债券指数,20071231,20260626,CSI
932488CNY040.CSI,交易所国债及政金债(净),CSI,中证指数有限公司,债券指数,20071231,20250725,CSI
932488CNY050.CSI,交易所国债及政金债(利),CSI,中证指数有限公司,债券指数,20071231,20250725,CSI
932489.CSI,交易所0-3国债及政金债,CSI,中证指数有限公司,债券指数,20071231,20250725,CSI
932489CNY030.CSI,交易所0-3国债及政金债(全),CSI,中证指数有限公司,债券指数,20071231,20260626,CSI
932489CNY040.CSI,交易所0-3国债及政金债(净),CSI,中证指数有限公司,债券指数,20071231,20250725,CSI
932489CNY050.CSI,交易所0-3国债及政金债(利),CSI,中证指数有限公司,债券指数,20071231,20250725,CSI
932490.CSI,交易所0-5国债及政金债,CSI,中证指数有限公司,债券指数,20071231,20250725,CSI
932490CNY030.CSI,交易所0-5国债及政金债(全),CSI,中证指数有限公司,债券指数,20071231,20260626,CSI
932490CNY040.CSI,交易所0-5国债及政金债(净),CSI,中证指数有限公司,债券指数,20071231,20250725,CSI
932490CNY050.CSI,交易所0-5国债及政金债(利),CSI,中证指数有限公司,债券指数,20071231,20250725,CSI
932491.CSI,交易所0-7国债及政金债,CSI,中证指数有限公司,债券指数,20071231,20250725,CSI
932491CNY030.CSI,交易所0-7国债及政金债(全),CSI,中证指数有限公司,债券指数,20071231,20260626,CSI
932491CNY040.CSI,交易所0-7国债及政金债(净),CSI,中证指数有限公司,债券指数,20071231,20250725,CSI
932491CNY050.CSI,交易所0-7国债及政金债(利),CSI,中证指数有限公司,债券指数,20071231,20250725,CSI
932492.CSI,交易所0-10国债及政金债,CSI,中证指数有限公司,债券指数,20071231,20250725,CSI
932492CNY030.CSI,交易所0-10国债及政金债(全),CSI,中证指数有限公司,债券指数,20071231,20260626,CSI
932492CNY040.CSI,交易所0-10国债及政金债(净),CSI,中证指数有限公司,债券指数,20071231,20250725,CSI
932492CNY050.CSI,交易所0-10国债及政金债(利),CSI,中证指数有限公司,债券指数,20071231,20250725,CSI
932493.CSI,港股通AI,CSI,中证指数有限公司,主题指数,20211231,20240313,CSI
932493CNY100.CSI,港股通AI人民币中间价,CSI,中证指数有限公司,主题指数,20211231,20240313,CSI
932493CNY110.CSI,港股通AI人民币中间价(全),CSI,中证指数有限公司,主题指数,20211231,20240313,CSI
932493CNY200.CSI,港股通AICNY,CSI,中证指数有限公司,主题指数,20211231,20240313,CSI
932493CNY210.CSI,港股通AI(全)CNY,CSI,中证指数有限公司,主题指数,20211231,20240313,CSI
932493CNY220.CSI,港股通AI(净)CNY,CSI,中证指数有限公司,主题指数,20211231,20260107,CSI
932493HKD210.CSI,港股通AI(全),CSI,中证指数有限公司,主题指数,20211231,20240313,CSI
932493HKD220.CSI,港股通AI(净),CSI,中证指数有限公司,主题指数,20211231,20260107,CSI
932494.CSI,A500成长,CSI,中证指数有限公司,风格指数,20141231,20250910,CSI
932494CNY010.CSI,A500成长全收益,CSI,中证指数有限公司,风格指数,20141231,20250910,CSI
932494CNY020.CSI,A500成长净收益,CSI,中证指数有限公司,风格指数,20141231,20250910,CSI
932495.CSI,A500P成长,CSI,中证指数有限公司,风格指数,20141231,20250911,CSI
932495CNY010.CSI,A500P成长全收益,CSI,中证指数有限公司,风格指数,20141231,20250911,CSI
932495CNY020.CSI,A500P成长净收益,CSI,中证指数有限公司,风格指数,20141231,20250911,CSI
932496.CSI,A500R成长,CSI,中证指数有限公司,风格指数,20141231,20250911,CSI
932496CNY010.CSI,A500R成长全收益,CSI,中证指数有限公司,风格指数,20141231,20250911,CSI
932496CNY020.CSI,A500R成长净收益,CSI,中证指数有限公司,风格指数,20141231,20250911,CSI
932497.CSI,A500价值,CSI,中证指数有限公司,风格指数,20141231,20250910,CSI
932497CNY010.CSI,A500价值全收益,CSI,中证指数有限公司,风格指数,20141231,20250910,CSI
932497CNY020.CSI,A500价值净收益,CSI,中证指数有限公司,风格指数,20141231,20250910,CSI
932498.CSI,A500P价值,CSI,中证指数有限公司,风格指数,20141231,20250911,CSI
932498CNY010.CSI,A500P价值全收益,CSI,中证指数有限公司,风格指数,20141231,20250911,CSI
932498CNY020.CSI,A500P价值净收益,CSI,中证指数有限公司,风格指数,20141231,20250911,CSI
932499.CSI,A500R价值,CSI,中证指数有限公司,风格指数,20141231,20250911,CSI
932499CNY010.CSI,A500R价值全收益,CSI,中证指数有限公司,风格指数,20141231,20250911,CSI
932499CNY020.CSI,A500R价值净收益,CSI,中证指数有限公司,风格指数,20141231,20250911,CSI
932500.CSI,交银人寿科创创业成长策略,CSI,中证指数有限公司,策略指数,20191231,20251030,CSI
932500CNY010.CSI,交银人寿科创创业成长策略全收益,CSI,中证指数有限公司,策略指数,20191231,20251030,CSI
932500CNY020.CSI,交银人寿科创创业成长策略净收益,CSI,中证指数有限公司,策略指数,20191231,20251030,CSI
932501.CSI,互联互通中国50人民币中间价,CSI,中证指数有限公司,规模指数,20141231,20251111,CSI
932501CNY110.CSI,互联互通中国50人民币中间价(全),CSI,中证指数有限公司,规模指数,20141231,20251111,CSI
932502.CSI,港股通消费50,CSI,中证指数有限公司,主题指数,20161230,20240308,CSI
932502CNY100.CSI,港股通消费50人民币中间价,CSI,中证指数有限公司,主题指数,20161230,20240308,CSI
932502CNY110.CSI,港股通消费50人民币中间价(全),CSI,中证指数有限公司,主题指数,20161230,20240308,CSI
932502CNY200.CSI,港股通消费50CNY,CSI,中证指数有限公司,主题指数,20161230,20240308,CSI
932502CNY210.CSI,港股通消费50(全)CNY,CSI,中证指数有限公司,主题指数,20161230,20240308,CSI
932502HKD210.CSI,港股通消费50(全),CSI,中证指数有限公司,主题指数,20161230,20240308,CSI
932503.CSI,农业主题债券,CSI,中证指数有限公司,债券指数,20181228,20260424,CSI
932503CNY040.CSI,农业主题债券(净),CSI,中证指数有限公司,债券指数,20181228,20260424,CSI
932503CNY050.CSI,农业主题债券(利),CSI,中证指数有限公司,债券指数,20181228,20260424,CSI
932503CNY060.CSI,农业主题债券(税),CSI,中证指数有限公司,债券指数,20181228,20260424,CSI
932535.CSI,全指等权,CSI,中证指数有限公司,策略指数,20131231,20251030,CSI
932535CNY010.CSI,全指等权全收益,CSI,中证指数有限公司,策略指数,20131231,20251030,CSI
932535CNY020.CSI,全指等权净收益,CSI,中证指数有限公司,策略指数,20131231,20251030,CSI
932536.CSI,航运发展,CSI,中证指数有限公司,主题指数,20121231,20250618,CSI
932536CNY010.CSI,航运发展全收益,CSI,中证指数有限公司,主题指数,20121231,20250618,CSI
932537.CSI,互联互通中国50SGD,CSI,中证指数有限公司,规模指数,20141231,20251111,CSI
932537SGD210.CSI,互联互通中国50(全)SGD,CSI,中证指数有限公司,规模指数,20141231,20251111,CSI
932538.CSI,1年久期国债及政金债,CSI,中证指数有限公司,债券指数,20121231,20250825,CSI
932538CNY040.CSI,1年久期国债及政金债(净),CSI,中证指数有限公司,债券指数,20121231,20250825,CSI
932538CNY050.CSI,1年久期国债及政金债(利),CSI,中证指数有限公司,债券指数,20121231,20250825,CSI
932538CNY060.CSI,1年久期国债及政金债(税),CSI,中证指数有限公司,债券指数,20121231,20250825,CSI
932539.CSI,2年久期国债及政金债,CSI,中证指数有限公司,债券指数,20121231,20250825,CSI
932539CNY040.CSI,2年久期国债及政金债(净),CSI,中证指数有限公司,债券指数,20121231,20250825,CSI
932539CNY050.CSI,2年久期国债及政金债(利),CSI,中证指数有限公司,债券指数,20121231,20250825,CSI
932539CNY060.CSI,2年久期国债及政金债(税),CSI,中证指数有限公司,债券指数,20121231,20250825,CSI
932540.CSI,3年久期国债及政金债,CSI,中证指数有限公司,债券指数,20121231,20250825,CSI
932540CNY040.CSI,3年久期国债及政金债(净),CSI,中证指数有限公司,债券指数,20121231,20250825,CSI
932540CNY050.CSI,3年久期国债及政金债(利),CSI,中证指数有限公司,债券指数,20121231,20250825,CSI
932540CNY060.CSI,3年久期国债及政金债(税),CSI,中证指数有限公司,债券指数,20121231,20250825,CSI
932541.CSI,5年久期国债及政金债,CSI,中证指数有限公司,债券指数,20121231,20250825,CSI
932541CNY040.CSI,5年久期国债及政金债(净),CSI,中证指数有限公司,债券指数,20121231,20250825,CSI
932541CNY050.CSI,5年久期国债及政金债(利),CSI,中证指数有限公司,债券指数,20121231,20250825,CSI
932541CNY060.CSI,5年久期国债及政金债(税),CSI,中证指数有限公司,债券指数,20121231,20250825,CSI
932542.CSI,7年久期国债及政金债,CSI,中证指数有限公司,债券指数,20121231,20250825,CSI
932542CNY040.CSI,7年久期国债及政金债(净),CSI,中证指数有限公司,债券指数,20121231,20250825,CSI
932542CNY050.CSI,7年久期国债及政金债(利),CSI,中证指数有限公司,债券指数,20121231,20250825,CSI
932542CNY060.CSI,7年久期国债及政金债(税),CSI,中证指数有限公司,债券指数,20121231,20250825,CSI
932543.CSI,10年久期国债及政金债,CSI,中证指数有限公司,债券指数,20121231,20250825,CSI
932543CNY040.CSI,10年久期国债及政金债(净),CSI,中证指数有限公司,债券指数,20121231,20250825,CSI
932543CNY050.CSI,10年久期国债及政金债(利),CSI,中证指数有限公司,债券指数,20121231,20250825,CSI
932543CNY060.CSI,10年久期国债及政金债(税),CSI,中证指数有限公司,债券指数,20121231,20250825,CSI
932544.CSI,智选安徽100,CSI,中证指数有限公司,策略指数,20191231,20250825,CSI
932544CNY010.CSI,智选安徽100全收益,CSI,中证指数有限公司,策略指数,20191231,20250825,CSI
932544CNY020.CSI,智选安徽100净收益,CSI,中证指数有限公司,策略指数,20191231,20250825,CSI
932545.CSI,科创创业创新药,CSI,中证指数有限公司,主题指数,20191231,20251107,CSI
932545CNY010.CSI,科创创业创新药全收益,CSI,中证指数有限公司,主题指数,20191231,20251107,CSI
932546.CSI,A50等权,CSI,中证指数有限公司,策略指数,20141231,20251030,CSI
932546CNY010.CSI,A50等权全收益,CSI,中证指数有限公司,策略指数,20141231,20251030,CSI
932546CNY020.CSI,A50等权净收益,CSI,中证指数有限公司,策略指数,20141231,20251030,CSI
932547.CSI,A100等权,CSI,中证指数有限公司,策略指数,20131231,20251030,CSI
932547CNY010.CSI,A100等权全收益,CSI,中证指数有限公司,策略指数,20131231,20251030,CSI
932547CNY020.CSI,A100等权净收益,CSI,中证指数有限公司,策略指数,20131231,20251030,CSI
932548.CSI,A500等权,CSI,中证指数有限公司,策略指数,20131231,20251030,CSI
932548CNY010.CSI,A500等权全收益,CSI,中证指数有限公司,策略指数,20131231,20251030,CSI
932548CNY020.CSI,A500等权净收益,CSI,中证指数有限公司,策略指数,20131231,20251030,CSI
932549.CSI,智选成长领先50,CSI,中证指数有限公司,策略指数,20141231,20251030,CSI
932549CNY010.CSI,智选成长领先50全收益,CSI,中证指数有限公司,策略指数,20141231,20251030,CSI
932549CNY020.CSI,智选成长领先50净收益,CSI,中证指数有限公司,策略指数,20141231,20251030,CSI
932553.CSI,科创创业医疗器械,CSI,中证指数有限公司,主题指数,20191231,20251107,CSI
932553CNY010.CSI,科创创业医疗器械全收益,CSI,中证指数有限公司,主题指数,20191231,20251107,CSI
932554.CSI,A500交易所0-7股债5/95,CSI,中证指数有限公司,多资产指数,20131231,20250924,CSI
932555.CSI,A500交易所0-7股债10/90,CSI,中证指数有限公司,多资产指数,20131231,20250924,CSI
932556.CSI,A500交易所0-7股债15/85,CSI,中证指数有限公司,多资产指数,20131231,20250924,CSI
932557.CSI,A500交易所0-7股债20/80,CSI,中证指数有限公司,多资产指数,20131231,20250924,CSI
932558.CSI,A500交易所0-7股债30/70,CSI,中证指数有限公司,多资产指数,20131231,20250924,CSI
932559.CSI,现金流交易所0-7股债5/95,CSI,中证指数有限公司,多资产指数,20131231,20250924,CSI
932560.CSI,现金流交易所0-7股债10/90,CSI,中证指数有限公司,多资产指数,20131231,20250924,CSI
932561.CSI,现金流交易所0-7股债15/85,CSI,中证指数有限公司,多资产指数,20131231,20250924,CSI
932562.CSI,现金流交易所0-7股债20/80,CSI,中证指数有限公司,多资产指数,20131231,20250924,CSI
932563.CSI,现金流交易所0-7股债30/70,CSI,中证指数有限公司,多资产指数,20131231,20250924,CSI
932565.CSI,红利低波交易所0-7股债5/95,CSI,中证指数有限公司,多资产指数,20131231,20250924,CSI
932566.CSI,红利低波交易所0-7股债10/90,CSI,中证指数有限公司,多资产指数,20131231,20250924,CSI
932567.CSI,红利低波交易所0-7股债15/85,CSI,中证指数有限公司,多资产指数,20131231,20250924,CSI
932568.CSI,红利低波交易所0-7股债20/80,CSI,中证指数有限公司,多资产指数,20131231,20250924,CSI
932569.CSI,红利低波交易所0-7股债30/70,CSI,中证指数有限公司,多资产指数,20131231,20250924,CSI
932570.CSI,国企绿债,CSI,中证指数有限公司,债券指数,20161230,20250930,CSI
932570CNY040.CSI,国企绿债(净),CSI,中证指数有限公司,债券指数,20161230,20250930,CSI
932570CNY050.CSI,国企绿债(利),CSI,中证指数有限公司,债券指数,20161230,20250930,CSI
932570CNY060.CSI,国企绿债(税),CSI,中证指数有限公司,债券指数,20161230,20250930,CSI
932571.CSI,AAA国企绿债,CSI,中证指数有限公司,债券指数,20161230,20250930,CSI
932571CNY040.CSI,AAA国企绿债(净),CSI,中证指数有限公司,债券指数,20161230,20250930,CSI
932571CNY050.CSI,AAA国企绿债(利),CSI,中证指数有限公司,债券指数,20161230,20250930,CSI
932571CNY060.CSI,AAA国企绿债(税),CSI,中证指数有限公司,债券指数,20161230,20250930,CSI
932572.CSI,高等级国企绿债,CSI,中证指数有限公司,债券指数,20161230,20250930,CSI
932572CNY040.CSI,高等级国企绿债(净),CSI,中证指数有限公司,债券指数,20161230,20250930,CSI
932572CNY050.CSI,高等级国企绿债(利),CSI,中证指数有限公司,债券指数,20161230,20250930,CSI
932572CNY060.CSI,高等级国企绿债(税),CSI,中证指数有限公司,债券指数,20161230,20250930,CSI
932573.CSI,交易所国企绿债,CSI,中证指数有限公司,债券指数,20161230,20250930,CSI
932573CNY040.CSI,交易所国企绿债(净),CSI,中证指数有限公司,债券指数,20161230,20250930,CSI
932573CNY050.CSI,交易所国企绿债(利),CSI,中证指数有限公司,债券指数,20161230,20250930,CSI
932573CNY060.CSI,交易所国企绿债(税),CSI,中证指数有限公司,债券指数,20161230,20250930,CSI
932574.CSI,交易所AAA国企绿债,CSI,中证指数有限公司,债券指数,20161230,20250930,CSI
932574CNY040.CSI,交易所AAA国企绿债(净),CSI,中证指数有限公司,债券指数,20161230,20250930,CSI
932574CNY050.CSI,交易所AAA国企绿债(利),CSI,中证指数有限公司,债券指数,20161230,20250930,CSI
932574CNY060.CSI,交易所AAA国企绿债(税),CSI,中证指数有限公司,债券指数,20161230,20250930,CSI
932575.CSI,交易所高等级国企绿债,CSI,中证指数有限公司,债券指数,20161230,20250930,CSI
932575CNY040.CSI,交易所高等级国企绿债(净),CSI,中证指数有限公司,债券指数,20161230,20250930,CSI
932575CNY050.CSI,交易所高等级国企绿债(利),CSI,中证指数有限公司,债券指数,20161230,20250930,CSI
932575CNY060.CSI,交易所高等级国企绿债(税),CSI,中证指数有限公司,债券指数,20161230,20250930,CSI
932576.CSI,2000ESG,CSI,中证指数有限公司,主题指数,20170630,20251119,CSI
932576CNY010.CSI,2000ESG全收益,CSI,中证指数有限公司,主题指数,20170630,20251119,CSI
932577.CSI,2000ESG领先,CSI,中证指数有限公司,主题指数,20170630,20251119,CSI
932577CNY010.CSI,2000ESG领先全收益,CSI,中证指数有限公司,主题指数,20170630,20251119,CSI
932578.CSI,中新亚洲100红利聚焦SGD,CSI,中证指数有限公司,多资产指数,20141231,20251112,CSI
932579.CSI,科创创业AI应用,CSI,中证指数有限公司,主题指数,20191231,20260902,CSI
932579CNY010.CSI,科创创业AI应用全收益,CSI,中证指数有限公司,主题指数,20191231,20260902,CSI
932580.CSI,存储芯片臻选,CSI,中证指数有限公司,主题指数,20161230,20260803,CSI
932580CNY010.CSI,存储芯片臻选全收益,CSI,中证指数有限公司,主题指数,20161230,20260803,CSI
932582.CSI,智选质量50,CSI,中证指数有限公司,策略指数,20141231,20260901,CSI
932582CNY010.CSI,智选质量50全收益,CSI,中证指数有限公司,策略指数,20141231,20260901,CSI
932582CNY020.CSI,智选质量50净收益,CSI,中证指数有限公司,策略指数,20141231,20260901,CSI
932583.CSI,中新亚洲100红利聚焦USD,CSI,中证指数有限公司,多资产指数,20141231,20251112,CSI
932584.CSI,智选港股通红利低波,CSI,中证指数有限公司,策略指数,20161230,20260611,CSI
932584CNY100.CSI,智选港股通红利低波CNYCPR,CSI,中证指数有限公司,策略指数,20161230,20260611,CSI
932584CNY110.CSI,智选港股通红利低波CNYCPR(全),CSI,中证指数有限公司,策略指数,20161230,20260611,CSI
932584CNY120.CSI,智选港股通红利低波CNYCPR(净),CSI,中证指数有限公司,策略指数,20161230,20260611,CSI
932584CNY200.CSI,智选港股通红利低波CNY,CSI,中证指数有限公司,策略指数,20161230,20260611,CSI
932584CNY210.CSI,智选港股通红利低波(全)CNY,CSI,中证指数有限公司,策略指数,20161230,20260611,CSI
932584CNY220.CSI,智选港股通红利低波(净)CNY,CSI,中证指数有限公司,策略指数,20161230,20260611,CSI
932584HKD210.CSI,智选港股通红利低波(全),CSI,中证指数有限公司,策略指数,20161230,20260611,CSI
932584HKD220.CSI,智选港股通红利低波(净),CSI,中证指数有限公司,策略指数,20161230,20260611,CSI
932585.CSI,互联互通中国50红利聚焦HKD,CSI,中证指数有限公司,策略指数,20141231,20251111,CSI
932585HKD210.CSI,互联互通中国50红利聚焦(全)HKD,CSI,中证指数有限公司,策略指数,20141231,20251111,CSI
932587.CSI,香港AI,CSI,中证指数有限公司,主题指数,20211231,20240313,CSI
932587CNY100.CSI,香港AI人民币中间价,CSI,中证指数有限公司,主题指数,20211231,20240313,CSI
932587CNY110.CSI,香港AI人民币中间价(全),CSI,中证指数有限公司,主题指数,20211231,20240313,CSI
932587CNY200.CSI,香港AICNY,CSI,中证指数有限公司,主题指数,20211231,20240313,CSI
932587CNY210.CSI,香港AI(全)CNY,CSI,中证指数有限公司,主题指数,20211231,20240313,CSI
932587HKD210.CSI,香港AI(全),CSI,中证指数有限公司,主题指数,20211231,20240313,CSI
932588.CSI,电子元件,CSI,中证指数有限公司,行业指数,20211231,20260817,CSI
932588CNY010.CSI,电子元件全收益,CSI,中证指数有限公司,行业指数,20211231,20260817,CSI
932589.CSI,互联互通中国50红利聚焦CNYCPR,CSI,中证指数有限公司,策略指数,20141231,20251111,CSI
932589CNY110.CSI,互联互通中国50红利聚焦CPR(全),CSI,中证指数有限公司,策略指数,20141231,20251111,CSI
932590.CSI,互联互通中国50红利聚焦SGD,CSI,中证指数有限公司,策略指数,20141231,20251111,CSI
932590SGD210.CSI,互联互通中国50红利聚焦(全)SGD,CSI,中证指数有限公司,策略指数,20141231,20251111,CSI
932592.CSI,互联互通中国50,CSI,中证指数有限公司,规模指数,20141231,20251111,CSI
932592CNY210.CSI,互联互通中国50(全),CSI,中证指数有限公司,规模指数,20141231,20251111,CSI
932593.CSI,互联互通中国50红利聚焦,CSI,中证指数有限公司,策略指数,20141231,20251111,CSI
932593CNY210.CSI,互联互通中国50红利聚焦(全),CSI,中证指数有限公司,策略指数,20141231,20251111,CSI
932595.CSI,东盟数字经济,CSI,中证指数有限公司,主题指数,20181231,20251226,CSI
932595CNY210.CSI,东盟数字经济(全),CSI,中证指数有限公司,主题指数,20181231,20251226,CSI
932595USD200.CSI,东盟数字经济USD,CSI,中证指数有限公司,主题指数,20181231,20251226,CSI
932595USD210.CSI,东盟数字经济(全)USD,CSI,中证指数有限公司,主题指数,20181231,20251226,CSI
932596.CSI,港股通红利低波,CSI,中证指数有限公司,策略指数,20141114,20160204,CSI
932596CNY100.CSI,港股通红利低波人民币中间价,CSI,中证指数有限公司,策略指数,20141114,20160204,CSI
932596CNY110.CSI,港股通红利低波人民币中间价(全),CSI,中证指数有限公司,策略指数,20141114,20160204,CSI
932596CNY200.CSI,港股通红利低波CNY,CSI,中证指数有限公司,策略指数,20141114,20160204,CSI
932596CNY210.CSI,港股通红利低波(全)CNY,CSI,中证指数有限公司,策略指数,20141114,20160204,CSI
932596HKD210.CSI,港股通红利低波(全),CSI,中证指数有限公司,策略指数,20141114,20160204,CSI
932597.CSI,中新亚洲100USD,CSI,中证指数有限公司,多资产指数,20141231,20251112,CSI
932598.CSI,互联互通中国50红利聚焦USD,CSI,中证指数有限公司,策略指数,20141231,20251111,CSI
932598USD210.CSI,互联互通中国50红利聚焦(全)USD,CSI,中证指数有限公司,策略指数,20141231,20251111,CSI
932599.CSI,港股通机器人,CSI,中证指数有限公司,主题指数,20211231,20260227,CSI
932599CNY100.CSI,港股通机器人人民币中间价,CSI,中证指数有限公司,主题指数,20211231,20260227,CSI
932599CNY110.CSI,港股通机器人人民币中间价(全),CSI,中证指数有限公司,主题指数,20211231,20260227,CSI
932599CNY200.CSI,港股通机器人CNY,CSI,中证指数有限公司,主题指数,20211231,20260227,CSI
932599CNY210.CSI,港股通机器人(全)CNY,CSI,中证指数有限公司,主题指数,20211231,20260227,CSI
932599HKD210.CSI,港股通机器人(全),CSI,中证指数有限公司,主题指数,20211231,20260227,CSI
932600.CSI,中新亚洲100SGD,CSI,中证指数有限公司,多资产指数,20141231,20251112,CSI
932601.CSI,中新亚洲100红利聚焦,CSI,中证指数有限公司,多资产指数,20141231,20251112,CSI
932603.CSI,中新亚洲100HKD,CSI,中证指数有限公司,多资产指数,20141231,20251112,CSI
932606.CSI,港股通新能源,CSI,中证指数有限公司,主题指数,20181231,20260731,CSI
932606CNY100.CSI,港股通新能源人民币中间价,CSI,中证指数有限公司,主题指数,20181231,20260731,CSI
932606CNY110.CSI,港股通新能源人民币中间价(全),CSI,中证指数有限公司,主题指数,20181231,20260731,CSI
932606CNY120.CSI,港股通新能源人民币中间价(净),CSI,中证指数有限公司,主题指数,20181231,20260731,CSI
932606CNY200.CSI,港股通新能源CNY,CSI,中证指数有限公司,主题指数,20181231,20260731,CSI
932606CNY210.CSI,港股通新能源(全)CNY,CSI,中证指数有限公司,主题指数,20181231,20260731,CSI
932606CNY220.CSI,港股通新能源(净)CNY,CSI,中证指数有限公司,主题指数,20181231,20260731,CSI
932606HKD210.CSI,港股通新能源(全),CSI,中证指数有限公司,主题指数,20181231,20260731,CSI
932606HKD220.CSI,港股通新能源(净),CSI,中证指数有限公司,主题指数,20181231,20260731,CSI
932606USD200.CSI,港股通新能源USD,CSI,中证指数有限公司,主题指数,20181231,20260731,CSI
932606USD210.CSI,港股通新能源(全)USD,CSI,中证指数有限公司,主题指数,20181231,20260731,CSI
932606USD220.CSI,港股通新能源(净)USD,CSI,中证指数有限公司,主题指数,20181231,20260731,CSI
932607.CSI,中新亚洲100,CSI,中证指数有限公司,多资产指数,20141231,20251112,CSI
932608.CSI,20年地债,CSI,中证指数有限公司,债券指数,20191231,20260401,CSI
932608CNY040.CSI,20年地债(净),CSI,中证指数有限公司,债券指数,20191231,20260401,CSI
932608CNY050.CSI,20年地债(利),CSI,中证指数有限公司,债券指数,20191231,20260401,CSI
932608CNY060.CSI,20年地债(税),CSI,中证指数有限公司,债券指数,20191231,20260401,CSI
932609.CSI,30年地债,CSI,中证指数有限公司,债券指数,20191231,20260401,CSI
932609CNY040.CSI,30年地债(净),CSI,中证指数有限公司,债券指数,20191231,20260401,CSI
932609CNY050.CSI,30年地债(利),CSI,中证指数有限公司,债券指数,20191231,20260401,CSI
932609CNY060.CSI,30年地债(税),CSI,中证指数有限公司,债券指数,20191231,20260401,CSI
932610.CSI,人工智能应用软件,CSI,中证指数有限公司,主题指数,20121231,20260902,CSI
932610CNY010.CSI,人工智能应用软件全收益,CSI,中证指数有限公司,主题指数,20121231,20260902,CSI
932611.CSI,智选电网主题,CSI,中证指数有限公司,主题指数,20140630,20251230,CSI
932611CNY010.CSI,智选电网主题全收益,CSI,中证指数有限公司,主题指数,20140630,20251230,CSI
932613.CSI,高等级科技创新债券,CSI,中证指数有限公司,债券指数,20220630,20260202,CSI
932613CNY040.CSI,高等级科技创新债券(净),CSI,中证指数有限公司,债券指数,20220630,20260202,CSI
932613CNY050.CSI,高等级科技创新债券(利),CSI,中证指数有限公司,债券指数,20220630,20260202,CSI
932613CNY060.CSI,高等级科技创新债券(税),CSI,中证指数有限公司,债券指数,20220630,20260202,CSI
932614.CSI,AAA科技创新债券,CSI,中证指数有限公司,债券指数,20220630,20260202,CSI
932614CNY040.CSI,AAA科技创新债券(净),CSI,中证指数有限公司,债券指数,20220630,20260202,CSI
932614CNY050.CSI,AAA科技创新债券(利),CSI,中证指数有限公司,债券指数,20220630,20260202,CSI
932614CNY060.CSI,AAA科技创新债券(税),CSI,中证指数有限公司,债券指数,20220630,20260202,CSI
932615.CSI,0-3AAA科技创新债券,CSI,中证指数有限公司,债券指数,20220630,20260202,CSI
932615CNY040.CSI,0-3AAA科技创新债券(净),CSI,中证指数有限公司,债券指数,20220630,20260202,CSI
932615CNY050.CSI,0-3AAA科技创新债券(利),CSI,中证指数有限公司,债券指数,20220630,20260202,CSI
932615CNY060.CSI,0-3AAA科技创新债券(税),CSI,中证指数有限公司,债券指数,20220630,20260202,CSI
932616.CSI,0-5AAA科技创新债券,CSI,中证指数有限公司,债券指数,20220630,20260202,CSI
932616CNY040.CSI,0-5AAA科技创新债券(净),CSI,中证指数有限公司,债券指数,20220630,20260202,CSI
932616CNY050.CSI,0-5AAA科技创新债券(利),CSI,中证指数有限公司,债券指数,20220630,20260202,CSI
932616CNY060.CSI,0-5AAA科技创新债券(税),CSI,中证指数有限公司,债券指数,20220630,20260202,CSI
932617.CSI,银行间科技创新债券,CSI,中证指数有限公司,债券指数,20220630,20260202,CSI
932617CNY040.CSI,银行间科技创新债券(净),CSI,中证指数有限公司,债券指数,20220630,20260202,CSI
932617CNY050.CSI,银行间科技创新债券(利),CSI,中证指数有限公司,债券指数,20220630,20260202,CSI
932617CNY060.CSI,银行间科技创新债券(税),CSI,中证指数有限公司,债券指数,20220630,20260202,CSI
932618.CSI,银行间高等级科技创新债券,CSI,中证指数有限公司,债券指数,20220630,20260202,CSI
932618CNY040.CSI,银行间高等级科技创新债券(净),CSI,中证指数有限公司,债券指数,20220630,20260202,CSI
932618CNY050.CSI,银行间高等级科技创新债券(利),CSI,中证指数有限公司,债券指数,20220630,20260202,CSI
932618CNY060.CSI,银行间高等级科技创新债券(税),CSI,中证指数有限公司,债券指数,20220630,20260202,CSI
932619.CSI,银行间AAA科技创新债券,CSI,中证指数有限公司,债券指数,20220630,20260202,CSI
932619CNY040.CSI,银行间AAA科技创新债券(净),CSI,中证指数有限公司,债券指数,20220630,20260202,CSI
932619CNY050.CSI,银行间AAA科技创新债券(利),CSI,中证指数有限公司,债券指数,20220630,20260202,CSI
932619CNY060.CSI,银行间AAA科技创新债券(税),CSI,中证指数有限公司,债券指数,20220630,20260202,CSI
932620.CSI,银行间0-3AAA科技创新债券,CSI,中证指数有限公司,债券指数,20220630,20260202,CSI
932620CNY040.CSI,银行间0-3AAA科技创新债券(净),CSI,中证指数有限公司,债券指数,20220630,20260202,CSI
932620CNY050.CSI,银行间0-3AAA科技创新债券(利),CSI,中证指数有限公司,债券指数,20220630,20260202,CSI
932620CNY060.CSI,银行间0-3AAA科技创新债券(税),CSI,中证指数有限公司,债券指数,20220630,20260202,CSI
932621.CSI,银行间0-5AAA科技创新债券,CSI,中证指数有限公司,债券指数,20220630,20260202,CSI
932621CNY040.CSI,银行间0-5AAA科技创新债券(净),CSI,中证指数有限公司,债券指数,20220630,20260202,CSI
932621CNY050.CSI,银行间0-5AAA科技创新债券(利),CSI,中证指数有限公司,债券指数,20220630,20260202,CSI
932621CNY060.CSI,银行间0-5AAA科技创新债券(税),CSI,中证指数有限公司,债券指数,20220630,20260202,CSI
932622.CSI,交易所产业债,CSI,中证指数有限公司,债券指数,20161230,20230913,CSI
932622CNY040.CSI,交易所产业债(净),CSI,中证指数有限公司,债券指数,20161230,20230913,CSI
932622CNY050.CSI,交易所产业债(利),CSI,中证指数有限公司,债券指数,20161230,20230913,CSI
932622CNY060.CSI,交易所产业债(税),CSI,中证指数有限公司,债券指数,20161230,20230913,CSI
932623.CSI,交易所AAA产业债,CSI,中证指数有限公司,债券指数,20161230,20230913,CSI
932623CNY040.CSI,交易所AAA产业债(净),CSI,中证指数有限公司,债券指数,20161230,20230913,CSI
932623CNY050.CSI,交易所AAA产业债(利),CSI,中证指数有限公司,债券指数,20161230,20230913,CSI
932623CNY060.CSI,交易所AAA产业债(税),CSI,中证指数有限公司,债券指数,20161230,20230913,CSI
932624.CSI,交易所高等级产业债,CSI,中证指数有限公司,债券指数,20161230,20230913,CSI
932624CNY040.CSI,交易所高等级产业债(净),CSI,中证指数有限公司,债券指数,20161230,20230913,CSI
932624CNY050.CSI,交易所高等级产业债(利),CSI,中证指数有限公司,债券指数,20161230,20230913,CSI
932624CNY060.CSI,交易所高等级产业债(税),CSI,中证指数有限公司,债券指数,20161230,20230913,CSI
932625.CSI,交易所短期产业债,CSI,中证指数有限公司,债券指数,20161230,20230913,CSI
932625CNY040.CSI,交易所短期产业债(净),CSI,中证指数有限公司,债券指数,20161230,20230913,CSI
932625CNY050.CSI,交易所短期产业债(利),CSI,中证指数有限公司,债券指数,20161230,20230913,CSI
932625CNY060.CSI,交易所短期产业债(税),CSI,中证指数有限公司,债券指数,20161230,20230913,CSI
932626.CSI,交易所短期AAA产业债,CSI,中证指数有限公司,债券指数,20161230,20230913,CSI
932626CNY040.CSI,交易所短期AAA产业债(净),CSI,中证指数有限公司,债券指数,20161230,20230913,CSI
932626CNY050.CSI,交易所短期AAA产业债(利),CSI,中证指数有限公司,债券指数,20161230,20230913,CSI
932626CNY060.CSI,交易所短期AAA产业债(税),CSI,中证指数有限公司,债券指数,20161230,20230913,CSI
932627.CSI,交易所短期高等级产业债,CSI,中证指数有限公司,债券指数,20161230,20230913,CSI
932627CNY040.CSI,交易所短期高等级产业债(净),CSI,中证指数有限公司,债券指数,20161230,20230913,CSI
932627CNY050.CSI,交易所短期高等级产业债(利),CSI,中证指数有限公司,债券指数,20161230,20230913,CSI
932627CNY060.CSI,交易所短期高等级产业债(税),CSI,中证指数有限公司,债券指数,20161230,20230913,CSI
932628.CSI,交易所0-3产业债,CSI,中证指数有限公司,债券指数,20161230,20230913,CSI
932628CNY040.CSI,交易所0-3产业债(净),CSI,中证指数有限公司,债券指数,20161230,20230913,CSI
932628CNY050.CSI,交易所0-3产业债(利),CSI,中证指数有限公司,债券指数,20161230,20230913,CSI
932628CNY060.CSI,交易所0-3产业债(税),CSI,中证指数有限公司,债券指数,20161230,20230913,CSI
932629.CSI,交易所0-3AAA产业债,CSI,中证指数有限公司,债券指数,20161230,20230913,CSI
932629CNY040.CSI,交易所0-3AAA产业债(净),CSI,中证指数有限公司,债券指数,20161230,20230913,CSI
932629CNY050.CSI,交易所0-3AAA产业债(利),CSI,中证指数有限公司,债券指数,20161230,20230913,CSI
932629CNY060.CSI,交易所0-3AAA产业债(税),CSI,中证指数有限公司,债券指数,20161230,20230913,CSI
932630.CSI,交易所0-3高等级产业债,CSI,中证指数有限公司,债券指数,20161230,20230913,CSI
932630CNY040.CSI,交易所0-3高等级产业债(净),CSI,中证指数有限公司,债券指数,20161230,20230913,CSI
932630CNY050.CSI,交易所0-3高等级产业债(利),CSI,中证指数有限公司,债券指数,20161230,20230913,CSI
932630CNY060.CSI,交易所0-3高等级产业债(税),CSI,中证指数有限公司,债券指数,20161230,20230913,CSI
932631.CSI,交易所0-5产业债,CSI,中证指数有限公司,债券指数,20161230,20230913,CSI
932631CNY040.CSI,交易所0-5产业债(净),CSI,中证指数有限公司,债券指数,20161230,20230913,CSI
932631CNY050.CSI,交易所0-5产业债(利),CSI,中证指数有限公司,债券指数,20161230,20230913,CSI
932631CNY060.CSI,交易所0-5产业债(税),CSI,中证指数有限公司,债券指数,20161230,20230913,CSI
932632.CSI,交易所0-5AAA产业债,CSI,中证指数有限公司,债券指数,20161230,20230913,CSI
932632CNY040.CSI,交易所0-5AAA产业债(净),CSI,中证指数有限公司,债券指数,20161230,20230913,CSI
932632CNY050.CSI,交易所0-5AAA产业债(利),CSI,中证指数有限公司,债券指数,20161230,20230913,CSI
932632CNY060.CSI,交易所0-5AAA产业债(税),CSI,中证指数有限公司,债券指数,20161230,20230913,CSI
932633.CSI,交易所0-5高等级产业债,CSI,中证指数有限公司,债券指数,20161230,20230913,CSI
932633CNY040.CSI,交易所0-5高等级产业债(净),CSI,中证指数有限公司,债券指数,20161230,20230913,CSI
932633CNY050.CSI,交易所0-5高等级产业债(利),CSI,中证指数有限公司,债券指数,20161230,20230913,CSI
932633CNY060.CSI,交易所0-5高等级产业债(税),CSI,中证指数有限公司,债券指数,20161230,20230913,CSI
932636.CSI,人工智能应用,CSI,中证指数有限公司,主题指数,20121231,20260902,CSI
932636CNY010.CSI,人工智能应用全收益,CSI,中证指数有限公司,主题指数,20121231,20260902,CSI
932637.CSI,科创创业股债5/95,CSI,中证指数有限公司,多资产指数,20221230,20260403,CSI
932638.CSI,科创创业股债10/90,CSI,中证指数有限公司,多资产指数,20221230,20260403,CSI
932639.CSI,科创创业股债15/85,CSI,中证指数有限公司,多资产指数,20221230,20260403,CSI
932640.CSI,科创创业股债20/80,CSI,中证指数有限公司,多资产指数,20221230,20260403,CSI
932641.CSI,科创创业股债30/70,CSI,中证指数有限公司,多资产指数,20221230,20260403,CSI
932644.CSI,科创创业AI应用软件,CSI,中证指数有限公司,主题指数,20191231,20260902,CSI
932644CNY010.CSI,科创创业AI应用软件全收益,CSI,中证指数有限公司,主题指数,20191231,20260902,CSI
932645.CSI,现金流科创股债5/95,CSI,中证指数有限公司,多资产指数,20221230,20260403,CSI
932646.CSI,现金流科创股债10/90,CSI,中证指数有限公司,多资产指数,20221230,20260403,CSI
932647.CSI,现金流科创股债15/85,CSI,中证指数有限公司,多资产指数,20221230,20260403,CSI
932648.CSI,现金流科创股债20/80,CSI,中证指数有限公司,多资产指数,20221230,20260403,CSI
932649.CSI,现金流科创股债30/70,CSI,中证指数有限公司,多资产指数,20221230,20260403,CSI
932650.CSI,红利低波科创股债5/95,CSI,中证指数有限公司,多资产指数,20221230,20260403,CSI
932651.CSI,红利低波科创股债10/90,CSI,中证指数有限公司,多资产指数,20221230,20260403,CSI
932652.CSI,红利低波科创股债15/85,CSI,中证指数有限公司,多资产指数,20221230,20260403,CSI
932653.CSI,红利低波科创股债20/80,CSI,中证指数有限公司,多资产指数,20221230,20260403,CSI
932654.CSI,红利低波科创股债30/70,CSI,中证指数有限公司,多资产指数,20221230,20260403,CSI
932655.CSI,ESG领先AAA债券,CSI,中证指数有限公司,债券指数,20221230,20260424,CSI
932655CNY040.CSI,ESG领先AAA债券(净),CSI,中证指数有限公司,债券指数,20221230,20260424,CSI
932655CNY050.CSI,ESG领先AAA债券(利),CSI,中证指数有限公司,债券指数,20221230,20260424,CSI
932655CNY060.CSI,ESG领先AAA债券(税),CSI,中证指数有限公司,债券指数,20221230,20260424,CSI
932656.CSI,交易所ESG领先AAA债券,CSI,中证指数有限公司,债券指数,20221230,20260424,CSI
932656CNY040.CSI,交易所ESG领先AAA债券(净),CSI,中证指数有限公司,债券指数,20221230,20260424,CSI
932656CNY050.CSI,交易所ESG领先AAA债券(利),CSI,中证指数有限公司,债券指数,20221230,20260424,CSI
932656CNY060.CSI,交易所ESG领先AAA债券(税),CSI,中证指数有限公司,债券指数,20221230,20260424,CSI
932661.CSI,新兴60,CSI,中证指数有限公司,主题指数,20221230,20260320,CSI
932661CNY100.CSI,新兴60人民币中间价,CSI,中证指数有限公司,主题指数,20221230,20260320,CSI
932661CNY110.CSI,新兴60人民币中间价(全),CSI,中证指数有限公司,主题指数,20221230,20260320,CSI
932661CNY210.CSI,新兴60(全),CSI,中证指数有限公司,主题指数,20221230,20260320,CSI
932661HKD200.CSI,新兴60HKD,CSI,中证指数有限公司,主题指数,20221230,20260320,CSI
932661HKD210.CSI,新兴60(全)HKD,CSI,中证指数有限公司,主题指数,20221230,20260320,CSI
932662.CSI,科创创业通信设备主题,CSI,中证指数有限公司,主题指数,20191231,20260803,CSI
932662CNY010.CSI,科创创业通信设备主题全收益,CSI,中证指数有限公司,主题指数,20191231,20260803,CSI
932663.CSI,港股中国100,CSI,中证指数有限公司,规模指数,20141231,20121016,CSI
932663CNY100.CSI,港股中国100人民币中间价,CSI,中证指数有限公司,规模指数,20141231,20121016,CSI
932663CNY110.CSI,港股中国100人民币中间价(全),CSI,中证指数有限公司,规模指数,20141231,20121016,CSI
932663CNY120.CSI,港股中国100人民币中间价(净),CSI,中证指数有限公司,规模指数,20141231,20121016,CSI
932663CNY200.CSI,港股中国100CNY,CSI,中证指数有限公司,规模指数,20141231,20121016,CSI
932663CNY210.CSI,港股中国100(全)CNY,CSI,中证指数有限公司,规模指数,20141231,20121016,CSI
932663CNY220.CSI,港股中国100(净)CNY,CSI,中证指数有限公司,规模指数,20141231,20121016,CSI
932663HKD210.CSI,港股中国100(全),CSI,中证指数有限公司,规模指数,20141231,20121016,CSI
932663HKD220.CSI,港股中国100(净),CSI,中证指数有限公司,规模指数,20141231,20121016,CSI
932663USD200.CSI,港股中国100USD,CSI,中证指数有限公司,规模指数,20141231,20121016,CSI
932663USD210.CSI,港股中国100(全)USD,CSI,中证指数有限公司,规模指数,20141231,20121016,CSI
932663USD220.CSI,港股中国100(净)USD,CSI,中证指数有限公司,规模指数,20141231,20121016,CSI
932666.CSI,PCB,CSI,中证指数有限公司,主题指数,20141231,20260331,CSI
932666CNY010.CSI,PCB全收益,CSI,中证指数有限公司,主题指数,20141231,20260331,CSI
932670.CSI,智选质量低波50,CSI,中证指数有限公司,策略指数,20141231,20260901,CSI
932670CNY010.CSI,智选质量低波50全收益,CSI,中证指数有限公司,策略指数,20141231,20260901,CSI
932670CNY020.CSI,智选质量低波50净收益,CSI,中证指数有限公司,策略指数,20141231,20260901,CSI
932673.CSI,美股30,CSI,中证指数有限公司,规模指数,20181231,20260227,CSI
932673CNY100.CSI,美股30人民币中间价,CSI,中证指数有限公司,规模指数,20181231,20260227,CSI
932673CNY110.CSI,美股30人民币中间价(全),CSI,中证指数有限公司,规模指数,20181231,20260227,CSI
932673CNY200.CSI,美股30CNY,CSI,中证指数有限公司,规模指数,20181231,20260227,CSI
932673CNY210.CSI,美股30(全)CNY,CSI,中证指数有限公司,规模指数,20181231,20260227,CSI
932673CNY300.CSI,美股30CNY(CNH),CSI,中证指数有限公司,规模指数,20181231,20260227,CSI
932673CNY310.CSI,美股30(全)CNY(CNH),CSI,中证指数有限公司,规模指数,20181231,20260227,CSI
932673HKD200.CSI,美股30HKD,CSI,中证指数有限公司,规模指数,20181231,20260227,CSI
932673HKD210.CSI,美股30(全)HKD,CSI,中证指数有限公司,规模指数,20181231,20260227,CSI
932673USD210.CSI,美股30(全),CSI,中证指数有限公司,规模指数,20181231,20260227,CSI
932674.CSI,中节能气候债,CSI,中证指数有限公司,债券指数,20211231,20260429,CSI
932674CNY040.CSI,中节能气候债(净),CSI,中证指数有限公司,债券指数,20211231,20260429,CSI
932674CNY050.CSI,中节能气候债(利),CSI,中证指数有限公司,债券指数,20211231,20260429,CSI
932674CNY060.CSI,中节能气候债(税),CSI,中证指数有限公司,债券指数,20211231,20260429,CSI
932675.CSI,中节能高等级气候债,CSI,中证指数有限公司,债券指数,20211231,20260429,CSI
932675CNY040.CSI,中节能高等级气候债(净),CSI,中证指数有限公司,债券指数,20211231,20260429,CSI
932675CNY050.CSI,中节能高等级气候债(利),CSI,中证指数有限公司,债券指数,20211231,20260429,CSI
932675CNY060.CSI,中节能高等级气候债(税),CSI,中证指数有限公司,债券指数,20211231,20260429,CSI
932676.CSI,中节能AAA气候债,CSI,中证指数有限公司,债券指数,20211231,20260429,CSI
932676CNY040.CSI,中节能AAA气候债(净),CSI,中证指数有限公司,债券指数,20211231,20260429,CSI
932676CNY050.CSI,中节能AAA气候债(利),CSI,中证指数有限公司,债券指数,20211231,20260429,CSI
932676CNY060.CSI,中节能AAA气候债(税),CSI,中证指数有限公司,债券指数,20211231,20260429,CSI
932677.CSI,新型电力系统,CSI,中证指数有限公司,主题指数,20191231,20260518,CSI
932677CNY010.CSI,新型电力系统全收益,CSI,中证指数有限公司,主题指数,20191231,20260518,CSI
932678.CSI,新型电力系统100,CSI,中证指数有限公司,主题指数,20191231,20260630,CSI
932678CNY010.CSI,新型电力系统100全收益,CSI,中证指数有限公司,主题指数,20191231,20260630,CSI
932679.CSI,科创创业电池臻选,CSI,中证指数有限公司,主题指数,20191231,20260825,CSI
932679CNY010.CSI,科创创业电池臻选全收益,CSI,中证指数有限公司,主题指数,20191231,20260825,CSI
932684.CSI,港股通半导体,CSI,中证指数有限公司,主题指数,20181231,20260731,CSI
932684CNY100.CSI,港股通半导体人民币中间价,CSI,中证指数有限公司,主题指数,20181231,20260731,CSI
932684CNY110.CSI,港股通半导体人民币中间价(全),CSI,中证指数有限公司,主题指数,20181231,20260731,CSI
932684CNY120.CSI,港股通半导体人民币中间价(净),CSI,中证指数有限公司,主题指数,20181231,20260731,CSI
932684CNY200.CSI,港股通半导体CNY,CSI,中证指数有限公司,主题指数,20181231,20260731,CSI
932684CNY210.CSI,港股通半导体(全)CNY,CSI,中证指数有限公司,主题指数,20181231,20260731,CSI
932684CNY220.CSI,港股通半导体(净)CNY,CSI,中证指数有限公司,主题指数,20181231,20260731,CSI
932684HKD210.CSI,港股通半导体(全),CSI,中证指数有限公司,主题指数,20181231,20260731,CSI
932684HKD220.CSI,港股通半导体(净),CSI,中证指数有限公司,主题指数,20181231,20260731,CSI
932684USD200.CSI,港股通半导体USD,CSI,中证指数有限公司,主题指数,20181231,20260731,CSI
932684USD210.CSI,港股通半导体(全)USD,CSI,中证指数有限公司,主题指数,20181231,20260731,CSI
932684USD220.CSI,港股通半导体(净)USD,CSI,中证指数有限公司,主题指数,20181231,20260731,CSI
932685.CSI,智选港股通质量50,CSI,中证指数有限公司,策略指数,20161230,20260710,CSI
932685CNY100.CSI,智选港股通质量50CNYCPR,CSI,中证指数有限公司,策略指数,20161230,20260710,CSI
932685CNY110.CSI,智选港股通质量50CNYCPR(全),CSI,中证指数有限公司,策略指数,20161230,20260710,CSI
932685CNY120.CSI,智选港股通质量50CNYCPR(净),CSI,中证指数有限公司,策略指数,20161230,20260710,CSI
932685CNY200.CSI,智选港股通质量50CNY,CSI,中证指数有限公司,策略指数,20161230,20260710,CSI
932685CNY210.CSI,智选港股通质量50(全)CNY,CSI,中证指数有限公司,策略指数,20161230,20260710,CSI
932685CNY220.CSI,智选港股通质量50(净)CNY,CSI,中证指数有限公司,策略指数,20161230,20260710,CSI
932685HKD210.CSI,智选港股通质量50(全),CSI,中证指数有限公司,策略指数,20161230,20260710,CSI
932685HKD220.CSI,智选港股通质量50(净),CSI,中证指数有限公司,策略指数,20161230,20260710,CSI
932686.CSI,智选盈利价值等权,CSI,中证指数有限公司,策略指数,20141231,20260323,CSI
932686CNY010.CSI,智选盈利价值等权全收益,CSI,中证指数有限公司,策略指数,20141231,20260323,CSI
932686CNY020.CSI,智选盈利价值等权净收益,CSI,中证指数有限公司,策略指数,20141231,20260323,CSI
932688.CSI,核能精选,CSI,中证指数有限公司,主题指数,20181228,20260728,CSI
932688CNY010.CSI,核能精选全收益,CSI,中证指数有限公司,主题指数,20181228,20260728,CSI
932689.CSI,智选低波100,CSI,中证指数有限公司,策略指数,20121231,20260803,CSI
932689CNY010.CSI,智选低波100全收益,CSI,中证指数有限公司,策略指数,20121231,20260803,CSI
932689CNY020.CSI,智选低波100净收益,CSI,中证指数有限公司,策略指数,20121231,20260803,CSI
932690.CSI,精选市场稳健,CSI,中证指数有限公司,策略指数,20181231,20120720,CSI
932690CNY100.CSI,精选市场稳健人民币中间价,CSI,中证指数有限公司,策略指数,20181231,20120720,CSI
932690CNY110.CSI,精选市场稳健人民币中间价(全),CSI,中证指数有限公司,策略指数,20181231,20120720,CSI
932690CNY200.CSI,精选市场稳健CNY,CSI,中证指数有限公司,策略指数,20181231,20120720,CSI
932690CNY210.CSI,精选市场稳健(全)CNY,CSI,中证指数有限公司,策略指数,20181231,20120720,CSI
932690CNY300.CSI,精选市场稳健CNY(CNH),CSI,中证指数有限公司,策略指数,20181231,20120720,CSI
932690CNY310.CSI,精选市场稳健(全)CNY(CNH),CSI,中证指数有限公司,策略指数,20181231,20120720,CSI
932690HKD210.CSI,精选市场稳健(全),CSI,中证指数有限公司,策略指数,20181231,20120720,CSI
932690USD200.CSI,精选市场稳健USD,CSI,中证指数有限公司,策略指数,20181231,20120720,CSI
932690USD210.CSI,精选市场稳健(全)USD,CSI,中证指数有限公司,策略指数,20181231,20120720,CSI
932691.CSI,高等级综合债,CSI,中证指数有限公司,债券指数,20181228,20260409,CSI
932691CNY030.CSI,高等级综合债(全),CSI,中证指数有限公司,债券指数,20181228,20260409,CSI
932691CNY040.CSI,高等级综合债(净),CSI,中证指数有限公司,债券指数,20181228,20260409,CSI
932691CNY050.CSI,高等级综合债(利),CSI,中证指数有限公司,债券指数,20181228,20260409,CSI
932691CNY060.CSI,高等级综合债(税),CSI,中证指数有限公司,债券指数,20181228,20260409,CSI
932692.CSI,短期高等级综合债,CSI,中证指数有限公司,债券指数,20181228,20260409,CSI
932692CNY030.CSI,短期高等级综合债(全),CSI,中证指数有限公司,债券指数,20181228,20260409,CSI
932692CNY040.CSI,短期高等级综合债(净),CSI,中证指数有限公司,债券指数,20181228,20260409,CSI
932692CNY050.CSI,短期高等级综合债(利),CSI,中证指数有限公司,债券指数,20181228,20260409,CSI
932692CNY060.CSI,短期高等级综合债(税),CSI,中证指数有限公司,债券指数,20181228,20260409,CSI
932693.CSI,0-3高等级综合债,CSI,中证指数有限公司,债券指数,20181228,20260409,CSI
932693CNY030.CSI,0-3高等级综合债(全),CSI,中证指数有限公司,债券指数,20181228,20260409,CSI
932693CNY040.CSI,0-3高等级综合债(净),CSI,中证指数有限公司,债券指数,20181228,20260409,CSI
932693CNY050.CSI,0-3高等级综合债(利),CSI,中证指数有限公司,债券指数,20181228,20260409,CSI
932693CNY060.CSI,0-3高等级综合债(税),CSI,中证指数有限公司,债券指数,20181228,20260409,CSI
932694.CSI,0-5高等级综合债,CSI,中证指数有限公司,债券指数,20181228,20260409,CSI
932694CNY030.CSI,0-5高等级综合债(全),CSI,中证指数有限公司,债券指数,20181228,20260409,CSI
932694CNY040.CSI,0-5高等级综合债(净),CSI,中证指数有限公司,债券指数,20181228,20260409,CSI
932694CNY050.CSI,0-5高等级综合债(利),CSI,中证指数有限公司,债券指数,20181228,20260409,CSI
932694CNY060.CSI,0-5高等级综合债(税),CSI,中证指数有限公司,债券指数,20181228,20260409,CSI
932695.CSI,0-7高等级综合债,CSI,中证指数有限公司,债券指数,20181228,20260409,CSI
932695CNY030.CSI,0-7高等级综合债(全),CSI,中证指数有限公司,债券指数,20181228,20260409,CSI
932695CNY040.CSI,0-7高等级综合债(净),CSI,中证指数有限公司,债券指数,20181228,20260409,CSI
932695CNY050.CSI,0-7高等级综合债(利),CSI,中证指数有限公司,债券指数,20181228,20260409,CSI
932695CNY060.CSI,0-7高等级综合债(税),CSI,中证指数有限公司,债券指数,20181228,20260409,CSI
932696.CSI,1-3高等级综合债,CSI,中证指数有限公司,债券指数,20181228,20260409,CSI
932696CNY030.CSI,1-3高等级综合债(全),CSI,中证指数有限公司,债券指数,20181228,20260409,CSI
932696CNY040.CSI,1-3高等级综合债(净),CSI,中证指数有限公司,债券指数,20181228,20260409,CSI
932696CNY050.CSI,1-3高等级综合债(利),CSI,中证指数有限公司,债券指数,20181228,20260409,CSI
932696CNY060.CSI,1-3高等级综合债(税),CSI,中证指数有限公司,债券指数,20181228,20260409,CSI
932697.CSI,1-5高等级综合债,CSI,中证指数有限公司,债券指数,20181228,20260409,CSI
932697CNY030.CSI,1-5高等级综合债(全),CSI,中证指数有限公司,债券指数,20181228,20260409,CSI
932697CNY040.CSI,1-5高等级综合债(净),CSI,中证指数有限公司,债券指数,20181228,20260409,CSI
932697CNY050.CSI,1-5高等级综合债(利),CSI,中证指数有限公司,债券指数,20181228,20260409,CSI
932697CNY060.CSI,1-5高等级综合债(税),CSI,中证指数有限公司,债券指数,20181228,20260409,CSI
932698.CSI,3-5高等级综合债,CSI,中证指数有限公司,债券指数,20181228,20260409,CSI
932698CNY030.CSI,3-5高等级综合债(全),CSI,中证指数有限公司,债券指数,20181228,20260409,CSI
932698CNY040.CSI,3-5高等级综合债(净),CSI,中证指数有限公司,债券指数,20181228,20260409,CSI
932698CNY050.CSI,3-5高等级综合债(利),CSI,中证指数有限公司,债券指数,20181228,20260409,CSI
932698CNY060.CSI,3-5高等级综合债(税),CSI,中证指数有限公司,债券指数,20181228,20260409,CSI
932699.CSI,3-7高等级综合债,CSI,中证指数有限公司,债券指数,20181228,20260409,CSI
932699CNY030.CSI,3-7高等级综合债(全),CSI,中证指数有限公司,债券指数,20181228,20260409,CSI
932699CNY040.CSI,3-7高等级综合债(净),CSI,中证指数有限公司,债券指数,20181228,20260409,CSI
932699CNY050.CSI,3-7高等级综合债(利),CSI,中证指数有限公司,债券指数,20181228,20260409,CSI
932699CNY060.CSI,3-7高等级综合债(税),CSI,中证指数有限公司,债券指数,20181228,20260409,CSI
932700.CSI,5-7高等级综合债,CSI,中证指数有限公司,债券指数,20181228,20260409,CSI
932700CNY030.CSI,5-7高等级综合债(全),CSI,中证指数有限公司,债券指数,20181228,20260409,CSI
932700CNY040.CSI,5-7高等级综合债(净),CSI,中证指数有限公司,债券指数,20181228,20260409,CSI
932700CNY050.CSI,5-7高等级综合债(利),CSI,中证指数有限公司,债券指数,20181228,20260409,CSI
932700CNY060.CSI,5-7高等级综合债(税),CSI,中证指数有限公司,债券指数,20181228,20260409,CSI
932701.CSI,5-10高等级综合债,CSI,中证指数有限公司,债券指数,20181228,20260409,CSI
932701CNY030.CSI,5-10高等级综合债(全),CSI,中证指数有限公司,债券指数,20181228,20260409,CSI
932701CNY040.CSI,5-10高等级综合债(净),CSI,中证指数有限公司,债券指数,20181228,20260409,CSI
932701CNY050.CSI,5-10高等级综合债(利),CSI,中证指数有限公司,债券指数,20181228,20260409,CSI
932701CNY060.CSI,5-10高等级综合债(税),CSI,中证指数有限公司,债券指数,20181228,20260409,CSI
932702.CSI,7-10高等级综合债,CSI,中证指数有限公司,债券指数,20181228,20260409,CSI
932702CNY030.CSI,7-10高等级综合债(全),CSI,中证指数有限公司,债券指数,20181228,20260409,CSI
932702CNY040.CSI,7-10高等级综合债(净),CSI,中证指数有限公司,债券指数,20181228,20260409,CSI
932702CNY050.CSI,7-10高等级综合债(利),CSI,中证指数有限公司,债券指数,20181228,20260409,CSI
932702CNY060.CSI,7-10高等级综合债(税),CSI,中证指数有限公司,债券指数,20181228,20260409,CSI
932703.CSI,10+高等级综合债,CSI,中证指数有限公司,债券指数,20181228,20260409,CSI
932703CNY030.CSI,10+高等级综合债(全),CSI,中证指数有限公司,债券指数,20181228,20260409,CSI
932703CNY040.CSI,10+高等级综合债(净),CSI,中证指数有限公司,债券指数,20181228,20260409,CSI
932703CNY050.CSI,10+高等级综合债(利),CSI,中证指数有限公司,债券指数,20181228,20260409,CSI
932703CNY060.CSI,10+高等级综合债(税),CSI,中证指数有限公司,债券指数,20181228,20260409,CSI
932704.CSI,交易所AAA综合债,CSI,中证指数有限公司,债券指数,20181228,20260413,CSI
932704CNY030.CSI,交易所AAA综合债(全),CSI,中证指数有限公司,债券指数,20181228,20260413,CSI
932704CNY040.CSI,交易所AAA综合债(净),CSI,中证指数有限公司,债券指数,20181228,20260413,CSI
932704CNY050.CSI,交易所AAA综合债(利),CSI,中证指数有限公司,债券指数,20181228,20260413,CSI
932704CNY060.CSI,交易所AAA综合债(税),CSI,中证指数有限公司,债券指数,20181228,20260413,CSI
932705.CSI,交易所短期AAA综合债,CSI,中证指数有限公司,债券指数,20181228,20260413,CSI
932705CNY030.CSI,交易所短期AAA综合债(全),CSI,中证指数有限公司,债券指数,20181228,20260413,CSI
932705CNY040.CSI,交易所短期AAA综合债(净),CSI,中证指数有限公司,债券指数,20181228,20260413,CSI
932705CNY050.CSI,交易所短期AAA综合债(利),CSI,中证指数有限公司,债券指数,20181228,20260413,CSI
932705CNY060.CSI,交易所短期AAA综合债(税),CSI,中证指数有限公司,债券指数,20181228,20260413,CSI
932706.CSI,交易所0-3AAA综合债,CSI,中证指数有限公司,债券指数,20181228,20260413,CSI
932706CNY030.CSI,交易所0-3AAA综合债(全),CSI,中证指数有限公司,债券指数,20181228,20260413,CSI
932706CNY040.CSI,交易所0-3AAA综合债(净),CSI,中证指数有限公司,债券指数,20181228,20260413,CSI
932706CNY050.CSI,交易所0-3AAA综合债(利),CSI,中证指数有限公司,债券指数,20181228,20260413,CSI
932706CNY060.CSI,交易所0-3AAA综合债(税),CSI,中证指数有限公司,债券指数,20181228,20260413,CSI
932707.CSI,交易所0-5AAA综合债,CSI,中证指数有限公司,债券指数,20181228,20260413,CSI
932707CNY030.CSI,交易所0-5AAA综合债(全),CSI,中证指数有限公司,债券指数,20181228,20260413,CSI
932707CNY040.CSI,交易所0-5AAA综合债(净),CSI,中证指数有限公司,债券指数,20181228,20260413,CSI
932707CNY050.CSI,交易所0-5AAA综合债(利),CSI,中证指数有限公司,债券指数,20181228,20260413,CSI
932707CNY060.CSI,交易所0-5AAA综合债(税),CSI,中证指数有限公司,债券指数,20181228,20260413,CSI
932708.CSI,交易所0-7AAA综合债,CSI,中证指数有限公司,债券指数,20181228,20260413,CSI
932708CNY030.CSI,交易所0-7AAA综合债(全),CSI,中证指数有限公司,债券指数,20181228,20260413,CSI
932708CNY040.CSI,交易所0-7AAA综合债(净),CSI,中证指数有限公司,债券指数,20181228,20260413,CSI
932708CNY050.CSI,交易所0-7AAA综合债(利),CSI,中证指数有限公司,债券指数,20181228,20260413,CSI
932708CNY060.CSI,交易所0-7AAA综合债(税),CSI,中证指数有限公司,债券指数,20181228,20260413,CSI
932709.CSI,交易所0-10AAA综合债,CSI,中证指数有限公司,债券指数,20181228,20260413,CSI
932709CNY030.CSI,交易所0-10AAA综合债(全),CSI,中证指数有限公司,债券指数,20181228,20260413,CSI
932709CNY040.CSI,交易所0-10AAA综合债(净),CSI,中证指数有限公司,债券指数,20181228,20260413,CSI
932709CNY050.CSI,交易所0-10AAA综合债(利),CSI,中证指数有限公司,债券指数,20181228,20260413,CSI
932709CNY060.CSI,交易所0-10AAA综合债(税),CSI,中证指数有限公司,债券指数,20181228,20260413,CSI
932710.CSI,交易所3-5AAA综合债,CSI,中证指数有限公司,债券指数,20181228,20260413,CSI
932710CNY030.CSI,交易所3-5AAA综合债(全),CSI,中证指数有限公司,债券指数,20181228,20260413,CSI
932710CNY040.CSI,交易所3-5AAA综合债(净),CSI,中证指数有限公司,债券指数,20181228,20260413,CSI
932710CNY050.CSI,交易所3-5AAA综合债(利),CSI,中证指数有限公司,债券指数,20181228,20260413,CSI
932710CNY060.CSI,交易所3-5AAA综合债(税),CSI,中证指数有限公司,债券指数,20181228,20260413,CSI
932711.CSI,交易所5-7AAA综合债,CSI,中证指数有限公司,债券指数,20181228,20260413,CSI
932711CNY030.CSI,交易所5-7AAA综合债(全),CSI,中证指数有限公司,债券指数,20181228,20260413,CSI
932711CNY040.CSI,交易所5-7AAA综合债(净),CSI,中证指数有限公司,债券指数,20181228,20260413,CSI
932711CNY050.CSI,交易所5-7AAA综合债(利),CSI,中证指数有限公司,债券指数,20181228,20260413,CSI
932711CNY060.CSI,交易所5-7AAA综合债(税),CSI,中证指数有限公司,债券指数,20181228,20260413,CSI
932712.CSI,交易所5-10AAA综合债,CSI,中证指数有限公司,债券指数,20181228,20260413,CSI
932712CNY030.CSI,交易所5-10AAA综合债(全),CSI,中证指数有限公司,债券指数,20181228,20260413,CSI
932712CNY040.CSI,交易所5-10AAA综合债(净),CSI,中证指数有限公司,债券指数,20181228,20260413,CSI
932712CNY050.CSI,交易所5-10AAA综合债(利),CSI,中证指数有限公司,债券指数,20181228,20260413,CSI
932712CNY060.CSI,交易所5-10AAA综合债(税),CSI,中证指数有限公司,债券指数,20181228,20260413,CSI
932713.CSI,交易所7-10AAA综合债,CSI,中证指数有限公司,债券指数,20181228,20260413,CSI
932713CNY030.CSI,交易所7-10AAA综合债(全),CSI,中证指数有限公司,债券指数,20181228,20260413,CSI
932713CNY040.CSI,交易所7-10AAA综合债(净),CSI,中证指数有限公司,债券指数,20181228,20260413,CSI
932713CNY050.CSI,交易所7-10AAA综合债(利),CSI,中证指数有限公司,债券指数,20181228,20260413,CSI
932713CNY060.CSI,交易所7-10AAA综合债(税),CSI,中证指数有限公司,债券指数,20181228,20260413,CSI
932714.CSI,交易所10+AAA综合债,CSI,中证指数有限公司,债券指数,20181228,20260413,CSI
932714CNY030.CSI,交易所10+AAA综合债(全),CSI,中证指数有限公司,债券指数,20181228,20260413,CSI
932714CNY040.CSI,交易所10+AAA综合债(净),CSI,中证指数有限公司,债券指数,20181228,20260413,CSI
932714CNY050.CSI,交易所10+AAA综合债(利),CSI,中证指数有限公司,债券指数,20181228,20260413,CSI
932714CNY060.CSI,交易所10+AAA综合债(税),CSI,中证指数有限公司,债券指数,20181228,20260413,CSI
932721.CSI,大湾区综合债,CSI,中证指数有限公司,债券指数,20181228,20260814,CSI
932721CNY040.CSI,大湾区综合债(净),CSI,中证指数有限公司,债券指数,20181228,20260814,CSI
932721CNY050.CSI,大湾区综合债(利),CSI,中证指数有限公司,债券指数,20181228,20260814,CSI
932721CNY060.CSI,大湾区综合债(税),CSI,中证指数有限公司,债券指数,20181228,20260814,CSI
932722.CSI,大湾区绿债,CSI,中证指数有限公司,债券指数,20181228,20260814,CSI
932722CNY040.CSI,大湾区绿债(净),CSI,中证指数有限公司,债券指数,20181228,20260814,CSI
932722CNY050.CSI,大湾区绿债(利),CSI,中证指数有限公司,债券指数,20181228,20260814,CSI
932722CNY060.CSI,大湾区绿债(税),CSI,中证指数有限公司,债券指数,20181228,20260814,CSI
932723.CSI,大湾区科创债,CSI,中证指数有限公司,债券指数,20220630,20260814,CSI
932723CNY040.CSI,大湾区科创债(净),CSI,中证指数有限公司,债券指数,20220630,20260814,CSI
932723CNY050.CSI,大湾区科创债(利),CSI,中证指数有限公司,债券指数,20220630,20260814,CSI
932723CNY060.CSI,大湾区科创债(税),CSI,中证指数有限公司,债券指数,20220630,20260814,CSI
932726.CSI,粮食产业,CSI,中证指数有限公司,主题指数,20191231,20150508,CSI
932726CNY010.CSI,粮食产业全收益,CSI,中证指数有限公司,主题指数,20191231,20150508,CSI
932731.CSI,香港新能源,CSI,中证指数有限公司,主题指数,20181231,20260731,CSI
932731CNY100.CSI,香港新能源人民币中间价,CSI,中证指数有限公司,主题指数,20181231,20260731,CSI
932731CNY110.CSI,香港新能源人民币中间价(全),CSI,中证指数有限公司,主题指数,20181231,20260731,CSI
932731CNY120.CSI,香港新能源人民币中间价(净),CSI,中证指数有限公司,主题指数,20181231,20260731,CSI
932731CNY200.CSI,香港新能源CNY,CSI,中证指数有限公司,主题指数,20181231,20260731,CSI
932731CNY210.CSI,香港新能源(全)CNY,CSI,中证指数有限公司,主题指数,20181231,20260731,CSI
932731CNY220.CSI,香港新能源(净)CNY,CSI,中证指数有限公司,主题指数,20181231,20260731,CSI
932731HKD210.CSI,香港新能源(全),CSI,中证指数有限公司,主题指数,20181231,20260731,CSI
932731HKD220.CSI,香港新能源(净),CSI,中证指数有限公司,主题指数,20181231,20260731,CSI
932731USD200.CSI,香港新能源USD,CSI,中证指数有限公司,主题指数,20181231,20260731,CSI
932731USD210.CSI,香港新能源(全)USD,CSI,中证指数有限公司,主题指数,20181231,20260731,CSI
932731USD220.CSI,香港新能源(净)USD,CSI,中证指数有限公司,主题指数,20181231,20260731,CSI
932732.CSI,招银PBROE,CSI,中证指数有限公司,主题指数,20111230,20260831,CSI
932732CNY010.CSI,招银PBROE全收益,CSI,中证指数有限公司,主题指数,20111230,20260831,CSI
932732CNY020.CSI,招银PBROE净收益,CSI,中证指数有限公司,主题指数,20111230,20260831,CSI
932739.CSI,香港半导体,CSI,中证指数有限公司,主题指数,20181231,20260731,CSI
932739CNY100.CSI,香港半导体人民币中间价,CSI,中证指数有限公司,主题指数,20181231,20260731,CSI
932739CNY110.CSI,香港半导体人民币中间价(全),CSI,中证指数有限公司,主题指数,20181231,20260731,CSI
932739CNY120.CSI,香港半导体人民币中间价(净),CSI,中证指数有限公司,主题指数,20181231,20260731,CSI
932739CNY200.CSI,香港半导体CNY,CSI,中证指数有限公司,主题指数,20181231,20260731,CSI
932739CNY210.CSI,香港半导体(全)CNY,CSI,中证指数有限公司,主题指数,20181231,20260731,CSI
932739CNY220.CSI,香港半导体(净)CNY,CSI,中证指数有限公司,主题指数,20181231,20260731,CSI
932739HKD210.CSI,香港半导体(全),CSI,中证指数有限公司,主题指数,20181231,20260731,CSI
932739HKD220.CSI,香港半导体(净),CSI,中证指数有限公司,主题指数,20181231,20260731,CSI
932739USD200.CSI,香港半导体USD,CSI,中证指数有限公司,主题指数,20181231,20260731,CSI
932739USD210.CSI,香港半导体(全)USD,CSI,中证指数有限公司,主题指数,20181231,20260731,CSI
932739USD220.CSI,香港半导体(净)USD,CSI,中证指数有限公司,主题指数,20181231,20260731,CSI
932745.CSI,智选制造业转型升级,CSI,中证指数有限公司,主题指数,20191231,20260818,CSI
932745CNY010.CSI,智选制造业转型升级全收益,CSI,中证指数有限公司,主题指数,20191231,20260818,CSI
932758.CSI,交易所央企债,CSI,中证指数有限公司,债券指数,20171229,20241120,CSI
932758CNY040.CSI,交易所央企债(净),CSI,中证指数有限公司,债券指数,20171229,20241120,CSI
932758CNY050.CSI,交易所央企债(利),CSI,中证指数有限公司,债券指数,20171229,20241120,CSI
932758CNY060.CSI,交易所央企债(税),CSI,中证指数有限公司,债券指数,20171229,20241120,CSI
932759.CSI,交易所短期央企债,CSI,中证指数有限公司,债券指数,20171229,20241120,CSI
932759CNY040.CSI,交易所短期央企债(净),CSI,中证指数有限公司,债券指数,20171229,20241120,CSI
932759CNY050.CSI,交易所短期央企债(利),CSI,中证指数有限公司,债券指数,20171229,20241120,CSI
932759CNY060.CSI,交易所短期央企债(税),CSI,中证指数有限公司,债券指数,20171229,20241120,CSI
932760.CSI,交易所0-3年央企债,CSI,中证指数有限公司,债券指数,20171229,20241120,CSI
932760CNY040.CSI,交易所0-3年央企债(净),CSI,中证指数有限公司,债券指数,20171229,20241120,CSI
932760CNY050.CSI,交易所0-3年央企债(利),CSI,中证指数有限公司,债券指数,20171229,20241120,CSI
932760CNY060.CSI,交易所0-3年央企债(税),CSI,中证指数有限公司,债券指数,20171229,20241120,CSI
932761.CSI,交易所0-5年央企债,CSI,中证指数有限公司,债券指数,20171229,20241120,CSI
932761CNY040.CSI,交易所0-5年央企债(净),CSI,中证指数有限公司,债券指数,20171229,20241120,CSI
932761CNY050.CSI,交易所0-5年央企债(利),CSI,中证指数有限公司,债券指数,20171229,20241120,CSI
932761CNY060.CSI,交易所0-5年央企债(税),CSI,中证指数有限公司,债券指数,20171229,20241120,CSI
932762.CSI,交易所3-7年央企债,CSI,中证指数有限公司,债券指数,20171229,20241120,CSI
932762CNY040.CSI,交易所3-7年央企债(净),CSI,中证指数有限公司,债券指数,20171229,20241120,CSI
932762CNY050.CSI,交易所3-7年央企债(利),CSI,中证指数有限公司,债券指数,20171229,20241120,CSI
932762CNY060.CSI,交易所3-7年央企债(税),CSI,中证指数有限公司,债券指数,20171229,20241120,CSI
932763.CSI,交易所5-10年央企债,CSI,中证指数有限公司,债券指数,20171229,20241120,CSI
932763CNY040.CSI,交易所5-10年央企债(净),CSI,中证指数有限公司,债券指数,20171229,20241120,CSI
932763CNY050.CSI,交易所5-10年央企债(利),CSI,中证指数有限公司,债券指数,20171229,20241120,CSI
932763CNY060.CSI,交易所5-10年央企债(税),CSI,中证指数有限公司,债券指数,20171229,20241120,CSI
932765.CSI,船舶海工产业,CSI,中证指数有限公司,主题指数,20081231,20090722,CSI
932765CNY010.CSI,船舶海工产业全收益,CSI,中证指数有限公司,主题指数,20081231,20090722,CSI
933000.CSI,沪深300(净)HKD(CNH),CSI,中证指数有限公司,规模指数,20041231,20050408,CSI
940048.CSI,G60综指全收益,CSI,中证指数有限公司,主题指数,20160524,20191129,CSI
940049.CSI,G60成指全收益,CSI,中证指数有限公司,主题指数,20160524,20191129,CSI
940083.CSI,上证长三角全收益,CSI,中证指数有限公司,主题指数,20121231,20191022,CSI
940084.CSI,2年国债(净),CSI,中证指数有限公司,债券指数,20081231,20191226,CSI
940108.CSI,上证民企公司债(净),CSI,中证指数有限公司,债券指数,20111231,20200114,CSI
940188.CSI,上证3-7年地债(净),CSI,中证指数有限公司,债券指数,20131231,20200421,CSI
940189.CSI,沪新基建全收益,CSI,中证指数有限公司,主题指数,20141231,20200707,CSI
950041.CSI,上证投资级转债及可交换债,CSI,中证指数有限公司、上海证券交易所,债券指数,20081231,20190425,CSI
950045.CSI,上证5年期地债,CSI,中证指数有限公司、上海证券交易所,债券指数,20131231,20190129,CSI
950046.CSI,上证3年期地债,CSI,中证指数有限公司、上海证券交易所,债券指数,20131231,20190129,CSI
950047.CSI,上证1-5年地债,CSI,中证指数有限公司、上海证券交易所,债券指数,20131231,20190425,CSI
950048.CSI,G60综指,CSI,中证指数有限公司、上海证券交易所,主题指数,20160524,20191129,CSI
950049.CSI,G60成指,CSI,中证指数有限公司、上海证券交易所,主题指数,20160524,20191129,CSI
950050.CSI,沪红利配置,CSI,中证指数有限公司、上海证券交易所,多资产指数,20131231,20190422,CSI
950051.CSI,沪转债L,CSI,中证指数有限公司、上海证券交易所,债券指数,20081231,20191115,CSI
950070.CSI,上证汽车,CSI,中证指数有限公司、上海证券交易所,主题指数,20041231,20150421,CSI
950071.CSI,上证基建,CSI,中证指数有限公司、上海证券交易所,主题指数,20041231,20150421,CSI
950072.CSI,沪信安全,CSI,中证指数有限公司、上海证券交易所,主题指数,20101231,20150713,CSI
950073.CSI,沪互联网,CSI,中证指数有限公司、上海证券交易所,主题指数,20120629,20150529,CSI
950074.CSI,沪互金融,CSI,中证指数有限公司、上海证券交易所,主题指数,20120629,20150529,CSI
950075.CSI,沪现代农,CSI,中证指数有限公司、上海证券交易所,主题指数,20101231,20150713,CSI
950076.CSI,50两倍,CSI,中证指数有限公司、上海证券交易所,策略指数,20090630,20150616,CSI
950077.CSI,50反向,CSI,中证指数有限公司、上海证券交易所,策略指数,20090630,20150616,CSI
950078.CSI,50反两,CSI,中证指数有限公司、上海证券交易所,策略指数,20090630,20150616,CSI
950079.CSI,上证混改,CSI,中证指数有限公司、上海证券交易所,主题指数,20131231,20150803,CSI
950080.CSI,中小企改,CSI,中证指数有限公司、上海证券交易所,主题指数,20131231,20150803,CSI
950081.CSI,180碳效,CSI,中证指数有限公司、上海证券交易所,主题指数,20130628,20151008,CSI
950082.CSI,上海改革,CSI,中证指数有限公司、上海证券交易所,主题指数,20111231,20150803,CSI
950083.CSI,上证长三角,CSI,中证指数有限公司、上海证券交易所,主题指数,20121231,20191022,CSI
950084.CSI,2年国债,CSI,中证指数有限公司、上海证券交易所,债券指数,20081231,20191226,CSI
950085.CSI,沪物联网,CSI,中证指数有限公司、上海证券交易所,主题指数,20120629,20151029,CSI
950086.CSI,沪自贸区,CSI,中证指数有限公司、上海证券交易所,主题指数,20131231,20151127,CSI
950087.CSI,上证海洋,CSI,中证指数有限公司、上海证券交易所,主题指数,20091231,20151127,CSI
950088.CSI,沪轻资产,CSI,中证指数有限公司、上海证券交易所,主题指数,20041231,20151127,CSI
950089.CSI,上证电子,CSI,中证指数有限公司、上海证券交易所,主题指数,20041231,20151127,CSI
950090.CSI,50AH优选,CSI,中证指数有限公司、上海证券交易所,策略指数,20041231,20151210,CSI
950091.CSI,50AH优选HKD,CSI,中证指数有限公司、上海证券交易所,策略指数,20041231,20151210,CSI
950092.CSI,上证180优选,CSI,中证指数有限公司、上海证券交易所,策略指数,20041231,20151210,CSI
950093.CSI,上证180优选HKD,CSI,中证指数有限公司、上海证券交易所,策略指数,20041231,20151210,CSI
950094.CSI,上证增持,CSI,中证指数有限公司、上海证券交易所,策略指数,20111231,20160411,CSI
950095.CSI,上证定增,CSI,中证指数有限公司、上海证券交易所,策略指数,20111231,20160411,CSI
950096.CSI,上海国企,CSI,中证指数有限公司、上海证券交易所,主题指数,20121231,20160511,CSI
950097.CSI,沪供给侧,CSI,中证指数有限公司、上海证券交易所,主题指数,20131231,20160624,CSI
950098.CSI,180SNLV,CSI,中证指数有限公司、上海证券交易所,策略指数,20041231,20160624,CSI
950099.CSI,380SNLV,CSI,中证指数有限公司、上海证券交易所,策略指数,20041231,20160624,CSI
950100.CSI,上高股息,CSI,中证指数有限公司、上海证券交易所,策略指数,20041231,20160712,CSI
950101.CSI,沪智能造,CSI,中证指数有限公司、上海证券交易所,主题指数,20120629,20160720,CSI
950102.CSI,上证周期债,CSI,中证指数有限公司、上海证券交易所,债券指数,20071231,20160819,CSI
950103.CSI,智选科创半导体,CSI,中证指数有限公司、上海证券交易所,主题指数,20191231,20240516,CSI
950103CNY010.CSI,智选科创半导体全收益,CSI,中证指数有限公司、上海证券交易所,主题指数,20191231,20240516,CSI
950103CNY020.CSI,智选科创半导体净收益,CSI,中证指数有限公司、上海证券交易所,主题指数,20191231,20240516,CSI
950105.CSI,上证证券,CSI,中证指数有限公司、上海证券交易所,行业指数,20121231,20161018,CSI
950106.CSI,上证创新,CSI,中证指数有限公司、上海证券交易所,主题指数,20121231,20161019,CSI
950107.CSI,380创新,CSI,中证指数有限公司、上海证券交易所,主题指数,20121231,20161019,CSI
950108.CSI,上证民企公司债,CSI,中证指数有限公司、上海证券交易所,债券指数,20111231,20200114,CSI
950109.CSI,上证10年地债,CSI,中证指数有限公司、上海证券交易所,债券指数,20131231,20161114,CSI
950110.CSI,上证超长国债,CSI,中证指数有限公司、上海证券交易所,债券指数,20081231,20161114,CSI
950110CNY030.CSI,上证超长国债(全),CSI,中证指数有限公司、上海证券交易所,债券指数,20081231,20260626,CSI
950111.CSI,沪短期AAA央企债,CSI,中证指数有限公司、上海证券交易所,债券指数,20161230,20230508,CSI
950111CNY04.CSI,沪短期AAA央企债(净),CSI,中证指数有限公司、上海证券交易所,债券指数,20161230,20230508,CSI
950111CNY05.CSI,沪短期AAA央企债(利),CSI,中证指数有限公司、上海证券交易所,债券指数,20161230,20230508,CSI
950111CNY06.CSI,沪短期AAA央企债(税),CSI,中证指数有限公司、上海证券交易所,债券指数,20161230,20230508,CSI
950112.CSI,沪短期高等级信用债,CSI,中证指数有限公司、上海证券交易所,债券指数,20161230,20230508,CSI
950112CNY04.CSI,沪短期高等级信用债(净),CSI,中证指数有限公司、上海证券交易所,债券指数,20161230,20230508,CSI
950112CNY05.CSI,沪短期高等级信用债(利),CSI,中证指数有限公司、上海证券交易所,债券指数,20161230,20230508,CSI
950112CNY06.CSI,沪短期高等级信用债(税),CSI,中证指数有限公司、上海证券交易所,债券指数,20161230,20230508,CSI
950113.CSI,沪质中高债3-5,CSI,中证指数有限公司、上海证券交易所,债券指数,20081231,20170223,CSI
950115.CSI,上证ABS,CSI,中证指数有限公司、上海证券交易所,债券指数,20161230,20240202,CSI
950115CNY040.CSI,上证ABS(净),CSI,中证指数有限公司、上海证券交易所,债券指数,20161230,20240202,CSI
950115CNY050.CSI,上证ABS(利),CSI,中证指数有限公司、上海证券交易所,债券指数,20161230,20240202,CSI
950115CNY060.CSI,上证ABS(税),CSI,中证指数有限公司、上海证券交易所,债券指数,20161230,20240202,CSI
950116.CSI,上证优先级ABS,CSI,中证指数有限公司、上海证券交易所,债券指数,20161230,20240202,CSI
950116CNY040.CSI,上证优先级ABS(净),CSI,中证指数有限公司、上海证券交易所,债券指数,20161230,20240202,CSI
950116CNY050.CSI,上证优先级ABS(利),CSI,中证指数有限公司、上海证券交易所,债券指数,20161230,20240202,CSI
950116CNY060.CSI,上证优先级ABS(税),CSI,中证指数有限公司、上海证券交易所,债券指数,20161230,20240202,CSI
950117.CSI,上证绿色债,CSI,中证指数有限公司、上海证券交易所,债券指数,20161230,20170619,CSI
950118.CSI,上证绿色公司债,CSI,中证指数有限公司、上海证券交易所,债券指数,20161230,20170619,CSI
950119.CSI,上证可交换债,CSI,中证指数有限公司、上海证券交易所,债券指数,20151231,20190129,CSI
950120.CSI,上证转债及可交换债,CSI,中证指数有限公司、上海证券交易所,债券指数,20021231,20190129,CSI
950122.CSI,沪长三角高等级绿债,CSI,中证指数有限公司、上海证券交易所,债券指数,20171229,20231025,CSI
950122CNY040.CSI,沪长三角高等级绿债(净),CSI,中证指数有限公司,债券指数,20171229,20231025,CSI
950122CNY050.CSI,沪长三角高等级绿债(利),CSI,中证指数有限公司,债券指数,20171229,20231025,CSI
950122CNY060.CSI,沪长三角高等级绿债(税),CSI,中证指数有限公司,债券指数,20171229,20231025,CSI
950125.CSI,科创半导体材料设备,CSI,中证指数有限公司、上海证券交易所,主题指数,20191231,20240726,CSI
950125CNY010.CSI,科创半导体材料设备全收益,CSI,中证指数有限公司、上海证券交易所,主题指数,20191231,20240726,CSI
950125CNY020.CSI,科创半导体材料设备净收益,CSI,中证指数有限公司、上海证券交易所,主题指数,20191231,20240726,CSI
950126.CSI,沪信用债AAA,CSI,中证指数有限公司、上海证券交易所,债券指数,20111231,20190627,CSI
950127.CSI,沪信用债AA+,CSI,中证指数有限公司、上海证券交易所,债券指数,20081231,20190627,CSI
950128.CSI,沪信用债AA,CSI,中证指数有限公司、上海证券交易所,债券指数,20081231,20190627,CSI
950129.CSI,沪信用债0-1,CSI,中证指数有限公司、上海证券交易所,债券指数,20111231,20190627,CSI
950130.CSI,沪信用债1-3,CSI,中证指数有限公司、上海证券交易所,债券指数,20081231,20190627,CSI
950131.CSI,沪信用债3-5,CSI,中证指数有限公司、上海证券交易所,债券指数,20111231,20190627,CSI
950132.CSI,沪信用债5-7,CSI,中证指数有限公司、上海证券交易所,债券指数,20071231,20190627,CSI
950133.CSI,沪信用债7-10,CSI,中证指数有限公司、上海证券交易所,债券指数,20111231,20190627,CSI
950134.CSI,沪信用债1-5,CSI,中证指数有限公司、上海证券交易所,债券指数,20111231,20190627,CSI
950135.CSI,沪信用债中高等级,CSI,中证指数有限公司、上海证券交易所,债券指数,20071231,20190627,CSI
950136.CSI,沪信用债0-1中高等级,CSI,中证指数有限公司、上海证券交易所,债券指数,20111231,20190627,CSI
950137.CSI,沪信用债1-3中高等级,CSI,中证指数有限公司、上海证券交易所,债券指数,20071231,20190627,CSI
950138.CSI,沪信用债3-5中高等级,CSI,中证指数有限公司、上海证券交易所,债券指数,20071231,20190627,CSI
950139.CSI,沪信用债5-7中高等级,CSI,中证指数有限公司、上海证券交易所,债券指数,20071231,20190627,CSI
950140.CSI,沪信用债7-10中高等级,CSI,中证指数有限公司、上海证券交易所,债券指数,20111231,20190627,CSI
950141.CSI,沪信用债1-5中高等级,CSI,中证指数有限公司、上海证券交易所,债券指数,20071231,20190627,CSI
950142.CSI,沪AAA短期信用债,CSI,中证指数有限公司、上海证券交易所,债券指数,20111231,20190627,CSI
950143.CSI,沪信用债1-3AAA,CSI,中证指数有限公司、上海证券交易所,债券指数,20111231,20190627,CSI
950144.CSI,沪信用债3-5AAA,CSI,中证指数有限公司、上海证券交易所,债券指数,20111231,20190627,CSI
950145.CSI,沪信用债5-7AAA,CSI,中证指数有限公司、上海证券交易所,债券指数,20111231,20190627,CSI
950146.CSI,沪信用债7-10AAA,CSI,中证指数有限公司、上海证券交易所,债券指数,20111231,20190627,CSI
950147.CSI,沪信用债1-5AAA,CSI,中证指数有限公司、上海证券交易所,债券指数,20111231,20190627,CSI
950148.CSI,沪信用债0-1AA+,CSI,中证指数有限公司、上海证券交易所,债券指数,20111231,20190627,CSI
950149.CSI,沪信用债1-3AA+,CSI,中证指数有限公司、上海证券交易所,债券指数,20091231,20190627,CSI
950150.CSI,沪信用债3-5AA+,CSI,中证指数有限公司、上海证券交易所,债券指数,20081231,20190627,CSI
950151.CSI,沪信用债5-7AA+,CSI,中证指数有限公司、上海证券交易所,债券指数,20081231,20190627,CSI
950152.CSI,沪信用债7-10AA+,CSI,中证指数有限公司、上海证券交易所,债券指数,20091231,20190627,CSI
950153.CSI,沪信用债1-5AA+,CSI,中证指数有限公司、上海证券交易所,债券指数,20081231,20190627,CSI
950154.CSI,沪信用债0-1AA,CSI,中证指数有限公司、上海证券交易所,债券指数,20121231,20190627,CSI
950155.CSI,沪信用债1-3AA,CSI,中证指数有限公司、上海证券交易所,债券指数,20091231,20190627,CSI
950156.CSI,沪信用债3-5AA,CSI,中证指数有限公司、上海证券交易所,债券指数,20081231,20190627,CSI
950157.CSI,沪信用债5-7AA,CSI,中证指数有限公司、上海证券交易所,债券指数,20081231,20190627,CSI
950158.CSI,沪信用债7-10AA,CSI,中证指数有限公司、上海证券交易所,债券指数,20091231,20190627,CSI
950159.CSI,沪信用债1-5AA,CSI,中证指数有限公司、上海证券交易所,债券指数,20081231,20190627,CSI
950161.CSI,科创新药,CSI,中证指数有限公司、上海证券交易所,主题指数,20221230,20240823,CSI
950161CNY010.CSI,科创新药全收益,CSI,中证指数有限公司、上海证券交易所,主题指数,20221230,20240823,CSI
950161CNY020.CSI,科创新药净收益,CSI,中证指数有限公司、上海证券交易所,主题指数,20221230,20240823,CSI
950162.CSI,科创芯片设计,CSI,中证指数有限公司、上海证券交易所,主题指数,20191231,20240726,CSI
950162CNY010.CSI,科创芯片设计全收益,CSI,中证指数有限公司、上海证券交易所,主题指数,20191231,20240726,CSI
950162CNY020.CSI,科创芯片设计净收益,CSI,中证指数有限公司、上海证券交易所,主题指数,20191231,20240726,CSI
950165.CSI,沪科创债,CSI,中证指数有限公司、上海证券交易所,债券指数,20220630,20230824,CSI
950165CNY040.CSI,沪科创债(净),CSI,中证指数有限公司、上海证券交易所,债券指数,20220630,20230824,CSI
950165CNY050.CSI,沪科创债(利),CSI,中证指数有限公司、上海证券交易所,债券指数,20220630,20230824,CSI
950165CNY060.CSI,沪科创债(税),CSI,中证指数有限公司、上海证券交易所,债券指数,20220630,20230824,CSI
950166.CSI,沪高等级科创债,CSI,中证指数有限公司、上海证券交易所,债券指数,20220630,20230824,CSI
950166CNY040.CSI,沪高等级科创债(净),CSI,中证指数有限公司、上海证券交易所,债券指数,20220630,20230824,CSI
950166CNY050.CSI,沪高等级科创债(利),CSI,中证指数有限公司、上海证券交易所,债券指数,20220630,20230824,CSI
950166CNY060.CSI,沪高等级科创债(税),CSI,中证指数有限公司、上海证券交易所,债券指数,20220630,20230824,CSI
950167.CSI,沪AAA科创债,CSI,中证指数有限公司、上海证券交易所,债券指数,20220630,20230824,CSI
950167CNY040.CSI,沪AAA科创债(净),CSI,中证指数有限公司、上海证券交易所,债券指数,20220630,20230824,CSI
950167CNY050.CSI,沪AAA科创债(利),CSI,中证指数有限公司、上海证券交易所,债券指数,20220630,20230824,CSI
950167CNY060.CSI,沪AAA科创债(税),CSI,中证指数有限公司、上海证券交易所,债券指数,20220630,20230824,CSI
950168.CSI,沪0-3AAA科创债,CSI,中证指数有限公司、上海证券交易所,债券指数,20220630,20230824,CSI
950168CNY040.CSI,沪0-3AAA科创债(净),CSI,中证指数有限公司、上海证券交易所,债券指数,20220630,20230824,CSI
950168CNY050.CSI,沪0-3AAA科创债(利),CSI,中证指数有限公司、上海证券交易所,债券指数,20220630,20230824,CSI
950168CNY060.CSI,沪0-3AAA科创债(税),CSI,中证指数有限公司、上海证券交易所,债券指数,20220630,20230824,CSI
950169.CSI,沪0-5AAA科创债,CSI,中证指数有限公司、上海证券交易所,债券指数,20220630,20230824,CSI
950169CNY040.CSI,沪0-5AAA科创债(净),CSI,中证指数有限公司、上海证券交易所,债券指数,20220630,20230824,CSI
950169CNY050.CSI,沪0-5AAA科创债(利),CSI,中证指数有限公司、上海证券交易所,债券指数,20220630,20230824,CSI
950169CNY060.CSI,沪0-5AAA科创债(税),CSI,中证指数有限公司、上海证券交易所,债券指数,20220630,20230824,CSI
950170.CSI,沪AAA国企科创债,CSI,中证指数有限公司、上海证券交易所,债券指数,20220630,20230824,CSI
950170CNY040.CSI,沪AAA国企科创债(净),CSI,中证指数有限公司、上海证券交易所,债券指数,20220630,20230824,CSI
950170CNY050.CSI,沪AAA国企科创债(利),CSI,中证指数有限公司、上海证券交易所,债券指数,20220630,20230824,CSI
950170CNY060.CSI,沪AAA国企科创债(税),CSI,中证指数有限公司、上海证券交易所,债券指数,20220630,20230824,CSI
950171.CSI,沪0-3AAA国企科创债,CSI,中证指数有限公司、上海证券交易所,债券指数,20220630,20230824,CSI
950171CNY040.CSI,沪0-3AAA国企科创债(净),CSI,中证指数有限公司、上海证券交易所,债券指数,20220630,20230824,CSI
950171CNY050.CSI,沪0-3AAA国企科创债(利),CSI,中证指数有限公司、上海证券交易所,债券指数,20220630,20230824,CSI
950171CNY060.CSI,沪0-3AAA国企科创债(税),CSI,中证指数有限公司、上海证券交易所,债券指数,20220630,20230824,CSI
950172.CSI,沪0-5AAA国企科创债,CSI,中证指数有限公司、上海证券交易所,债券指数,20220630,20230824,CSI
950172CNY040.CSI,沪0-5AAA国企科创债(净),CSI,中证指数有限公司、上海证券交易所,债券指数,20220630,20230824,CSI
950172CNY050.CSI,沪0-5AAA国企科创债(利),CSI,中证指数有限公司、上海证券交易所,债券指数,20220630,20230824,CSI
950172CNY060.CSI,沪0-5AAA国企科创债(税),CSI,中证指数有限公司、上海证券交易所,债券指数,20220630,20230824,CSI
950175.CSI,沪30年国债,CSI,中证指数有限公司、上海证券交易所,债券指数,20101231,20231219,CSI
950175CNY040.CSI,沪30年国债(净),CSI,中证指数有限公司、上海证券交易所,债券指数,20101231,20231219,CSI
950175CNY050.CSI,沪30年国债(利),CSI,中证指数有限公司、上海证券交易所,债券指数,20101231,20231219,CSI
950176.CSI,沪0-2国债及政金债,CSI,中证指数有限公司、上海证券交易所,债券指数,20071231,20240902,CSI
950176CNY040.CSI,沪0-2国债及政金债(净),CSI,中证指数有限公司、上海证券交易所,债券指数,20071231,20240902,CSI
950176CNY050.CSI,沪0-2国债及政金债(利),CSI,中证指数有限公司、上海证券交易所,债券指数,20071231,20240902,CSI
950177.CSI,沪1-5国债及政金债,CSI,中证指数有限公司、上海证券交易所,债券指数,20071231,20240902,CSI
950177CNY040.CSI,沪1-5国债及政金债(净),CSI,中证指数有限公司、上海证券交易所,债券指数,20071231,20240902,CSI
950177CNY050.CSI,沪1-5国债及政金债(利),CSI,中证指数有限公司、上海证券交易所,债券指数,20071231,20240902,CSI
950178.CSI,科创民企策略,CSI,中证指数有限公司、上海证券交易所,策略指数,20191231,20250723,CSI
950178CNY010.CSI,科创民企策略全收益,CSI,中证指数有限公司、上海证券交易所,策略指数,20191231,20250723,CSI
950179.CSI,上证回购,CSI,中证指数有限公司、上海证券交易所,策略指数,20181228,20231017,CSI
950179CNY010.CSI,上证回购全收益,CSI,中证指数有限公司、上海证券交易所,策略指数,20181228,20231017,CSI
950179CNY020.CSI,上证回购净收益,CSI,中证指数有限公司、上海证券交易所,策略指数,20181228,20231017,CSI
950180.CSI,科创AI,CSI,中证指数有限公司、上海证券交易所,主题指数,20221230,20240725,CSI
950180CNY010.CSI,科创AI全收益,CSI,中证指数有限公司、上海证券交易所,主题指数,20221230,20240725,CSI
950180CNY020.CSI,科创AI净收益,CSI,中证指数有限公司、上海证券交易所,主题指数,20221230,20240725,CSI
950181.CSI,上证红利增长,CSI,中证指数有限公司、上海证券交易所,策略指数,20131231,20250124,CSI
950181CNY010.CSI,上证红利增长全收益,CSI,中证指数有限公司、上海证券交易所,策略指数,20131231,20250124,CSI
950181CNY020.CSI,上证红利增长净收益,CSI,中证指数有限公司、上海证券交易所,策略指数,20131231,20250124,CSI
950182.CSI,180红利增长,CSI,中证指数有限公司、上海证券交易所,策略指数,20131231,20250124,CSI
950182CNY010.CSI,180红利增长全收益,CSI,中证指数有限公司、上海证券交易所,策略指数,20131231,20250124,CSI
950182CNY020.CSI,180红利增长净收益,CSI,中证指数有限公司、上海证券交易所,策略指数,20131231,20250124,CSI
950183.CSI,上证绿色债AAA,CSI,中证指数有限公司、上海证券交易所,债券指数,20161230,20190627,CSI
950184.CSI,上证高等级绿色债,CSI,中证指数有限公司、上海证券交易所,债券指数,20161230,20190627,CSI
950185.CSI,上证绿色企债,CSI,中证指数有限公司、上海证券交易所,债券指数,20161230,20190627,CSI
950187.CSI,50备兑,CSI,中证指数有限公司,策略指数,20150209,,CSI
950188.CSI,上证3-7年地债,CSI,中证指数有限公司、上海证券交易所,债券指数,20131231,20200421,CSI
950189.CSI,沪新基建,CSI,中证指数有限公司、上海证券交易所,主题指数,20141231,20200707,CSI
950190.CSI,上证长三角信用债,CSI,中证指数有限公司、上海证券交易所,债券指数,20141231,20200907,CSI
950190CNY04.CSI,上证长三角信用债(净),CSI,中证指数有限公司,债券指数,20141231,20200907,CSI
950190CNY05.CSI,上证长三角信用债(利),CSI,中证指数有限公司,债券指数,20141231,20200907,CSI
950190CNY06.CSI,上证长三角信用债(税),CSI,中证指数有限公司,债券指数,20141231,20200907,CSI
950191.CSI,上证长三角综合债,CSI,中证指数有限公司、上海证券交易所,债券指数,20141231,20200907,CSI
950191CNY04.CSI,上证长三角综合债(净),CSI,中证指数有限公司,债券指数,20141231,20200907,CSI
950191CNY05.CSI,上证长三角综合债(利),CSI,中证指数有限公司,债券指数,20141231,20200907,CSI
950192.CSI,上证大湾区信用债,CSI,中证指数有限公司、上海证券交易所,债券指数,20141231,20200907,CSI
950192CNY04.CSI,上证大湾区信用债(净),CSI,中证指数有限公司,债券指数,20141231,20200907,CSI
950192CNY05.CSI,上证大湾区信用债(利),CSI,中证指数有限公司,债券指数,20141231,20200907,CSI
950192CNY06.CSI,上证大湾区信用债(税),CSI,中证指数有限公司,债券指数,20141231,20200907,CSI
950193.CSI,上证大湾区综合债,CSI,中证指数有限公司、上海证券交易所,债券指数,20141231,20200907,CSI
950193CNY04.CSI,上证大湾区综合债(净),CSI,中证指数有限公司,债券指数,20141231,20200907,CSI
950193CNY05.CSI,上证大湾区综合债(利),CSI,中证指数有限公司,债券指数,20141231,20200907,CSI
950194.CSI,上证新能源车,CSI,中证指数有限公司、上海证券交易所,主题指数,20141231,20220124,CSI
950194CNY01.CSI,上证新能源车全收益,CSI,中证指数有限公司、上海证券交易所,主题指数,20141231,20220124,CSI
950196.CSI,智选科创龙头策略,CSI,中证指数有限公司、上海证券交易所,策略指数,20191231,20240304,CSI
950196CNY010.CSI,智选科创龙头策略全收益,CSI,中证指数有限公司、上海证券交易所,策略指数,20191231,20240304,CSI
950196CNY020.CSI,智选科创龙头策略净收益,CSI,中证指数有限公司、上海证券交易所,策略指数,20191231,20240304,CSI
950197.CSI,上证证券公司债,CSI,中证指数有限公司、上海证券交易所,债券指数,20161230,20210903,CSI
950197CNY04.CSI,上证证券公司债(净),CSI,中证指数有限公司,债券指数,20161230,20210903,CSI
950197CNY05.CSI,上证证券公司债(利),CSI,中证指数有限公司,债券指数,20161230,20210903,CSI
950197CNY06.CSI,上证证券公司债(税),CSI,中证指数有限公司,债券指数,20161230,20210903,CSI
950198.CSI,上证证券公司债AAA,CSI,中证指数有限公司、上海证券交易所,债券指数,20161230,20210903,CSI
950198CNY04.CSI,上证证券公司债AAA(净),CSI,中证指数有限公司,债券指数,20161230,20210903,CSI
950198CNY05.CSI,上证证券公司债AAA(利),CSI,中证指数有限公司,债券指数,20161230,20210903,CSI
950198CNY06.CSI,上证证券公司债AAA(税),CSI,中证指数有限公司,债券指数,20161230,20210903,CSI
950199.CSI,上证证券公司债高等级,CSI,中证指数有限公司、上海证券交易所,债券指数,20161230,20210903,CSI
950199CNY04.CSI,上证证券公司债高等级(净),CSI,中证指数有限公司,债券指数,20161230,20210903,CSI
950199CNY05.CSI,上证证券公司债高等级(利),CSI,中证指数有限公司,债券指数,20161230,20210903,CSI
950199CNY06.CSI,上证证券公司债高等级(税),CSI,中证指数有限公司,债券指数,20161230,20210903,CSI
950200.CSI,上证证券公司债0-3AAA,CSI,中证指数有限公司、上海证券交易所,债券指数,20161230,20210903,CSI
950200CNY04.CSI,上证证券公司债0-3AAA(净),CSI,中证指数有限公司,债券指数,20161230,20210903,CSI
950200CNY05.CSI,上证证券公司债0-3AAA(利),CSI,中证指数有限公司,债券指数,20161230,20210903,CSI
950200CNY06.CSI,上证证券公司债0-3AAA(税),CSI,中证指数有限公司,债券指数,20161230,20210903,CSI
950201.CSI,上证证券公司债0-3高等级,CSI,中证指数有限公司、上海证券交易所,债券指数,20161230,20210903,CSI
950201CNY04.CSI,上证证券公司债0-3高等级(净),CSI,中证指数有限公司,债券指数,20161230,20210903,CSI
950201CNY05.CSI,上证证券公司债0-3高等级(利),CSI,中证指数有限公司,债券指数,20161230,20210903,CSI
950201CNY06.CSI,上证证券公司债0-3高等级(税),CSI,中证指数有限公司,债券指数,20161230,20210903,CSI
950202.CSI,沪政金债,CSI,中证指数有限公司、上海证券交易所,债券指数,20141231,20211015,CSI
950202CNY04.CSI,沪政金债(净),CSI,中证指数有限公司,债券指数,20141231,20211015,CSI
950202CNY05.CSI,沪政金债(利),CSI,中证指数有限公司,债券指数,20141231,20211015,CSI
950203.CSI,沪政金债0-3,CSI,中证指数有限公司、上海证券交易所,债券指数,20141231,20211015,CSI
950203CNY04.CSI,沪政金债0-3(净),CSI,中证指数有限公司,债券指数,20141231,20211015,CSI
950203CNY05.CSI,沪政金债0-3(利),CSI,中证指数有限公司,债券指数,20141231,20211015,CSI
950204.CSI,沪政金债0-5,CSI,中证指数有限公司、上海证券交易所,债券指数,20141231,20211015,CSI
950204CNY04.CSI,沪政金债0-5(净),CSI,中证指数有限公司,债券指数,20141231,20211015,CSI
950204CNY05.CSI,沪政金债0-5(利),CSI,中证指数有限公司,债券指数,20141231,20211015,CSI
950205.CSI,上证信用债隐含AA+以上,CSI,中证指数有限公司、上海证券交易所,债券指数,20161230,20211109,CSI
950205CNY04.CSI,上证信用债隐含AA+以上(净),CSI,中证指数有限公司,债券指数,20161230,20211109,CSI
950205CNY05.CSI,上证信用债隐含AA+以上(利),CSI,中证指数有限公司,债券指数,20161230,20211109,CSI
950205CNY06.CSI,上证信用债隐含AA+以上(税),CSI,中证指数有限公司,债券指数,20161230,20211109,CSI
950206.CSI,上证信用债隐含AA以上,CSI,中证指数有限公司、上海证券交易所,债券指数,20161230,20211109,CSI
950206CNY04.CSI,上证信用债隐含AA以上(净),CSI,中证指数有限公司,债券指数,20161230,20211109,CSI
950206CNY05.CSI,上证信用债隐含AA以上(利),CSI,中证指数有限公司,债券指数,20161230,20211109,CSI
950206CNY06.CSI,上证信用债隐含AA以上(税),CSI,中证指数有限公司,债券指数,20161230,20211109,CSI
950207.CSI,上证信用债0-1隐含AA+以上,CSI,中证指数有限公司、上海证券交易所,债券指数,20161230,20211109,CSI
950207CNY04.CSI,上证信用债0-1隐含AA+以上(净),CSI,中证指数有限公司,债券指数,20161230,20211109,CSI
950207CNY05.CSI,上证信用债0-1隐含AA+以上(利),CSI,中证指数有限公司,债券指数,20161230,20211109,CSI
950207CNY06.CSI,上证信用债0-1隐含AA+以上(税),CSI,中证指数有限公司,债券指数,20161230,20211109,CSI
950208.CSI,上证信用债1-3隐含AA+以上,CSI,中证指数有限公司、上海证券交易所,债券指数,20161230,20211109,CSI
950208CNY04.CSI,上证信用债1-3隐含AA+以上(净),CSI,中证指数有限公司,债券指数,20161230,20211109,CSI
950208CNY05.CSI,上证信用债1-3隐含AA+以上(利),CSI,中证指数有限公司,债券指数,20161230,20211109,CSI
950208CNY06.CSI,上证信用债1-3隐含AA+以上(税),CSI,中证指数有限公司,债券指数,20161230,20211109,CSI
950209.CSI,上证信用债1-5隐含AA+以上,CSI,中证指数有限公司、上海证券交易所,债券指数,20161230,20211109,CSI
950209CNY04.CSI,上证信用债1-5隐含AA+以上(净),CSI,中证指数有限公司,债券指数,20161230,20211109,CSI
950209CNY05.CSI,上证信用债1-5隐含AA+以上(利),CSI,中证指数有限公司,债券指数,20161230,20211109,CSI
950209CNY06.CSI,上证信用债1-5隐含AA+以上(税),CSI,中证指数有限公司,债券指数,20161230,20211109,CSI
950210.CSI,上证信用债3-5隐含AA+以上,CSI,中证指数有限公司、上海证券交易所,债券指数,20161230,20211109,CSI
950210CNY04.CSI,上证信用债3-5隐含AA+以上(净),CSI,中证指数有限公司,债券指数,20161230,20211109,CSI
950210CNY05.CSI,上证信用债3-5隐含AA+以上(利),CSI,中证指数有限公司,债券指数,20161230,20211109,CSI
950210CNY06.CSI,上证信用债3-5隐含AA+以上(税),CSI,中证指数有限公司,债券指数,20161230,20211109,CSI
950211.CSI,上证信用债0-1隐含AA以上,CSI,中证指数有限公司、上海证券交易所,债券指数,20161230,20211109,CSI
950211CNY04.CSI,上证信用债0-1隐含AA以上(净),CSI,中证指数有限公司,债券指数,20161230,20211109,CSI
950211CNY05.CSI,上证信用债0-1隐含AA以上(利),CSI,中证指数有限公司,债券指数,20161230,20211109,CSI
950211CNY06.CSI,上证信用债0-1隐含AA以上(税),CSI,中证指数有限公司,债券指数,20161230,20211109,CSI
950212.CSI,上证信用债1-3隐含AA以上,CSI,中证指数有限公司、上海证券交易所,债券指数,20161230,20211109,CSI
950212CNY04.CSI,上证信用债1-3隐含AA以上(净),CSI,中证指数有限公司,债券指数,20161230,20211109,CSI
950212CNY05.CSI,上证信用债1-3隐含AA以上(利),CSI,中证指数有限公司,债券指数,20161230,20211109,CSI
950212CNY06.CSI,上证信用债1-3隐含AA以上(税),CSI,中证指数有限公司,债券指数,20161230,20211109,CSI
950213.CSI,上证信用债1-5隐含AA以上,CSI,中证指数有限公司、上海证券交易所,债券指数,20161230,20211109,CSI
950213CNY04.CSI,上证信用债1-5隐含AA以上(净),CSI,中证指数有限公司,债券指数,20161230,20211109,CSI
950213CNY05.CSI,上证信用债1-5隐含AA以上(利),CSI,中证指数有限公司,债券指数,20161230,20211109,CSI
950213CNY06.CSI,上证信用债1-5隐含AA以上(税),CSI,中证指数有限公司,债券指数,20161230,20211109,CSI
950214.CSI,上证信用债3-5隐含AA以上,CSI,中证指数有限公司、上海证券交易所,债券指数,20161230,20211109,CSI
950214CNY04.CSI,上证信用债3-5隐含AA以上(净),CSI,中证指数有限公司,债券指数,20161230,20211109,CSI
950214CNY05.CSI,上证信用债3-5隐含AA以上(利),CSI,中证指数有限公司,债券指数,20161230,20211109,CSI
950214CNY06.CSI,上证信用债3-5隐含AA以上(税),CSI,中证指数有限公司,债券指数,20161230,20211109,CSI
950215.CSI,180金融行业,CSI,中证指数有限公司、上海证券交易所,行业指数,20071228,20220721,CSI
950215CNY01.CSI,180金融行业全收益,CSI,中证指数有限公司、上海证券交易所,行业指数,20071228,20220721,CSI
950216.CSI,380地产,CSI,中证指数有限公司、上海证券交易所,行业指数,20071228,20220721,CSI
950216CNY01.CSI,380地产全收益,CSI,中证指数有限公司、上海证券交易所,行业指数,20071228,20220721,CSI
950217.CSI,上证地产,CSI,中证指数有限公司、上海证券交易所,行业指数,20071228,20220721,CSI
950217CNY01.CSI,上证地产全收益,CSI,中证指数有限公司、上海证券交易所,行业指数,20071228,20220721,CSI
950218.CSI,房地产等权,CSI,中证指数有限公司、上海证券交易所,策略指数,20071228,20220721,CSI
950218CNY01.CSI,房地产等权全收益,CSI,中证指数有限公司、上海证券交易所,策略指数,20071228,20220721,CSI
950219.CSI,沪地产红,CSI,中证指数有限公司、上海证券交易所,策略指数,20071228,20220721,CSI
950219CNY01.CSI,沪地产红全收益,CSI,中证指数有限公司、上海证券交易所,策略指数,20071228,20220721,CSI
950220.CSI,上证新能源,CSI,中证指数有限公司、上海证券交易所,主题指数,20081231,20220124,CSI
950220CNY01.CSI,上证新能源全收益,CSI,中证指数有限公司、上海证券交易所,主题指数,20081231,20220124,CSI
950222.CSI,沪专精特新,CSI,中证指数有限公司、上海证券交易所,主题指数,20181228,20250721,CSI
950222CNY010.CSI,沪专精特新全收益,CSI,中证指数有限公司、上海证券交易所,主题指数,20181228,20250721,CSI
950223.CSI,50ESG,CSI,中证指数有限公司、上海证券交易所,主题指数,20170630,20220124,CSI
950223CNY01.CSI,50ESG全收益,CSI,中证指数有限公司、上海证券交易所,主题指数,20170630,20220124,CSI
950224.CSI,180ESG基准,CSI,中证指数有限公司、上海证券交易所,主题指数,20170630,20220124,CSI
950224CNY01.CSI,180ESG基准全收益,CSI,中证指数有限公司、上海证券交易所,主题指数,20170630,20220124,CSI
950225.CSI,380ESG,CSI,中证指数有限公司、上海证券交易所,主题指数,20210630,20220124,CSI
950225CNY01.CSI,380ESG全收益,CSI,中证指数有限公司、上海证券交易所,主题指数,20210630,20220124,CSI
950226.CSI,180ESG领先,CSI,中证指数有限公司、上海证券交易所,主题指数,20170630,20220124,CSI
950226CNY01.CSI,180ESG领先全收益,CSI,中证指数有限公司、上海证券交易所,主题指数,20170630,20220124,CSI
950227.CSI,380ESG领先,CSI,中证指数有限公司、上海证券交易所,主题指数,20210630,20220124,CSI
950227CNY01.CSI,380ESG领先全收益,CSI,中证指数有限公司、上海证券交易所,主题指数,20210630,20220124,CSI
950228.CSI,智选科创价值50,CSI,中证指数有限公司、上海证券交易所,策略指数,20191231,20240823,CSI
950228CNY010.CSI,智选科创价值50全收益,CSI,中证指数有限公司、上海证券交易所,策略指数,20191231,20240823,CSI
950228CNY020.CSI,智选科创价值50净收益,CSI,中证指数有限公司、上海证券交易所,策略指数,20191231,20240823,CSI
950229.CSI,沪国债及政金债,CSI,中证指数有限公司、上海证券交易所,债券指数,20071231,20220523,CSI
950229CNY030.CSI,沪国债及政金债(全),CSI,中证指数有限公司、上海证券交易所,债券指数,20071231,20260626,CSI
950229CNY04.CSI,沪国债及政金债(净),CSI,中证指数有限公司,债券指数,20071231,20220523,CSI
950229CNY05.CSI,沪国债及政金债(利),CSI,中证指数有限公司,债券指数,20071231,20220523,CSI
950230.CSI,沪0-1国债及政金债,CSI,中证指数有限公司、上海证券交易所,债券指数,20071231,20220523,CSI
950230CNY030.CSI,沪0-1国债及政金债(全),CSI,中证指数有限公司、上海证券交易所,债券指数,20071231,20260626,CSI
950230CNY04.CSI,沪0-1国债及政金债(净),CSI,中证指数有限公司,债券指数,20071231,20220523,CSI
950230CNY05.CSI,沪0-1国债及政金债(利),CSI,中证指数有限公司,债券指数,20071231,20220523,CSI
950231.CSI,沪0-3国债及政金债,CSI,中证指数有限公司、上海证券交易所,债券指数,20071231,20220523,CSI
950231CNY030.CSI,沪0-3国债及政金债(全),CSI,中证指数有限公司、上海证券交易所,债券指数,20071231,20260626,CSI
950231CNY04.CSI,沪0-3国债及政金债(净),CSI,中证指数有限公司,债券指数,20071231,20220523,CSI
950231CNY05.CSI,沪0-3国债及政金债(利),CSI,中证指数有限公司,债券指数,20071231,20220523,CSI
950232.CSI,沪1-3国债及政金债,CSI,中证指数有限公司、上海证券交易所,债券指数,20071231,20220523,CSI
950232CNY030.CSI,沪1-3国债及政金债(全),CSI,中证指数有限公司、上海证券交易所,债券指数,20071231,20260626,CSI
950232CNY04.CSI,沪1-3国债及政金债(净),CSI,中证指数有限公司,债券指数,20071231,20220523,CSI
950232CNY05.CSI,沪1-3国债及政金债(利),CSI,中证指数有限公司,债券指数,20071231,20220523,CSI
950233.CSI,沪0-5国债及政金债,CSI,中证指数有限公司、上海证券交易所,债券指数,20071231,20220523,CSI
950233CNY030.CSI,沪0-5国债及政金债(全),CSI,中证指数有限公司、上海证券交易所,债券指数,20071231,20260626,CSI
950233CNY04.CSI,沪0-5国债及政金债(净),CSI,中证指数有限公司,债券指数,20071231,20220523,CSI
950233CNY05.CSI,沪0-5国债及政金债(利),CSI,中证指数有限公司,债券指数,20071231,20220523,CSI
950234.CSI,沪3-5国债及政金债,CSI,中证指数有限公司、上海证券交易所,债券指数,20071231,20220523,CSI
950234CNY030.CSI,沪3-5国债及政金债(全),CSI,中证指数有限公司、上海证券交易所,债券指数,20071231,20260626,CSI
950234CNY04.CSI,沪3-5国债及政金债(净),CSI,中证指数有限公司,债券指数,20071231,20220523,CSI
950234CNY05.CSI,沪3-5国债及政金债(利),CSI,中证指数有限公司,债券指数,20071231,20220523,CSI
950235.CSI,上证长江信用债,CSI,中证指数有限公司、上海证券交易所,债券指数,20141231,20220722,CSI
950235CNY04.CSI,上证长江信用债(净),CSI,中证指数有限公司,债券指数,20141231,20220722,CSI
950235CNY05.CSI,上证长江信用债(利),CSI,中证指数有限公司,债券指数,20141231,20220722,CSI
950235CNY06.CSI,上证长江信用债(税),CSI,中证指数有限公司,债券指数,20141231,20220722,CSI
950236.CSI,上证黄河信用债,CSI,中证指数有限公司、上海证券交易所,债券指数,20141231,20220722,CSI
950236CNY04.CSI,上证黄河信用债(净),CSI,中证指数有限公司,债券指数,20141231,20220722,CSI
950236CNY05.CSI,上证黄河信用债(利),CSI,中证指数有限公司,债券指数,20141231,20220722,CSI
950236CNY06.CSI,上证黄河信用债(税),CSI,中证指数有限公司,债券指数,20141231,20220722,CSI
950237.CSI,上证京津冀信用债,CSI,中证指数有限公司、上海证券交易所,债券指数,20141231,20220722,CSI
950237CNY04.CSI,上证京津冀信用债(净),CSI,中证指数有限公司,债券指数,20141231,20220722,CSI
950237CNY05.CSI,上证京津冀信用债(利),CSI,中证指数有限公司,债券指数,20141231,20220722,CSI
950237CNY06.CSI,上证京津冀信用债(税),CSI,中证指数有限公司,债券指数,20141231,20220722,CSI
950238.CSI,上证光伏,CSI,中证指数有限公司、上海证券交易所,主题指数,20171229,20221011,CSI
950238CNY01.CSI,上证光伏全收益,CSI,中证指数有限公司,主题指数,20171229,20221011,CSI
950239.CSI,上证太阳能,CSI,中证指数有限公司、上海证券交易所,主题指数,20171229,20221011,CSI
950239CNY01.CSI,上证太阳能全收益,CSI,中证指数有限公司,主题指数,20171229,20221011,CSI
950240.CSI,上证央企债,CSI,中证指数有限公司、上海证券交易所,债券指数,20131231,20220923,CSI
950240CNY04.CSI,上证央企债(净),CSI,中证指数有限公司,债券指数,20131231,20220923,CSI
950240CNY05.CSI,上证央企债(利),CSI,中证指数有限公司,债券指数,20131231,20220923,CSI
950240CNY06.CSI,上证央企债(税),CSI,中证指数有限公司,债券指数,20131231,20220923,CSI
950241.CSI,上证0-3年央企债,CSI,中证指数有限公司、上海证券交易所,债券指数,20131231,20220923,CSI
950241CNY04.CSI,上证0-3年央企债(净),CSI,中证指数有限公司,债券指数,20131231,20220923,CSI
950241CNY05.CSI,上证0-3年央企债(利),CSI,中证指数有限公司,债券指数,20131231,20220923,CSI
950241CNY06.CSI,上证0-3年央企债(税),CSI,中证指数有限公司,债券指数,20131231,20220923,CSI
950242.CSI,上证0-5年央企债,CSI,中证指数有限公司、上海证券交易所,债券指数,20131231,20220923,CSI
950242CNY04.CSI,上证0-5年央企债(净),CSI,中证指数有限公司,债券指数,20131231,20220923,CSI
950242CNY05.CSI,上证0-5年央企债(利),CSI,中证指数有限公司,债券指数,20131231,20220923,CSI
950242CNY06.CSI,上证0-5年央企债(税),CSI,中证指数有限公司,债券指数,20131231,20220923,CSI
950243.CSI,沪做市国债,CSI,中证指数有限公司、上海证券交易所,债券指数,20220630,20230206,CSI
950243CNY04.CSI,沪做市国债(净),CSI,中证指数有限公司、上海证券交易所,债券指数,20220630,20230206,CSI
950243CNY05.CSI,沪做市国债(利),CSI,中证指数有限公司、上海证券交易所,债券指数,20220630,20230206,CSI
950245.CSI,沪做市公司债,CSI,中证指数有限公司、上海证券交易所,债券指数,20220630,20230206,CSI
950245CNY04.CSI,沪做市公司债(净),CSI,中证指数有限公司、上海证券交易所,债券指数,20220630,20230206,CSI
950245CNY05.CSI,沪做市公司债(利),CSI,中证指数有限公司、上海证券交易所,债券指数,20220630,20230206,CSI
950245CNY06.CSI,沪做市公司债(税),CSI,中证指数有限公司、上海证券交易所,债券指数,20220630,20230206,CSI
950246.CSI,上证国企债,CSI,中证指数有限公司、上海证券交易所,债券指数,20131231,20230203,CSI
950246CNY04.CSI,上证国企债(净),CSI,中证指数有限公司、上海证券交易所,债券指数,20131231,20230203,CSI
950246CNY05.CSI,上证国企债(利),CSI,中证指数有限公司、上海证券交易所,债券指数,20131231,20230203,CSI
950246CNY06.CSI,上证国企债(税),CSI,中证指数有限公司、上海证券交易所,债券指数,20131231,20230203,CSI
950247.CSI,上证0-3国企债,CSI,中证指数有限公司、上海证券交易所,债券指数,20131231,20230203,CSI
950247CNY04.CSI,上证0-3国企债(净),CSI,中证指数有限公司、上海证券交易所,债券指数,20131231,20230203,CSI
950247CNY05.CSI,上证0-3国企债(利),CSI,中证指数有限公司、上海证券交易所,债券指数,20131231,20230203,CSI
950247CNY06.CSI,上证0-3国企债(税),CSI,中证指数有限公司、上海证券交易所,债券指数,20131231,20230203,CSI
950248.CSI,上证0-5国企债,CSI,中证指数有限公司、上海证券交易所,债券指数,20131231,20230203,CSI
950248CNY04.CSI,上证0-5国企债(净),CSI,中证指数有限公司、上海证券交易所,债券指数,20131231,20230203,CSI
950248CNY05.CSI,上证0-5国企债(利),CSI,中证指数有限公司、上海证券交易所,债券指数,20131231,20230203,CSI
950248CNY06.CSI,上证0-5国企债(税),CSI,中证指数有限公司、上海证券交易所,债券指数,20131231,20230203,CSI
950249.CSI,上证AAA国企债,CSI,中证指数有限公司、上海证券交易所,债券指数,20161230,20230203,CSI
950249CNY04.CSI,上证AAA国企债(净),CSI,中证指数有限公司、上海证券交易所,债券指数,20161230,20230203,CSI
950249CNY05.CSI,上证AAA国企债(利),CSI,中证指数有限公司、上海证券交易所,债券指数,20161230,20230203,CSI
950249CNY06.CSI,上证AAA国企债(税),CSI,中证指数有限公司、上海证券交易所,债券指数,20161230,20230203,CSI
950250.CSI,上证短期AAA国企债,CSI,中证指数有限公司、上海证券交易所,债券指数,20161230,20230203,CSI
950250CNY04.CSI,上证短期AAA国企债(净),CSI,中证指数有限公司、上海证券交易所,债券指数,20161230,20230203,CSI
950250CNY05.CSI,上证短期AAA国企债(利),CSI,中证指数有限公司、上海证券交易所,债券指数,20161230,20230203,CSI
950250CNY06.CSI,上证短期AAA国企债(税),CSI,中证指数有限公司、上海证券交易所,债券指数,20161230,20230203,CSI
950251.CSI,上证0-3AAA国企债,CSI,中证指数有限公司、上海证券交易所,债券指数,20161230,20230203,CSI
950251CNY04.CSI,上证0-3AAA国企债(净),CSI,中证指数有限公司、上海证券交易所,债券指数,20161230,20230203,CSI
950251CNY05.CSI,上证0-3AAA国企债(利),CSI,中证指数有限公司、上海证券交易所,债券指数,20161230,20230203,CSI
950251CNY06.CSI,上证0-3AAA国企债(税),CSI,中证指数有限公司、上海证券交易所,债券指数,20161230,20230203,CSI
950252.CSI,上证0-5AAA国企债,CSI,中证指数有限公司、上海证券交易所,债券指数,20161230,20230203,CSI
950252CNY04.CSI,上证0-5AAA国企债(净),CSI,中证指数有限公司、上海证券交易所,债券指数,20161230,20230203,CSI
950252CNY05.CSI,上证0-5AAA国企债(利),CSI,中证指数有限公司、上海证券交易所,债券指数,20161230,20230203,CSI
950252CNY06.CSI,上证0-5AAA国企债(税),CSI,中证指数有限公司、上海证券交易所,债券指数,20161230,20230203,CSI
950253.CSI,国新科创国企,CSI,中证指数有限公司、上海证券交易所,主题指数,20221230,20250102,CSI
950253CNY010.CSI,国新科创国企全收益,CSI,中证指数有限公司、上海证券交易所,主题指数,20221230,20250102,CSI
950255.CSI,科创医疗,CSI,中证指数有限公司、上海证券交易所,主题指数,20221230,20240725,CSI
950255CNY010.CSI,科创医疗全收益,CSI,中证指数有限公司、上海证券交易所,主题指数,20221230,20240725,CSI
950255CNY020.CSI,科创医疗净收益,CSI,中证指数有限公司、上海证券交易所,主题指数,20221230,20240725,CSI
950257.CSI,上证信用,CSI,中证指数有限公司、上海证券交易所,债券指数,20071231,20230203,CSI
950257CNY04.CSI,上证信用(净),CSI,中证指数有限公司、上海证券交易所,债券指数,20071231,20230203,CSI
950257CNY05.CSI,上证信用(利),CSI,中证指数有限公司、上海证券交易所,债券指数,20071231,20230203,CSI
950257CNY06.CSI,上证信用(税),CSI,中证指数有限公司、上海证券交易所,债券指数,20071231,20230203,CSI
950258.CSI,上证红利质量,CSI,中证指数有限公司、上海证券交易所,策略指数,20131231,20250124,CSI
950258CNY010.CSI,上证红利质量全收益,CSI,中证指数有限公司、上海证券交易所,策略指数,20131231,20250124,CSI
950258CNY020.CSI,上证红利质量净收益,CSI,中证指数有限公司、上海证券交易所,策略指数,20131231,20250124,CSI
950259.CSI,上证180红利质量,CSI,中证指数有限公司、上海证券交易所,策略指数,20131231,20250124,CSI
950259CNY010.CSI,上证180红利质量全收益,CSI,中证指数有限公司、上海证券交易所,策略指数,20131231,20250124,CSI
950259CNY020.CSI,上证180红利质量净收益,CSI,中证指数有限公司、上海证券交易所,策略指数,20131231,20250124,CSI
950260.CSI,智选科创成长动量,CSI,中证指数有限公司、上海证券交易所,策略指数,20191231,20240304,CSI
950260CNY010.CSI,智选科创成长动量全收益,CSI,中证指数有限公司、上海证券交易所,策略指数,20191231,20240304,CSI
950260CNY020.CSI,智选科创成长动量净收益,CSI,中证指数有限公司、上海证券交易所,策略指数,20191231,20240304,CSI
950265.CSI,沪地企债,CSI,中证指数有限公司、上海证券交易所,债券指数,20131231,20230906,CSI
950265CNY040.CSI,沪地企债(净),CSI,中证指数有限公司、上海证券交易所,债券指数,20131231,20230906,CSI
950265CNY050.CSI,沪地企债(利),CSI,中证指数有限公司、上海证券交易所,债券指数,20131231,20230906,CSI
950265CNY060.CSI,沪地企债(税),CSI,中证指数有限公司、上海证券交易所,债券指数,20131231,20230906,CSI
950266.CSI,沪0-3地企债,CSI,中证指数有限公司、上海证券交易所,债券指数,20131231,20230906,CSI
950266CNY040.CSI,沪0-3地企债(净),CSI,中证指数有限公司、上海证券交易所,债券指数,20131231,20230906,CSI
950266CNY050.CSI,沪0-3地企债(利),CSI,中证指数有限公司、上海证券交易所,债券指数,20131231,20230906,CSI
950266CNY060.CSI,沪0-3地企债(税),CSI,中证指数有限公司、上海证券交易所,债券指数,20131231,20230906,CSI
950267.CSI,沪0-5地企债,CSI,中证指数有限公司、上海证券交易所,债券指数,20131231,20230906,CSI
950267CNY040.CSI,沪0-5地企债(净),CSI,中证指数有限公司、上海证券交易所,债券指数,20131231,20230906,CSI
950267CNY050.CSI,沪0-5地企债(利),CSI,中证指数有限公司、上海证券交易所,债券指数,20131231,20230906,CSI
950267CNY060.CSI,沪0-5地企债(税),CSI,中证指数有限公司、上海证券交易所,债券指数,20131231,20230906,CSI
950268.CSI,沪AAA地企债,CSI,中证指数有限公司、上海证券交易所,债券指数,20161230,20230906,CSI
950268CNY040.CSI,沪AAA地企债(净),CSI,中证指数有限公司、上海证券交易所,债券指数,20161230,20230906,CSI
950268CNY050.CSI,沪AAA地企债(利),CSI,中证指数有限公司、上海证券交易所,债券指数,20161230,20230906,CSI
950268CNY060.CSI,沪AAA地企债(税),CSI,中证指数有限公司、上海证券交易所,债券指数,20161230,20230906,CSI
950269.CSI,沪短期AAA地企债,CSI,中证指数有限公司、上海证券交易所,债券指数,20161230,20230906,CSI
950269CNY040.CSI,沪短期AAA地企债(净),CSI,中证指数有限公司、上海证券交易所,债券指数,20161230,20230906,CSI
950269CNY050.CSI,沪短期AAA地企债(利),CSI,中证指数有限公司、上海证券交易所,债券指数,20161230,20230906,CSI
950269CNY060.CSI,沪短期AAA地企债(税),CSI,中证指数有限公司、上海证券交易所,债券指数,20161230,20230906,CSI
950270.CSI,沪0-3AAA地企债,CSI,中证指数有限公司、上海证券交易所,债券指数,20161230,20230906,CSI
950270CNY040.CSI,沪0-3AAA地企债(净),CSI,中证指数有限公司、上海证券交易所,债券指数,20161230,20230906,CSI
950270CNY050.CSI,沪0-3AAA地企债(利),CSI,中证指数有限公司、上海证券交易所,债券指数,20161230,20230906,CSI
950270CNY060.CSI,沪0-3AAA地企债(税),CSI,中证指数有限公司、上海证券交易所,债券指数,20161230,20230906,CSI
950271.CSI,沪0-5AAA地企债,CSI,中证指数有限公司、上海证券交易所,债券指数,20161230,20230906,CSI
950271CNY040.CSI,沪0-5AAA地企债(净),CSI,中证指数有限公司、上海证券交易所,债券指数,20161230,20230906,CSI
950271CNY050.CSI,沪0-5AAA地企债(利),CSI,中证指数有限公司、上海证券交易所,债券指数,20161230,20230906,CSI
950271CNY060.CSI,沪0-5AAA地企债(税),CSI,中证指数有限公司、上海证券交易所,债券指数,20161230,20230906,CSI
950272.CSI,沪能源信用债,CSI,中证指数有限公司、上海证券交易所,债券指数,20161230,20231214,CSI
950272CNY040.CSI,沪能源信用债(净),CSI,中证指数有限公司、上海证券交易所,债券指数,20161230,20231214,CSI
950272CNY050.CSI,沪能源信用债(利),CSI,中证指数有限公司、上海证券交易所,债券指数,20161230,20231214,CSI
950272CNY060.CSI,沪能源信用债(税),CSI,中证指数有限公司、上海证券交易所,债券指数,20161230,20231214,CSI
950273.CSI,沪原材料信用债,CSI,中证指数有限公司、上海证券交易所,债券指数,20161230,20231214,CSI
950273CNY040.CSI,沪原材料信用债(净),CSI,中证指数有限公司、上海证券交易所,债券指数,20161230,20231214,CSI
950273CNY050.CSI,沪原材料信用债(利),CSI,中证指数有限公司、上海证券交易所,债券指数,20161230,20231214,CSI
950273CNY060.CSI,沪原材料信用债(税),CSI,中证指数有限公司、上海证券交易所,债券指数,20161230,20231214,CSI
950275.CSI,沪工业信用债,CSI,中证指数有限公司、上海证券交易所,债券指数,20161230,20231214,CSI
950275CNY040.CSI,沪工业信用债(净),CSI,中证指数有限公司、上海证券交易所,债券指数,20161230,20231214,CSI
950275CNY050.CSI,沪工业信用债(利),CSI,中证指数有限公司、上海证券交易所,债券指数,20161230,20231214,CSI
950275CNY060.CSI,沪工业信用债(税),CSI,中证指数有限公司、上海证券交易所,债券指数,20161230,20231214,CSI
950276.CSI,沪可选消费信用债,CSI,中证指数有限公司、上海证券交易所,债券指数,20161230,20231214,CSI
950276CNY040.CSI,沪可选消费信用债(净),CSI,中证指数有限公司、上海证券交易所,债券指数,20161230,20231214,CSI
950276CNY050.CSI,沪可选消费信用债(利),CSI,中证指数有限公司、上海证券交易所,债券指数,20161230,20231214,CSI
950276CNY060.CSI,沪可选消费信用债(税),CSI,中证指数有限公司、上海证券交易所,债券指数,20161230,20231214,CSI
950277.CSI,沪主要消费信用债,CSI,中证指数有限公司、上海证券交易所,债券指数,20161230,20231214,CSI
950277CNY040.CSI,沪主要消费信用债(净),CSI,中证指数有限公司、上海证券交易所,债券指数,20161230,20231214,CSI
950277CNY050.CSI,沪主要消费信用债(利),CSI,中证指数有限公司、上海证券交易所,债券指数,20161230,20231214,CSI
950277CNY060.CSI,沪主要消费信用债(税),CSI,中证指数有限公司、上海证券交易所,债券指数,20161230,20231214,CSI
950278.CSI,沪医药卫生信用债,CSI,中证指数有限公司、上海证券交易所,债券指数,20161230,20231214,CSI
950278CNY040.CSI,沪医药卫生信用债(净),CSI,中证指数有限公司、上海证券交易所,债券指数,20161230,20231214,CSI
950278CNY050.CSI,沪医药卫生信用债(利),CSI,中证指数有限公司、上海证券交易所,债券指数,20161230,20231214,CSI
950278CNY060.CSI,沪医药卫生信用债(税),CSI,中证指数有限公司、上海证券交易所,债券指数,20161230,20231214,CSI
950279.CSI,沪信息技术信用债,CSI,中证指数有限公司、上海证券交易所,债券指数,20161230,20231214,CSI
950279CNY040.CSI,沪信息技术信用债(净),CSI,中证指数有限公司、上海证券交易所,债券指数,20161230,20231214,CSI
950279CNY050.CSI,沪信息技术信用债(利),CSI,中证指数有限公司、上海证券交易所,债券指数,20161230,20231214,CSI
950279CNY060.CSI,沪信息技术信用债(税),CSI,中证指数有限公司、上海证券交易所,债券指数,20161230,20231214,CSI
950280.CSI,沪通信服务信用债,CSI,中证指数有限公司、上海证券交易所,债券指数,20161230,20231214,CSI
950280CNY040.CSI,沪通信服务信用债(净),CSI,中证指数有限公司、上海证券交易所,债券指数,20161230,20231214,CSI
950280CNY050.CSI,沪通信服务信用债(利),CSI,中证指数有限公司、上海证券交易所,债券指数,20161230,20231214,CSI
950280CNY060.CSI,沪通信服务信用债(税),CSI,中证指数有限公司、上海证券交易所,债券指数,20161230,20231214,CSI
950281.CSI,沪公用事业信用债,CSI,中证指数有限公司、上海证券交易所,债券指数,20161230,20231214,CSI
950281CNY040.CSI,沪公用事业信用债(净),CSI,中证指数有限公司、上海证券交易所,债券指数,20161230,20231214,CSI
950281CNY050.CSI,沪公用事业信用债(利),CSI,中证指数有限公司、上海证券交易所,债券指数,20161230,20231214,CSI
950281CNY060.CSI,沪公用事业信用债(税),CSI,中证指数有限公司、上海证券交易所,债券指数,20161230,20231214,CSI
950282.CSI,沪房地产信用债,CSI,中证指数有限公司、上海证券交易所,债券指数,20161230,20231214,CSI
950282CNY040.CSI,沪房地产信用债(净),CSI,中证指数有限公司、上海证券交易所,债券指数,20161230,20231214,CSI
950282CNY050.CSI,沪房地产信用债(利),CSI,中证指数有限公司、上海证券交易所,债券指数,20161230,20231214,CSI
950282CNY060.CSI,沪房地产信用债(税),CSI,中证指数有限公司、上海证券交易所,债券指数,20161230,20231214,CSI
950283.CSI,科创盈利质量,CSI,中证指数有限公司、上海证券交易所,策略指数,20191231,20240823,CSI
950283CNY010.CSI,科创盈利质量全收益,CSI,中证指数有限公司、上海证券交易所,策略指数,20191231,20240823,CSI
950283CNY020.CSI,科创盈利质量净收益,CSI,中证指数有限公司、上海证券交易所,策略指数,20191231,20240823,CSI
950285.CSI,沪高等级担保机构增信产业债,CSI,中证指数有限公司、上海证券交易所,债券指数,20171229,20231228,CSI
950285CNY040.CSI,沪高等级担保机构增信产业债(净),CSI,中证指数有限公司、上海证券交易所,债券指数,20171229,20231228,CSI
950285CNY050.CSI,沪高等级担保机构增信产业债(利),CSI,中证指数有限公司、上海证券交易所,债券指数,20171229,20231228,CSI
950285CNY060.CSI,沪高等级担保机构增信产业债(税),CSI,中证指数有限公司、上海证券交易所,债券指数,20171229,20231228,CSI
950286.CSI,沪高等级增信产业债,CSI,中证指数有限公司、上海证券交易所,债券指数,20171229,20231228,CSI
950286CNY040.CSI,沪高等级增信产业债(净),CSI,中证指数有限公司、上海证券交易所,债券指数,20171229,20231228,CSI
950286CNY050.CSI,沪高等级增信产业债(利),CSI,中证指数有限公司、上海证券交易所,债券指数,20171229,20231228,CSI
950286CNY060.CSI,沪高等级增信产业债(税),CSI,中证指数有限公司、上海证券交易所,债券指数,20171229,20231228,CSI
950287.CSI,沪0-3高等级增信产业债,CSI,中证指数有限公司、上海证券交易所,债券指数,20171229,20231228,CSI
950287CNY040.CSI,沪0-3高等级增信产业债(净),CSI,中证指数有限公司、上海证券交易所,债券指数,20171229,20231228,CSI
950287CNY050.CSI,沪0-3高等级增信产业债(利),CSI,中证指数有限公司、上海证券交易所,债券指数,20171229,20231228,CSI
950287CNY060.CSI,沪0-3高等级增信产业债(税),CSI,中证指数有限公司、上海证券交易所,债券指数,20171229,20231228,CSI
950288.CSI,沪0-5高等级增信产业债,CSI,中证指数有限公司、上海证券交易所,债券指数,20171229,20231228,CSI
950288CNY040.CSI,沪0-5高等级增信产业债(净),CSI,中证指数有限公司、上海证券交易所,债券指数,20171229,20231228,CSI
950288CNY050.CSI,沪0-5高等级增信产业债(利),CSI,中证指数有限公司、上海证券交易所,债券指数,20171229,20231228,CSI
950288CNY060.CSI,沪0-5高等级增信产业债(税),CSI,中证指数有限公司、上海证券交易所,债券指数,20171229,20231228,CSI
950289.CSI,沪AAA增信产业债,CSI,中证指数有限公司、上海证券交易所,债券指数,20171229,20231228,CSI
950289CNY040.CSI,沪AAA增信产业债(净),CSI,中证指数有限公司、上海证券交易所,债券指数,20171229,20231228,CSI
950289CNY050.CSI,沪AAA增信产业债(利),CSI,中证指数有限公司、上海证券交易所,债券指数,20171229,20231228,CSI
950289CNY060.CSI,沪AAA增信产业债(税),CSI,中证指数有限公司、上海证券交易所,债券指数,20171229,20231228,CSI
950290.CSI,沪0-3AAA增信产业债,CSI,中证指数有限公司、上海证券交易所,债券指数,20171229,20231228,CSI
950290CNY040.CSI,沪0-3AAA增信产业债(净),CSI,中证指数有限公司、上海证券交易所,债券指数,20171229,20231228,CSI
950290CNY050.CSI,沪0-3AAA增信产业债(利),CSI,中证指数有限公司、上海证券交易所,债券指数,20171229,20231228,CSI
950290CNY060.CSI,沪0-3AAA增信产业债(税),CSI,中证指数有限公司、上海证券交易所,债券指数,20171229,20231228,CSI
950291.CSI,沪0-5AAA增信产业债,CSI,中证指数有限公司、上海证券交易所,债券指数,20171229,20231228,CSI
950291CNY040.CSI,沪0-5AAA增信产业债(净),CSI,中证指数有限公司、上海证券交易所,债券指数,20171229,20231228,CSI
950291CNY050.CSI,沪0-5AAA增信产业债(利),CSI,中证指数有限公司、上海证券交易所,债券指数,20171229,20231228,CSI
950291CNY060.CSI,沪0-5AAA增信产业债(税),CSI,中证指数有限公司、上海证券交易所,债券指数,20171229,20231228,CSI
950292.CSI,沪投资级公司信用债,CSI,中证指数有限公司、上海证券交易所,债券指数,20171229,20240408,CSI
950292CNY040.CSI,沪投资级公司信用债(净),CSI,中证指数有限公司、上海证券交易所,债券指数,20171229,20240408,CSI
950292CNY050.CSI,沪投资级公司信用债(利),CSI,中证指数有限公司、上海证券交易所,债券指数,20171229,20240408,CSI
950292CNY060.CSI,沪投资级公司信用债(税),CSI,中证指数有限公司、上海证券交易所,债券指数,20171229,20240408,CSI
950293.CSI,沪投资级公司AAA信用债,CSI,中证指数有限公司、上海证券交易所,债券指数,20171229,20240408,CSI
950293CNY040.CSI,沪投资级公司AAA信用债(净),CSI,中证指数有限公司、上海证券交易所,债券指数,20171229,20240408,CSI
950293CNY050.CSI,沪投资级公司AAA信用债(利),CSI,中证指数有限公司、上海证券交易所,债券指数,20171229,20240408,CSI
950293CNY060.CSI,沪投资级公司AAA信用债(税),CSI,中证指数有限公司、上海证券交易所,债券指数,20171229,20240408,CSI
950295.CSI,沪短期投资级公司AAA信用债,CSI,中证指数有限公司、上海证券交易所,债券指数,20171229,20240408,CSI
950295CNY040.CSI,沪短期投资级公司AAA信用债(净),CSI,中证指数有限公司、上海证券交易所,债券指数,20171229,20240408,CSI
950295CNY050.CSI,沪短期投资级公司AAA信用债(利),CSI,中证指数有限公司、上海证券交易所,债券指数,20171229,20240408,CSI
950295CNY060.CSI,沪短期投资级公司AAA信用债(税),CSI,中证指数有限公司、上海证券交易所,债券指数,20171229,20240408,CSI
950296.CSI,沪0-3投资级公司AAA信用债,CSI,中证指数有限公司、上海证券交易所,债券指数,20171229,20240408,CSI
950296CNY040.CSI,沪0-3投资级公司AAA信用债(净),CSI,中证指数有限公司、上海证券交易所,债券指数,20171229,20240408,CSI
950296CNY050.CSI,沪0-3投资级公司AAA信用债(利),CSI,中证指数有限公司、上海证券交易所,债券指数,20171229,20240408,CSI
950296CNY060.CSI,沪0-3投资级公司AAA信用债(税),CSI,中证指数有限公司、上海证券交易所,债券指数,20171229,20240408,CSI
950297.CSI,沪0-5投资级公司AAA信用债,CSI,中证指数有限公司、上海证券交易所,债券指数,20171229,20240408,CSI
950297CNY040.CSI,沪0-5投资级公司AAA信用债(净),CSI,中证指数有限公司、上海证券交易所,债券指数,20171229,20240408,CSI
950297CNY050.CSI,沪0-5投资级公司AAA信用债(利),CSI,中证指数有限公司、上海证券交易所,债券指数,20171229,20240408,CSI
950297CNY060.CSI,沪0-5投资级公司AAA信用债(税),CSI,中证指数有限公司、上海证券交易所,债券指数,20171229,20240408,CSI
950298.CSI,沪投资级公司产业债,CSI,中证指数有限公司、上海证券交易所,债券指数,20171229,20240408,CSI
950298CNY040.CSI,沪投资级公司产业债(净),CSI,中证指数有限公司、上海证券交易所,债券指数,20171229,20240408,CSI
950298CNY050.CSI,沪投资级公司产业债(利),CSI,中证指数有限公司、上海证券交易所,债券指数,20171229,20240408,CSI
950298CNY060.CSI,沪投资级公司产业债(税),CSI,中证指数有限公司、上海证券交易所,债券指数,20171229,20240408,CSI
950299.CSI,沪投资级公司AAA产业债,CSI,中证指数有限公司、上海证券交易所,债券指数,20171229,20240408,CSI
950299CNY040.CSI,沪投资级公司AAA产业债(净),CSI,中证指数有限公司、上海证券交易所,债券指数,20171229,20240408,CSI
950299CNY050.CSI,沪投资级公司AAA产业债(利),CSI,中证指数有限公司、上海证券交易所,债券指数,20171229,20240408,CSI
950299CNY060.CSI,沪投资级公司AAA产业债(税),CSI,中证指数有限公司、上海证券交易所,债券指数,20171229,20240408,CSI
950300.CSI,沪短期投资级公司AAA产业债,CSI,中证指数有限公司、上海证券交易所,债券指数,20171229,20240408,CSI
950300CNY040.CSI,沪短期投资级公司AAA产业债(净),CSI,中证指数有限公司、上海证券交易所,债券指数,20171229,20240408,CSI
950300CNY050.CSI,沪短期投资级公司AAA产业债(利),CSI,中证指数有限公司、上海证券交易所,债券指数,20171229,20240408,CSI
950300CNY060.CSI,沪短期投资级公司AAA产业债(税),CSI,中证指数有限公司、上海证券交易所,债券指数,20171229,20240408,CSI
950301.CSI,沪0-3投资级公司AAA产业债,CSI,中证指数有限公司、上海证券交易所,债券指数,20171229,20240408,CSI
950301CNY040.CSI,沪0-3投资级公司AAA产业债(净),CSI,中证指数有限公司、上海证券交易所,债券指数,20171229,20240408,CSI
950301CNY050.CSI,沪0-3投资级公司AAA产业债(利),CSI,中证指数有限公司、上海证券交易所,债券指数,20171229,20240408,CSI
950301CNY060.CSI,沪0-3投资级公司AAA产业债(税),CSI,中证指数有限公司、上海证券交易所,债券指数,20171229,20240408,CSI
950302.CSI,沪0-5投资级公司AAA产业债,CSI,中证指数有限公司、上海证券交易所,债券指数,20171229,20240408,CSI
950302CNY040.CSI,沪0-5投资级公司AAA产业债(净),CSI,中证指数有限公司、上海证券交易所,债券指数,20171229,20240408,CSI
950302CNY050.CSI,沪0-5投资级公司AAA产业债(利),CSI,中证指数有限公司、上海证券交易所,债券指数,20171229,20240408,CSI
950302CNY060.CSI,沪0-5投资级公司AAA产业债(税),CSI,中证指数有限公司、上海证券交易所,债券指数,20171229,20240408,CSI
950305.CSI,沪7-20年国债,CSI,中证指数有限公司、上海证券交易所,债券指数,20071231,20240902,CSI
950305CNY030.CSI,沪7-20年国债(全),CSI,中证指数有限公司、上海证券交易所,债券指数,20071231,20260626,CSI
950305CNY040.CSI,沪7-20年国债(净),CSI,中证指数有限公司、上海证券交易所,债券指数,20071231,20240902,CSI
950305CNY050.CSI,沪7-20年国债(利),CSI,中证指数有限公司、上海证券交易所,债券指数,20071231,20240902,CSI
950306.CSI,沪7-30年国债,CSI,中证指数有限公司、上海证券交易所,债券指数,20071231,20240902,CSI
950306CNY030.CSI,沪7-30年国债(全),CSI,中证指数有限公司、上海证券交易所,债券指数,20071231,20260626,CSI
950306CNY040.CSI,沪7-30年国债(净),CSI,中证指数有限公司、上海证券交易所,债券指数,20071231,20240902,CSI
950306CNY050.CSI,沪7-30年国债(利),CSI,中证指数有限公司、上海证券交易所,债券指数,20071231,20240902,CSI
950307.CSI,沪7-50年国债,CSI,中证指数有限公司、上海证券交易所,债券指数,20071231,20240902,CSI
950307CNY030.CSI,沪7-50年国债(全),CSI,中证指数有限公司、上海证券交易所,债券指数,20071231,20260626,CSI
950307CNY040.CSI,沪7-50年国债(净),CSI,中证指数有限公司、上海证券交易所,债券指数,20071231,20240902,CSI
950307CNY050.CSI,沪7-50年国债(利),CSI,中证指数有限公司、上海证券交易所,债券指数,20071231,20240902,CSI
950308.CSI,沪17-30年国债,CSI,中证指数有限公司、上海证券交易所,债券指数,20071231,20240902,CSI
950308CNY030.CSI,沪17-30年国债(全),CSI,中证指数有限公司、上海证券交易所,债券指数,20071231,20260626,CSI
950308CNY040.CSI,沪17-30年国债(净),CSI,中证指数有限公司、上海证券交易所,债券指数,20071231,20240902,CSI
950308CNY050.CSI,沪17-30年国债(利),CSI,中证指数有限公司、上海证券交易所,债券指数,20071231,20240902,CSI
950309.CSI,沪17-50年国债,CSI,中证指数有限公司、上海证券交易所,债券指数,20071231,20240902,CSI
950309CNY030.CSI,沪17-50年国债(全),CSI,中证指数有限公司、上海证券交易所,债券指数,20071231,20260626,CSI
950309CNY040.CSI,沪17-50年国债(净),CSI,中证指数有限公司、上海证券交易所,债券指数,20071231,20240902,CSI
950309CNY050.CSI,沪17-50年国债(利),CSI,中证指数有限公司、上海证券交易所,债券指数,20071231,20240902,CSI
950310.CSI,沪27-50年国债,CSI,中证指数有限公司、上海证券交易所,债券指数,20071231,20240902,CSI
950310CNY030.CSI,沪27-50年国债(全),CSI,中证指数有限公司、上海证券交易所,债券指数,20071231,20260626,CSI
950310CNY040.CSI,沪27-50年国债(净),CSI,中证指数有限公司、上海证券交易所,债券指数,20071231,20240902,CSI
950310CNY050.CSI,沪27-50年国债(利),CSI,中证指数有限公司、上海证券交易所,债券指数,20071231,20240902,CSI
950311.CSI,上证地债,CSI,中证指数有限公司、上海证券交易所,债券指数,20131231,20250116,CSI
950311CNY040.CSI,上证地债(净),CSI,中证指数有限公司、上海证券交易所,债券指数,20131231,20250116,CSI
950311CNY050.CSI,上证地债(利),CSI,中证指数有限公司、上海证券交易所,债券指数,20131231,20250116,CSI
950312.CSI,上证一般地债,CSI,中证指数有限公司、上海证券交易所,债券指数,20151231,20250116,CSI
950312CNY040.CSI,上证一般地债(净),CSI,中证指数有限公司、上海证券交易所,债券指数,20151231,20250116,CSI
950312CNY050.CSI,上证一般地债(利),CSI,中证指数有限公司、上海证券交易所,债券指数,20151231,20250116,CSI
950313.CSI,上证专项地债,CSI,中证指数有限公司、上海证券交易所,债券指数,20151231,20250116,CSI
950313CNY040.CSI,上证专项地债(净),CSI,中证指数有限公司、上海证券交易所,债券指数,20151231,20250116,CSI
950313CNY050.CSI,上证专项地债(利),CSI,中证指数有限公司、上海证券交易所,债券指数,20151231,20250116,CSI
950315.CSI,沪0-3高等级信用票息策略,CSI,中证指数有限公司、上海证券交易所,债券指数,20161230,20240812,CSI
950315CNY040.CSI,沪0-3高等级信用票息策略(净),CSI,中证指数有限公司、上海证券交易所,债券指数,20161230,20240812,CSI
950315CNY050.CSI,沪0-3高等级信用票息策略(利),CSI,中证指数有限公司、上海证券交易所,债券指数,20161230,20240812,CSI
950315CNY060.CSI,沪0-3高等级信用票息策略(税),CSI,中证指数有限公司、上海证券交易所,债券指数,20161230,20240812,CSI
950316.CSI,沪0-3中高信用票息策略,CSI,中证指数有限公司、上海证券交易所,债券指数,20161230,20240812,CSI
950316CNY040.CSI,沪0-3中高信用票息策略(净),CSI,中证指数有限公司、上海证券交易所,债券指数,20161230,20240812,CSI
950316CNY050.CSI,沪0-3中高信用票息策略(利),CSI,中证指数有限公司、上海证券交易所,债券指数,20161230,20240812,CSI
950316CNY060.CSI,沪0-3中高信用票息策略(税),CSI,中证指数有限公司、上海证券交易所,债券指数,20161230,20240812,CSI
950317.CSI,沪0-5高等级信用票息策略,CSI,中证指数有限公司、上海证券交易所,债券指数,20161230,20240812,CSI
950317CNY040.CSI,沪0-5高等级信用票息策略(净),CSI,中证指数有限公司、上海证券交易所,债券指数,20161230,20240812,CSI
950317CNY050.CSI,沪0-5高等级信用票息策略(利),CSI,中证指数有限公司、上海证券交易所,债券指数,20161230,20240812,CSI
950317CNY060.CSI,沪0-5高等级信用票息策略(税),CSI,中证指数有限公司、上海证券交易所,债券指数,20161230,20240812,CSI
950318.CSI,沪0-5中高信用票息策略,CSI,中证指数有限公司、上海证券交易所,债券指数,20161230,20240812,CSI
950318CNY040.CSI,沪0-5中高信用票息策略(净),CSI,中证指数有限公司、上海证券交易所,债券指数,20161230,20240812,CSI
950318CNY050.CSI,沪0-5中高信用票息策略(利),CSI,中证指数有限公司、上海证券交易所,债券指数,20161230,20240812,CSI
950318CNY060.CSI,沪0-5中高信用票息策略(税),CSI,中证指数有限公司、上海证券交易所,债券指数,20161230,20240812,CSI
950319.CSI,沪2027信用债,CSI,中证指数有限公司、上海证券交易所,债券指数,20181228,20250116,CSI
950319CNY040.CSI,沪2027信用债(净),CSI,中证指数有限公司、上海证券交易所,债券指数,20181228,20250116,CSI
950319CNY050.CSI,沪2027信用债(利),CSI,中证指数有限公司、上海证券交易所,债券指数,20181228,20250116,CSI
950319CNY060.CSI,沪2027信用债(税),CSI,中证指数有限公司、上海证券交易所,债券指数,20181228,20250116,CSI
950320.CSI,沪2028信用债,CSI,中证指数有限公司、上海证券交易所,债券指数,20181228,20250116,CSI
950320CNY040.CSI,沪2028信用债(净),CSI,中证指数有限公司、上海证券交易所,债券指数,20181228,20250116,CSI
950320CNY050.CSI,沪2028信用债(利),CSI,中证指数有限公司、上海证券交易所,债券指数,20181228,20250116,CSI
950320CNY060.CSI,沪2028信用债(税),CSI,中证指数有限公司、上海证券交易所,债券指数,20181228,20250116,CSI
950321.CSI,沪2029信用债,CSI,中证指数有限公司、上海证券交易所,债券指数,20181228,20250116,CSI
950321CNY040.CSI,沪2029信用债(净),CSI,中证指数有限公司、上海证券交易所,债券指数,20181228,20250116,CSI
950321CNY050.CSI,沪2029信用债(利),CSI,中证指数有限公司、上海证券交易所,债券指数,20181228,20250116,CSI
950321CNY060.CSI,沪2029信用债(税),CSI,中证指数有限公司、上海证券交易所,债券指数,20181228,20250116,CSI
950322.CSI,沪2030信用债,CSI,中证指数有限公司、上海证券交易所,债券指数,20181228,20250116,CSI
950322CNY040.CSI,沪2030信用债(净),CSI,中证指数有限公司、上海证券交易所,债券指数,20181228,20250116,CSI
950322CNY050.CSI,沪2030信用债(利),CSI,中证指数有限公司、上海证券交易所,债券指数,20181228,20250116,CSI
950322CNY060.CSI,沪2030信用债(税),CSI,中证指数有限公司、上海证券交易所,债券指数,20181228,20250116,CSI
950323.CSI,沪2031信用债,CSI,中证指数有限公司、上海证券交易所,债券指数,20181228,20250116,CSI
950323CNY040.CSI,沪2031信用债(净),CSI,中证指数有限公司、上海证券交易所,债券指数,20181228,20250116,CSI
950323CNY050.CSI,沪2031信用债(利),CSI,中证指数有限公司、上海证券交易所,债券指数,20181228,20250116,CSI
950323CNY060.CSI,沪2031信用债(税),CSI,中证指数有限公司、上海证券交易所,债券指数,20181228,20250116,CSI
950325.CSI,沪2032信用债,CSI,中证指数有限公司、上海证券交易所,债券指数,20221230,20250116,CSI
950325CNY040.CSI,沪2032信用债(净),CSI,中证指数有限公司、上海证券交易所,债券指数,20221230,20250116,CSI
950325CNY050.CSI,沪2032信用债(利),CSI,中证指数有限公司、上海证券交易所,债券指数,20221230,20250116,CSI
950325CNY060.CSI,沪2032信用债(税),CSI,中证指数有限公司、上海证券交易所,债券指数,20221230,20250116,CSI
950326.CSI,沪2027国债及政金债,CSI,中证指数有限公司、上海证券交易所,债券指数,20181228,20250116,CSI
950326CNY040.CSI,沪2027国债及政金债(净),CSI,中证指数有限公司、上海证券交易所,债券指数,20181228,20250116,CSI
950326CNY050.CSI,沪2027国债及政金债(利),CSI,中证指数有限公司、上海证券交易所,债券指数,20181228,20250116,CSI
950327.CSI,沪2028国债及政金债,CSI,中证指数有限公司、上海证券交易所,债券指数,20181228,20250116,CSI
950327CNY040.CSI,沪2028国债及政金债(净),CSI,中证指数有限公司、上海证券交易所,债券指数,20181228,20250116,CSI
950327CNY050.CSI,沪2028国债及政金债(利),CSI,中证指数有限公司、上海证券交易所,债券指数,20181228,20250116,CSI
950328.CSI,沪2029国债及政金债,CSI,中证指数有限公司、上海证券交易所,债券指数,20181228,20250116,CSI
950328CNY040.CSI,沪2029国债及政金债(净),CSI,中证指数有限公司、上海证券交易所,债券指数,20181228,20250116,CSI
950328CNY050.CSI,沪2029国债及政金债(利),CSI,中证指数有限公司、上海证券交易所,债券指数,20181228,20250116,CSI
950329.CSI,沪2030国债及政金债,CSI,中证指数有限公司、上海证券交易所,债券指数,20181228,20250116,CSI
950329CNY040.CSI,沪2030国债及政金债(净),CSI,中证指数有限公司、上海证券交易所,债券指数,20181228,20250116,CSI
950329CNY050.CSI,沪2030国债及政金债(利),CSI,中证指数有限公司、上海证券交易所,债券指数,20181228,20250116,CSI
950330.CSI,沪2031国债及政金债,CSI,中证指数有限公司、上海证券交易所,债券指数,20181228,20250116,CSI
950330CNY040.CSI,沪2031国债及政金债(净),CSI,中证指数有限公司、上海证券交易所,债券指数,20181228,20250116,CSI
950330CNY050.CSI,沪2031国债及政金债(利),CSI,中证指数有限公司、上海证券交易所,债券指数,20181228,20250116,CSI
950331.CSI,沪2032国债及政金债,CSI,中证指数有限公司、上海证券交易所,债券指数,20181228,20250116,CSI
950331CNY040.CSI,沪2032国债及政金债(净),CSI,中证指数有限公司、上海证券交易所,债券指数,20181228,20250116,CSI
950331CNY050.CSI,沪2032国债及政金债(利),CSI,中证指数有限公司、上海证券交易所,债券指数,20181228,20250116,CSI
950332.CSI,科创计算机,CSI,中证指数有限公司、上海证券交易所,主题指数,20221230,20250527,CSI
950332CNY010.CSI,科创计算机全收益,CSI,中证指数有限公司、上海证券交易所,主题指数,20221230,20250527,CSI
950333.CSI,智选创新价值,CSI,中证指数有限公司、上海证券交易所,策略指数,20191231,20240925,CSI
950333CNY010.CSI,智选创新价值全收益,CSI,中证指数有限公司、上海证券交易所,策略指数,20191231,20240925,CSI
950335.CSI,上证融资租赁ABS,CSI,中证指数有限公司、上海证券交易所,债券指数,20191231,20241120,CSI
950335CNY040.CSI,上证融资租赁ABS(净),CSI,中证指数有限公司、上海证券交易所,债券指数,20191231,20241120,CSI
950335CNY050.CSI,上证融资租赁ABS(利),CSI,中证指数有限公司、上海证券交易所,债券指数,20191231,20241120,CSI
950335CNY060.CSI,上证融资租赁ABS(税),CSI,中证指数有限公司、上海证券交易所,债券指数,20191231,20241120,CSI
950336.CSI,上证应收账款ABS,CSI,中证指数有限公司、上海证券交易所,债券指数,20191231,20241120,CSI
950336CNY040.CSI,上证应收账款ABS(净),CSI,中证指数有限公司、上海证券交易所,债券指数,20191231,20241120,CSI
950336CNY050.CSI,上证应收账款ABS(利),CSI,中证指数有限公司、上海证券交易所,债券指数,20191231,20241120,CSI
950336CNY060.CSI,上证应收账款ABS(税),CSI,中证指数有限公司、上海证券交易所,债券指数,20191231,20241120,CSI
950337.CSI,上证消费金融ABS,CSI,中证指数有限公司、上海证券交易所,债券指数,20191231,20241120,CSI
950337CNY040.CSI,上证消费金融ABS(净),CSI,中证指数有限公司、上海证券交易所,债券指数,20191231,20241120,CSI
950337CNY050.CSI,上证消费金融ABS(利),CSI,中证指数有限公司、上海证券交易所,债券指数,20191231,20241120,CSI
950337CNY060.CSI,上证消费金融ABS(税),CSI,中证指数有限公司、上海证券交易所,债券指数,20191231,20241120,CSI
950338.CSI,上证小微贷款ABS,CSI,中证指数有限公司、上海证券交易所,债券指数,20191231,20241120,CSI
950338CNY040.CSI,上证小微贷款ABS(净),CSI,中证指数有限公司、上海证券交易所,债券指数,20191231,20241120,CSI
950338CNY050.CSI,上证小微贷款ABS(利),CSI,中证指数有限公司、上海证券交易所,债券指数,20191231,20241120,CSI
950338CNY060.CSI,上证小微贷款ABS(税),CSI,中证指数有限公司、上海证券交易所,债券指数,20191231,20241120,CSI
950339.CSI,上证供应链金融ABS,CSI,中证指数有限公司、上海证券交易所,债券指数,20191231,20241120,CSI
950339CNY040.CSI,上证供应链金融ABS(净),CSI,中证指数有限公司、上海证券交易所,债券指数,20191231,20241120,CSI
950339CNY050.CSI,上证供应链金融ABS(利),CSI,中证指数有限公司、上海证券交易所,债券指数,20191231,20241120,CSI
950339CNY060.CSI,上证供应链金融ABS(税),CSI,中证指数有限公司、上海证券交易所,债券指数,20191231,20241120,CSI
950340.CSI,上证180债券,CSI,中证指数有限公司、上海证券交易所,债券指数,20171229,20250116,CSI
950340CNY040.CSI,上证180债券(净),CSI,中证指数有限公司、上海证券交易所,债券指数,20171229,20250116,CSI
950340CNY050.CSI,上证180债券(利),CSI,中证指数有限公司、上海证券交易所,债券指数,20171229,20250116,CSI
950340CNY060.CSI,上证180债券(税),CSI,中证指数有限公司、上海证券交易所,债券指数,20171229,20250116,CSI
950341.CSI,上证180AAA债券,CSI,中证指数有限公司、上海证券交易所,债券指数,20171229,20250116,CSI
950341CNY040.CSI,上证180AAA债券(净),CSI,中证指数有限公司、上海证券交易所,债券指数,20171229,20250116,CSI
950341CNY050.CSI,上证180AAA债券(利),CSI,中证指数有限公司、上海证券交易所,债券指数,20171229,20250116,CSI
950341CNY060.CSI,上证180AAA债券(税),CSI,中证指数有限公司、上海证券交易所,债券指数,20171229,20250116,CSI
950342.CSI,上证180AAA0-3债券,CSI,中证指数有限公司、上海证券交易所,债券指数,20171229,20250116,CSI
950342CNY040.CSI,上证180AAA0-3债券(净),CSI,中证指数有限公司、上海证券交易所,债券指数,20171229,20250116,CSI
950342CNY050.CSI,上证180AAA0-3债券(利),CSI,中证指数有限公司、上海证券交易所,债券指数,20171229,20250116,CSI
950342CNY060.CSI,上证180AAA0-3债券(税),CSI,中证指数有限公司、上海证券交易所,债券指数,20171229,20250116,CSI
950343.CSI,上证180AAA0-5债券,CSI,中证指数有限公司、上海证券交易所,债券指数,20171229,20250116,CSI
950343CNY040.CSI,上证180AAA0-5债券(净),CSI,中证指数有限公司、上海证券交易所,债券指数,20171229,20250116,CSI
950343CNY050.CSI,上证180AAA0-5债券(利),CSI,中证指数有限公司、上海证券交易所,债券指数,20171229,20250116,CSI
950343CNY060.CSI,上证180AAA0-5债券(税),CSI,中证指数有限公司、上海证券交易所,债券指数,20171229,20250116,CSI
950346.CSI,上证红利股债RP,CSI,中证指数有限公司、上海证券交易所,多资产指数,20170630,20241121,CSI
950347.CSI,上证红利股债10/90,CSI,中证指数有限公司、上海证券交易所,多资产指数,20170630,20241121,CSI
950348.CSI,上证红利股债20/80,CSI,中证指数有限公司、上海证券交易所,多资产指数,20170630,20241121,CSI
950349.CSI,上证红利股债30/70,CSI,中证指数有限公司、上海证券交易所,多资产指数,20170630,20241121,CSI
950350.CSI,上证红利股债稳健配置10%,CSI,中证指数有限公司、上海证券交易所,多资产指数,20170630,20241121,CSI
950351.CSI,上证红利股债稳健配置20%,CSI,中证指数有限公司、上海证券交易所,多资产指数,20170630,20241121,CSI
950352.CSI,上证红利股债稳健配置30%,CSI,中证指数有限公司、上海证券交易所,多资产指数,20170630,20241121,CSI
950357.CSI,科创专精特新,CSI,中证指数有限公司、上海证券交易所,主题指数,20240628,20250721,CSI
950357CNY010.CSI,科创专精特新全收益,CSI,中证指数有限公司、上海证券交易所,主题指数,20240628,20250721,CSI
950358.CSI,上证工业转债及可交换债,CSI,中证指数有限公司、上海证券交易所,债券指数,20191231,20250401,CSI
950358CNY040.CSI,上证工业转债及可交换债(净),CSI,中证指数有限公司、上海证券交易所,债券指数,20191231,20250401,CSI
950358CNY050.CSI,上证工业转债及可交换债(利),CSI,中证指数有限公司、上海证券交易所,债券指数,20191231,20250401,CSI
950358CNY060.CSI,上证工业转债及可交换债(税),CSI,中证指数有限公司、上海证券交易所,债券指数,20191231,20250401,CSI
950359.CSI,上证原材料转债及可交换债,CSI,中证指数有限公司、上海证券交易所,债券指数,20211231,20250401,CSI
950359CNY040.CSI,上证原材料转债及可交换债(净),CSI,中证指数有限公司、上海证券交易所,债券指数,20211231,20250401,CSI
950359CNY050.CSI,上证原材料转债及可交换债(利),CSI,中证指数有限公司、上海证券交易所,债券指数,20211231,20250401,CSI
950359CNY060.CSI,上证原材料转债及可交换债(税),CSI,中证指数有限公司、上海证券交易所,债券指数,20211231,20250401,CSI
950360.CSI,上证可选消费转债及可交换债,CSI,中证指数有限公司、上海证券交易所,债券指数,20191231,20250401,CSI
950360CNY040.CSI,上证可选消费转债及可交换债(净),CSI,中证指数有限公司、上海证券交易所,债券指数,20191231,20250401,CSI
950360CNY050.CSI,上证可选消费转债及可交换债(利),CSI,中证指数有限公司、上海证券交易所,债券指数,20191231,20250401,CSI
950360CNY060.CSI,上证可选消费转债及可交换债(税),CSI,中证指数有限公司、上海证券交易所,债券指数,20191231,20250401,CSI
950361.CSI,科创电池,CSI,中证指数有限公司、上海证券交易所,主题指数,20191231,20260825,CSI
950361CNY010.CSI,科创电池全收益,CSI,中证指数有限公司、上海证券交易所,主题指数,20191231,20260825,CSI
950363.CSI,科创民企,CSI,中证指数有限公司、上海证券交易所,主题指数,20191231,20250723,CSI
950363CNY010.CSI,科创民企全收益,CSI,中证指数有限公司、上海证券交易所,主题指数,20191231,20250723,CSI
950365.CSI,沪AAA转债及可交换债,CSI,中证指数有限公司、上海证券交易所,债券指数,20161230,20250627,CSI
950365CNY040.CSI,沪AAA转债及可交换债(净),CSI,中证指数有限公司、上海证券交易所,债券指数,20161230,20250627,CSI
950365CNY050.CSI,沪AAA转债及可交换债(利),CSI,中证指数有限公司、上海证券交易所,债券指数,20161230,20250627,CSI
950365CNY060.CSI,沪AAA转债及可交换债(税),CSI,中证指数有限公司、上海证券交易所,债券指数,20161230,20250627,CSI
950366.CSI,沪中高等级转债及可交换债,CSI,中证指数有限公司、上海证券交易所,债券指数,20161230,20250627,CSI
950366CNY040.CSI,沪中高等级转债及可交换债(净),CSI,中证指数有限公司、上海证券交易所,债券指数,20161230,20250627,CSI
950366CNY050.CSI,沪中高等级转债及可交换债(利),CSI,中证指数有限公司、上海证券交易所,债券指数,20161230,20250627,CSI
950366CNY060.CSI,沪中高等级转债及可交换债(税),CSI,中证指数有限公司、上海证券交易所,债券指数,20161230,20250627,CSI
950367.CSI,沪高等级转债及可交换债,CSI,中证指数有限公司、上海证券交易所,债券指数,20161230,20250627,CSI
950367CNY040.CSI,沪高等级转债及可交换债(净),CSI,中证指数有限公司、上海证券交易所,债券指数,20161230,20250627,CSI
950367CNY050.CSI,沪高等级转债及可交换债(利),CSI,中证指数有限公司、上海证券交易所,债券指数,20161230,20250627,CSI
950367CNY060.CSI,沪高等级转债及可交换债(税),CSI,中证指数有限公司、上海证券交易所,债券指数,20161230,20250627,CSI
950368.CSI,上证国企绿债,CSI,中证指数有限公司、上海证券交易所,债券指数,20161230,20250930,CSI
950368CNY040.CSI,上证国企绿债(净),CSI,中证指数有限公司、上海证券交易所,债券指数,20161230,20250930,CSI
950368CNY050.CSI,上证国企绿债(利),CSI,中证指数有限公司、上海证券交易所,债券指数,20161230,20250930,CSI
950368CNY060.CSI,上证国企绿债(税),CSI,中证指数有限公司、上海证券交易所,债券指数,20161230,20250930,CSI
950369.CSI,上证AAA国企绿债,CSI,中证指数有限公司、上海证券交易所,债券指数,20161230,20250930,CSI
950369CNY040.CSI,上证AAA国企绿债(净),CSI,中证指数有限公司、上海证券交易所,债券指数,20161230,20250930,CSI
950369CNY050.CSI,上证AAA国企绿债(利),CSI,中证指数有限公司、上海证券交易所,债券指数,20161230,20250930,CSI
950369CNY060.CSI,上证AAA国企绿债(税),CSI,中证指数有限公司、上海证券交易所,债券指数,20161230,20250930,CSI
950370.CSI,上证高等级国企绿债,CSI,中证指数有限公司、上海证券交易所,债券指数,20161230,20250930,CSI
950370CNY040.CSI,上证高等级国企绿债(净),CSI,中证指数有限公司、上海证券交易所,债券指数,20161230,20250930,CSI
950370CNY050.CSI,上证高等级国企绿债(利),CSI,中证指数有限公司、上海证券交易所,债券指数,20161230,20250930,CSI
950370CNY060.CSI,上证高等级国企绿债(税),CSI,中证指数有限公司、上海证券交易所,债券指数,20161230,20250930,CSI
950371.CSI,沪高成长产业债,CSI,中证指数有限公司、上海证券交易所,债券指数,20240628,20260430,CSI
950371CNY040.CSI,沪高成长产业债(净),CSI,中证指数有限公司、上海证券交易所,债券指数,20240628,20260430,CSI
950371CNY050.CSI,沪高成长产业债(利),CSI,中证指数有限公司、上海证券交易所,债券指数,20240628,20260430,CSI
950371CNY060.CSI,沪高成长产业债(税),CSI,中证指数有限公司、上海证券交易所,债券指数,20240628,20260430,CSI
950372.CSI,沪中高等级高成长产业债,CSI,中证指数有限公司、上海证券交易所,债券指数,20240628,20260430,CSI
950372CNY040.CSI,沪中高等级高成长产业债(净),CSI,中证指数有限公司、上海证券交易所,债券指数,20240628,20260430,CSI
950372CNY050.CSI,沪中高等级高成长产业债(利),CSI,中证指数有限公司、上海证券交易所,债券指数,20240628,20260430,CSI
950372CNY060.CSI,沪中高等级高成长产业债(税),CSI,中证指数有限公司、上海证券交易所,债券指数,20240628,20260430,CSI
950373.CSI,沪AAA高成长产业债,CSI,中证指数有限公司、上海证券交易所,债券指数,20240628,20260430,CSI
950373CNY040.CSI,沪AAA高成长产业债(净),CSI,中证指数有限公司、上海证券交易所,债券指数,20240628,20260430,CSI
950373CNY050.CSI,沪AAA高成长产业债(利),CSI,中证指数有限公司、上海证券交易所,债券指数,20240628,20260430,CSI
950373CNY060.CSI,沪AAA高成长产业债(税),CSI,中证指数有限公司、上海证券交易所,债券指数,20240628,20260430,CSI
950375.CSI,沪做市地方债,CSI,中证指数有限公司、上海证券交易所,债券指数,20240628,20250828,CSI
950375CNY040.CSI,沪做市地方债(净),CSI,中证指数有限公司、上海证券交易所,债券指数,20240628,20250828,CSI
950375CNY050.CSI,沪做市地方债(利),CSI,中证指数有限公司、上海证券交易所,债券指数,20240628,20250828,CSI
950376.CSI,沪做市利率债,CSI,中证指数有限公司、上海证券交易所,债券指数,20220630,20250828,CSI
950376CNY040.CSI,沪做市利率债(净),CSI,中证指数有限公司、上海证券交易所,债券指数,20220630,20250828,CSI
950376CNY050.CSI,沪做市利率债(利),CSI,中证指数有限公司、上海证券交易所,债券指数,20220630,20250828,CSI
950377.CSI,沪0-5做市利率债,CSI,中证指数有限公司、上海证券交易所,债券指数,20220630,20250828,CSI
950377CNY040.CSI,沪0-5做市利率债(净),CSI,中证指数有限公司、上海证券交易所,债券指数,20220630,20250828,CSI
950377CNY050.CSI,沪0-5做市利率债(利),CSI,中证指数有限公司、上海证券交易所,债券指数,20220630,20250828,CSI
950378.CSI,沪5+做市利率债,CSI,中证指数有限公司、上海证券交易所,债券指数,20220630,20250828,CSI
950378CNY040.CSI,沪5+做市利率债(净),CSI,中证指数有限公司、上海证券交易所,债券指数,20220630,20250828,CSI
950378CNY050.CSI,沪5+做市利率债(利),CSI,中证指数有限公司、上海证券交易所,债券指数,20220630,20250828,CSI
950379.CSI,沪0-3做市公司债,CSI,中证指数有限公司、上海证券交易所,债券指数,20220630,20250828,CSI
950379CNY040.CSI,沪0-3做市公司债(净),CSI,中证指数有限公司、上海证券交易所,债券指数,20220630,20250828,CSI
950379CNY050.CSI,沪0-3做市公司债(利),CSI,中证指数有限公司、上海证券交易所,债券指数,20220630,20250828,CSI
950379CNY060.CSI,沪0-3做市公司债(税),CSI,中证指数有限公司、上海证券交易所,债券指数,20220630,20250828,CSI
950380.CSI,沪0-5做市公司债,CSI,中证指数有限公司、上海证券交易所,债券指数,20220630,20250828,CSI
950380CNY040.CSI,沪0-5做市公司债(净),CSI,中证指数有限公司、上海证券交易所,债券指数,20220630,20250828,CSI
950380CNY050.CSI,沪0-5做市公司债(利),CSI,中证指数有限公司、上海证券交易所,债券指数,20220630,20250828,CSI
950380CNY060.CSI,沪0-5做市公司债(税),CSI,中证指数有限公司、上海证券交易所,债券指数,20220630,20250828,CSI
950381.CSI,沪5+做市公司债,CSI,中证指数有限公司、上海证券交易所,债券指数,20220630,20250828,CSI
950381CNY040.CSI,沪5+做市公司债(净),CSI,中证指数有限公司、上海证券交易所,债券指数,20220630,20250828,CSI
950381CNY050.CSI,沪5+做市公司债(利),CSI,中证指数有限公司、上海证券交易所,债券指数,20220630,20250828,CSI
950381CNY060.CSI,沪5+做市公司债(税),CSI,中证指数有限公司、上海证券交易所,债券指数,20220630,20250828,CSI
950382.CSI,沪做市科创债,CSI,中证指数有限公司、上海证券交易所,债券指数,20230630,20250828,CSI
950382CNY040.CSI,沪做市科创债(净),CSI,中证指数有限公司、上海证券交易所,债券指数,20230630,20250828,CSI
950382CNY050.CSI,沪做市科创债(利),CSI,中证指数有限公司、上海证券交易所,债券指数,20230630,20250828,CSI
950382CNY060.CSI,沪做市科创债(税),CSI,中证指数有限公司、上海证券交易所,债券指数,20230630,20250828,CSI
950383.CSI,沪0-5做市科创债,CSI,中证指数有限公司、上海证券交易所,债券指数,20230630,20250828,CSI
950383CNY040.CSI,沪0-5做市科创债(净),CSI,中证指数有限公司、上海证券交易所,债券指数,20230630,20250828,CSI
950383CNY050.CSI,沪0-5做市科创债(利),CSI,中证指数有限公司、上海证券交易所,债券指数,20230630,20250828,CSI
950383CNY060.CSI,沪0-5做市科创债(税),CSI,中证指数有限公司、上海证券交易所,债券指数,20230630,20250828,CSI
950385.CSI,上证ESG领先AAA债券,CSI,中证指数有限公司、上海证券交易所,债券指数,20221230,20260424,CSI
950385CNY040.CSI,上证ESG领先AAA债券(净),CSI,中证指数有限公司、上海证券交易所,债券指数,20221230,20260424,CSI
950385CNY050.CSI,上证ESG领先AAA债券(利),CSI,中证指数有限公司、上海证券交易所,债券指数,20221230,20260424,CSI
950385CNY060.CSI,上证ESG领先AAA债券(税),CSI,中证指数有限公司、上海证券交易所,债券指数,20221230,20260424,CSI
950387.CSI,科创板公司转债,CSI,中证指数有限公司、上海证券交易所,债券指数,20221230,20260401,CSI
950387CNY040.CSI,科创板公司转债(净),CSI,中证指数有限公司、上海证券交易所,债券指数,20221230,20260401,CSI
950387CNY050.CSI,科创板公司转债(利),CSI,中证指数有限公司、上海证券交易所,债券指数,20221230,20260401,CSI
950387CNY060.CSI,科创板公司转债(税),CSI,中证指数有限公司、上海证券交易所,债券指数,20221230,20260401,CSI
950388.CSI,上证科创股债5/95,CSI,中证指数有限公司、上海证券交易所,多资产指数,20221230,20260403,CSI
950389.CSI,上证科创股债10/90,CSI,中证指数有限公司、上海证券交易所,多资产指数,20221230,20260403,CSI
950390.CSI,上证科创股债15/85,CSI,中证指数有限公司、上海证券交易所,多资产指数,20221230,20260403,CSI
950391.CSI,上证科创股债20/80,CSI,中证指数有限公司、上海证券交易所,多资产指数,20221230,20260403,CSI
950392.CSI,上证科创股债30/70,CSI,中证指数有限公司、上海证券交易所,多资产指数,20221230,20260403,CSI
950393.CSI,创新成长策略精选,CSI,中证指数有限公司、上海证券交易所,策略指数,20221230,20251015,CSI
950393CNY010.CSI,创新成长策略精选全收益,CSI,中证指数有限公司、上海证券交易所,策略指数,20221230,20251015,CSI
950398.CSI,科创板AI应用,CSI,中证指数有限公司、上海证券交易所,主题指数,20221230,20260902,CSI
950398CNY010.CSI,科创板AI应用全收益,CSI,中证指数有限公司、上海证券交易所,主题指数,20221230,20260902,CSI
950405.CSI,上证做市股债5/95,CSI,中证指数有限公司、上海证券交易所,多资产指数,20221230,20260403,CSI
950406.CSI,上证做市股债10/90,CSI,中证指数有限公司、上海证券交易所,多资产指数,20221230,20260403,CSI
950407.CSI,上证做市股债15/85,CSI,中证指数有限公司、上海证券交易所,多资产指数,20221230,20260403,CSI
950408.CSI,上证做市股债20/80,CSI,中证指数有限公司、上海证券交易所,多资产指数,20221230,20260403,CSI
950409.CSI,上证做市股债30/70,CSI,中证指数有限公司、上海证券交易所,多资产指数,20221230,20260403,CSI
950410.CSI,上证央企债,CSI,中证指数有限公司、上海证券交易所,债券指数,20131231,20220923,CSI
950410CNY040.CSI,上证央企债(净),CSI,中证指数有限公司,债券指数,20131231,20220923,CSI
950410CNY050.CSI,上证央企债(利),CSI,中证指数有限公司,债券指数,20131231,20220923,CSI
950410CNY060.CSI,上证央企债(税),CSI,中证指数有限公司,债券指数,20131231,20220923,CSI
950411.CSI,上证0-3年央企债,CSI,中证指数有限公司、上海证券交易所,债券指数,20131231,20220923,CSI
950411CNY040.CSI,上证0-3年央企债(净),CSI,中证指数有限公司,债券指数,20131231,20220923,CSI
950411CNY050.CSI,上证0-3年央企债(利),CSI,中证指数有限公司,债券指数,20131231,20220923,CSI
950411CNY060.CSI,上证0-3年央企债(税),CSI,中证指数有限公司,债券指数,20131231,20220923,CSI
950412.CSI,上证0-5年央企债,CSI,中证指数有限公司、上海证券交易所,债券指数,20131231,20220923,CSI
950412CNY040.CSI,上证0-5年央企债(净),CSI,中证指数有限公司,债券指数,20131231,20220923,CSI
950412CNY050.CSI,上证0-5年央企债(利),CSI,中证指数有限公司,债券指数,20131231,20220923,CSI
950412CNY060.CSI,上证0-5年央企债(税),CSI,中证指数有限公司,债券指数,20131231,20220923,CSI
950415.CSI,上证红利做市股债5/95,CSI,中证指数有限公司、上海证券交易所,多资产指数,20221230,20260403,CSI
950416.CSI,上证红利做市股债10/90,CSI,中证指数有限公司、上海证券交易所,多资产指数,20221230,20260403,CSI
950417.CSI,上证红利做市股债15/85,CSI,中证指数有限公司、上海证券交易所,多资产指数,20221230,20260403,CSI
950418.CSI,上证红利做市股债20/80,CSI,中证指数有限公司、上海证券交易所,多资产指数,20221230,20260403,CSI
950419.CSI,上证红利做市股债30/70,CSI,中证指数有限公司、上海证券交易所,多资产指数,20221230,20260403,CSI
950420.CSI,沪AAA综合债,CSI,中证指数有限公司、上海证券交易所,债券指数,20181228,20260413,CSI
950420CNY030.CSI,沪AAA综合债(全),CSI,中证指数有限公司、上海证券交易所,债券指数,20181228,20260413,CSI
950420CNY040.CSI,沪AAA综合债(净),CSI,中证指数有限公司、上海证券交易所,债券指数,20181228,20260413,CSI
950420CNY050.CSI,沪AAA综合债(利),CSI,中证指数有限公司、上海证券交易所,债券指数,20181228,20260413,CSI
950420CNY060.CSI,沪AAA综合债(税),CSI,中证指数有限公司、上海证券交易所,债券指数,20181228,20260413,CSI
950421.CSI,沪短期AAA综合债,CSI,中证指数有限公司、上海证券交易所,债券指数,20181228,20260413,CSI
950421CNY030.CSI,沪短期AAA综合债(全),CSI,中证指数有限公司、上海证券交易所,债券指数,20181228,20260413,CSI
950421CNY040.CSI,沪短期AAA综合债(净),CSI,中证指数有限公司、上海证券交易所,债券指数,20181228,20260413,CSI
950421CNY050.CSI,沪短期AAA综合债(利),CSI,中证指数有限公司、上海证券交易所,债券指数,20181228,20260413,CSI
950421CNY060.CSI,沪短期AAA综合债(税),CSI,中证指数有限公司、上海证券交易所,债券指数,20181228,20260413,CSI
950422.CSI,沪0-3AAA综合债,CSI,中证指数有限公司、上海证券交易所,债券指数,20181228,20260413,CSI
950422CNY030.CSI,沪0-3AAA综合债(全),CSI,中证指数有限公司、上海证券交易所,债券指数,20181228,20260413,CSI
950422CNY040.CSI,沪0-3AAA综合债(净),CSI,中证指数有限公司、上海证券交易所,债券指数,20181228,20260413,CSI
950422CNY050.CSI,沪0-3AAA综合债(利),CSI,中证指数有限公司、上海证券交易所,债券指数,20181228,20260413,CSI
950422CNY060.CSI,沪0-3AAA综合债(税),CSI,中证指数有限公司、上海证券交易所,债券指数,20181228,20260413,CSI
950423.CSI,沪0-5AAA综合债,CSI,中证指数有限公司、上海证券交易所,债券指数,20181228,20260413,CSI
950423CNY030.CSI,沪0-5AAA综合债(全),CSI,中证指数有限公司、上海证券交易所,债券指数,20181228,20260413,CSI
950423CNY040.CSI,沪0-5AAA综合债(净),CSI,中证指数有限公司、上海证券交易所,债券指数,20181228,20260413,CSI
950423CNY050.CSI,沪0-5AAA综合债(利),CSI,中证指数有限公司、上海证券交易所,债券指数,20181228,20260413,CSI
950423CNY060.CSI,沪0-5AAA综合债(税),CSI,中证指数有限公司、上海证券交易所,债券指数,20181228,20260413,CSI
950425.CSI,沪0-7AAA综合债,CSI,中证指数有限公司、上海证券交易所,债券指数,20181228,20260413,CSI
950425CNY030.CSI,沪0-7AAA综合债(全),CSI,中证指数有限公司、上海证券交易所,债券指数,20181228,20260413,CSI
950425CNY040.CSI,沪0-7AAA综合债(净),CSI,中证指数有限公司、上海证券交易所,债券指数,20181228,20260413,CSI
950425CNY050.CSI,沪0-7AAA综合债(利),CSI,中证指数有限公司、上海证券交易所,债券指数,20181228,20260413,CSI
950425CNY060.CSI,沪0-7AAA综合债(税),CSI,中证指数有限公司、上海证券交易所,债券指数,20181228,20260413,CSI
950426.CSI,沪0-10AAA综合债,CSI,中证指数有限公司、上海证券交易所,债券指数,20181228,20260413,CSI
950426CNY030.CSI,沪0-10AAA综合债(全),CSI,中证指数有限公司、上海证券交易所,债券指数,20181228,20260413,CSI
950426CNY040.CSI,沪0-10AAA综合债(净),CSI,中证指数有限公司、上海证券交易所,债券指数,20181228,20260413,CSI
950426CNY050.CSI,沪0-10AAA综合债(利),CSI,中证指数有限公司、上海证券交易所,债券指数,20181228,20260413,CSI
950426CNY060.CSI,沪0-10AAA综合债(税),CSI,中证指数有限公司、上海证券交易所,债券指数,20181228,20260413,CSI
950427.CSI,沪3-5AAA综合债,CSI,中证指数有限公司、上海证券交易所,债券指数,20181228,20260413,CSI
950427CNY030.CSI,沪3-5AAA综合债(全),CSI,中证指数有限公司、上海证券交易所,债券指数,20181228,20260413,CSI
950427CNY040.CSI,沪3-5AAA综合债(净),CSI,中证指数有限公司、上海证券交易所,债券指数,20181228,20260413,CSI
950427CNY050.CSI,沪3-5AAA综合债(利),CSI,中证指数有限公司、上海证券交易所,债券指数,20181228,20260413,CSI
950427CNY060.CSI,沪3-5AAA综合债(税),CSI,中证指数有限公司、上海证券交易所,债券指数,20181228,20260413,CSI
950428.CSI,沪5-7AAA综合债,CSI,中证指数有限公司、上海证券交易所,债券指数,20181228,20260413,CSI
950428CNY030.CSI,沪5-7AAA综合债(全),CSI,中证指数有限公司、上海证券交易所,债券指数,20181228,20260413,CSI
950428CNY040.CSI,沪5-7AAA综合债(净),CSI,中证指数有限公司、上海证券交易所,债券指数,20181228,20260413,CSI
950428CNY050.CSI,沪5-7AAA综合债(利),CSI,中证指数有限公司、上海证券交易所,债券指数,20181228,20260413,CSI
950428CNY060.CSI,沪5-7AAA综合债(税),CSI,中证指数有限公司、上海证券交易所,债券指数,20181228,20260413,CSI
950429.CSI,沪5-10AAA综合债,CSI,中证指数有限公司、上海证券交易所,债券指数,20181228,20260413,CSI
950429CNY030.CSI,沪5-10AAA综合债(全),CSI,中证指数有限公司、上海证券交易所,债券指数,20181228,20260413,CSI
950429CNY040.CSI,沪5-10AAA综合债(净),CSI,中证指数有限公司、上海证券交易所,债券指数,20181228,20260413,CSI
950429CNY050.CSI,沪5-10AAA综合债(利),CSI,中证指数有限公司、上海证券交易所,债券指数,20181228,20260413,CSI
950429CNY060.CSI,沪5-10AAA综合债(税),CSI,中证指数有限公司、上海证券交易所,债券指数,20181228,20260413,CSI
950430.CSI,沪7-10AAA综合债,CSI,中证指数有限公司、上海证券交易所,债券指数,20181228,20260413,CSI
950430CNY030.CSI,沪7-10AAA综合债(全),CSI,中证指数有限公司、上海证券交易所,债券指数,20181228,20260413,CSI
950430CNY040.CSI,沪7-10AAA综合债(净),CSI,中证指数有限公司、上海证券交易所,债券指数,20181228,20260413,CSI
950430CNY050.CSI,沪7-10AAA综合债(利),CSI,中证指数有限公司、上海证券交易所,债券指数,20181228,20260413,CSI
950430CNY060.CSI,沪7-10AAA综合债(税),CSI,中证指数有限公司、上海证券交易所,债券指数,20181228,20260413,CSI
950431.CSI,沪10+AAA综合债,CSI,中证指数有限公司、上海证券交易所,债券指数,20181228,20260413,CSI
950431CNY030.CSI,沪10+AAA综合债(全),CSI,中证指数有限公司、上海证券交易所,债券指数,20181228,20260413,CSI
950431CNY040.CSI,沪10+AAA综合债(净),CSI,中证指数有限公司、上海证券交易所,债券指数,20181228,20260413,CSI
950431CNY050.CSI,沪10+AAA综合债(利),CSI,中证指数有限公司、上海证券交易所,债券指数,20181228,20260413,CSI
950431CNY060.CSI,沪10+AAA综合债(税),CSI,中证指数有限公司、上海证券交易所,债券指数,20181228,20260413,CSI
950580.CSI,上证580,CSI,中证指数有限公司、上海证券交易所,规模指数,20181228,20250616,CSI
950580CNY010.CSI,上证580全收益,CSI,中证指数有限公司、上海证券交易所,规模指数,20181228,20250616,CSI
950580CNY020.CSI,上证580净收益,CSI,中证指数有限公司、上海证券交易所,规模指数,20181228,20250616,CSI
CU0007.CSI,安硕300,CSI,中证指数有限公司,规模指数,20041231,20131010,CSI
CU0008.CSI,安硕300能源,CSI,中证指数有限公司,行业指数,20041231,20131010,CSI
CU0009.CSI,安硕300原材料,CSI,中证指数有限公司,行业指数,20041231,20131010,CSI
CU0010.CSI,安硕300金融地产,CSI,中证指数有限公司,主题指数,20041231,20131010,CSI
CU0011.CSI,安硕300基建,CSI,中证指数有限公司,主题指数,20041231,20131010,CSI
CU0012.CSI,安硕300可选消费,CSI,中证指数有限公司,行业指数,20041231,20131010,CSI
CU0013.CSI,安硕300主要消费,CSI,中证指数有限公司,行业指数,20041231,20131010,CSI
H00009.CSI,上证380全收益,CSI,中证指数有限公司,规模指数,20031231,20101129,CSI
H00010.CSI,180收益,CSI,中证指数有限公司,规模指数,20020628,20020701,CSI
H00012.CSI,国债指数(净),CSI,中证指数有限公司、上海证券交易所,债券指数,20121231,20180102,CSI
H00013.CSI,企债指数(净),CSI,中证指数有限公司、上海证券交易所,债券指数,20121231,20180102,CSI
H00015.CSI,红利收益,CSI,中证指数有限公司,策略指数,20041231,20050104,CSI
H00016.CSI,50收益,CSI,中证指数有限公司,规模指数,20031231,20040102,CSI
H00018.CSI,180金收,CSI,中证指数有限公司,行业指数,20020628,20071210,CSI
H00019.CSI,治理收益,CSI,中证指数有限公司,主题指数,20070629,20080102,CSI
H00020.CSI,中企收益,CSI,中证指数有限公司,规模指数,20071228,20080512,CSI
H00021.CSI,180治收,CSI,中证指数有限公司,主题指数,20070629,20080910,CSI
H00022.CSI,沪公司债(净),CSI,中证指数有限公司、上海证券交易所,债券指数,20121231,20180102,CSI
H00025.CSI,180基收,CSI,中证指数有限公司,主题指数,20020628,20081215,CSI
H00026.CSI,180资收,CSI,中证指数有限公司,主题指数,20020628,20081215,CSI
H00027.CSI,180运收,CSI,中证指数有限公司,主题指数,20020628,20081215,CSI
H00028.CSI,180成收,CSI,中证指数有限公司,风格指数,20020628,20090109,CSI
H00029.CSI,180价收,CSI,中证指数有限公司,风格指数,20020628,20090109,CSI
H00030.CSI,180R成收,CSI,中证指数有限公司,风格指数,20020628,20090109,CSI
H00031.CSI,180R价收,CSI,中证指数有限公司,风格指数,20020628,20090109,CSI
H00032.CSI,上证能收,CSI,中证指数有限公司,行业指数,20031231,20090109,CSI
H00033.CSI,上证材收,CSI,中证指数有限公司,行业指数,20031231,20090109,CSI
H00034.CSI,上证工收,CSI,中证指数有限公司,行业指数,20031231,20090109,CSI
H00035.CSI,上证可收,CSI,中证指数有限公司,行业指数,20031231,20090109,CSI
H00036.CSI,上证消收,CSI,中证指数有限公司,行业指数,20031231,20090109,CSI
H00037.CSI,上证医收,CSI,中证指数有限公司,行业指数,20031231,20090109,CSI
H00038.CSI,上证金收,CSI,中证指数有限公司,主题指数,20031231,20090109,CSI
H00039.CSI,上证信收,CSI,中证指数有限公司,行业指数,20031231,20090109,CSI
H00040.CSI,上证通信全收益,CSI,中证指数有限公司,行业指数,20031231,20090109,CSI
H00041.CSI,上证公收,CSI,中证指数有限公司,行业指数,20031231,20090109,CSI
H00042.CSI,上证央收,CSI,中证指数有限公司,主题指数,20081231,20090330,CSI
H00043.CSI,超大收,CSI,中证指数有限公司,规模指数,20031231,20090423,CSI
H00044.CSI,上证中收,CSI,中证指数有限公司,规模指数,20031231,20090703,CSI
H00045.CSI,上证小收,CSI,中证指数有限公司,规模指数,20031231,20090703,CSI
H00046.CSI,上中小收,CSI,中证指数有限公司,规模指数,20031231,20090703,CSI
H00047.CSI,上证全收,CSI,中证指数有限公司,规模指数,20031231,20090703,CSI
H00048.CSI,责任指收,CSI,中证指数有限公司,主题指数,20090630,20090805,CSI
H00049.CSI,上民企收,CSI,中证指数有限公司,主题指数,20090630,20090825,CSI
H00050.CSI,50等权全收益,CSI,中证指数有限公司,策略指数,20031231,20110104,CSI
H00051.CSI,180等收,CSI,中证指数有限公司,策略指数,20020628,20110524,CSI
H00052.CSI,50基本全收益,CSI,中证指数有限公司,策略指数,20031231,20120109,CSI
H00053.CSI,180基本全收益,CSI,中证指数有限公司,策略指数,20020628,20120109,CSI
H00054.CSI,上证海外全收益,CSI,中证指数有限公司,主题指数,20061229,20100104,CSI
H00055.CSI,上证地企全收益,CSI,中证指数有限公司,主题指数,20090630,20100104,CSI
H00056.CSI,上证国企全收益,CSI,中证指数有限公司,主题指数,20090630,20100104,CSI
H00057.CSI,全指成长全收益,CSI,中证指数有限公司,风格指数,20031231,20100104,CSI
H00058.CSI,全指价值全收益,CSI,中证指数有限公司,风格指数,20031231,20100104,CSI
H00059.CSI,全R成长全收益,CSI,中证指数有限公司,风格指数,20031231,20100104,CSI
H00060.CSI,全R价值全收益,CSI,中证指数有限公司,风格指数,20031231,20100104,CSI
H00061.CSI,沪企债30(净),CSI,中证指数有限公司、上海证券交易所,债券指数,20121231,20180102,CSI
H00062.CSI,上证沪企全收益,CSI,中证指数有限公司,主题指数,20051231,20100104,CSI
H00063.CSI,上证周期全收益,CSI,中证指数有限公司,主题指数,20031231,20100203,CSI
H00064.CSI,非周期全收益,CSI,中证指数有限公司,主题指数,20031231,20100203,CSI
H00065.CSI,上证龙头全收益,CSI,中证指数有限公司,主题指数,20031231,20100209,CSI
H00066.CSI,上证商品全收益,CSI,中证指数有限公司,主题指数,20031231,20100430,CSI
H00067.CSI,上证新兴全收益,CSI,中证指数有限公司,主题指数,20031231,20100430,CSI
H00068.CSI,上证资源全收益,CSI,中证指数有限公司,主题指数,20031231,20100528,CSI
H00069.CSI,消费80全收益,CSI,中证指数有限公司,主题指数,20031231,20100528,CSI
H00070.CSI,能源等权全收益,CSI,中证指数有限公司,策略指数,20031231,20100818,CSI
H00071.CSI,材料等权全收益,CSI,中证指数有限公司,策略指数,20031231,20100818,CSI
H00072.CSI,工业等权全收益,CSI,中证指数有限公司,策略指数,20031231,20100818,CSI
H00073.CSI,可选等权全收益,CSI,中证指数有限公司,策略指数,20031231,20100818,CSI
H00074.CSI,消费等权全收益,CSI,中证指数有限公司,策略指数,20031231,20100818,CSI
H00075.CSI,医药等权全收益,CSI,中证指数有限公司,策略指数,20031231,20100818,CSI
H00076.CSI,金融等权全收益,CSI,中证指数有限公司,策略指数,20031231,20100818,CSI
H00077.CSI,信息等权全收益,CSI,中证指数有限公司,策略指数,20031231,20100818,CSI
H00078.CSI,通信等权全收益,CSI,中证指数有限公司,策略指数,20031231,20100818,CSI
H00079.CSI,公用等权全收益,CSI,中证指数有限公司,策略指数,20031231,20100818,CSI
H00090.CSI,上证流通全收益,CSI,中证指数有限公司,规模指数,20091231,20101202,CSI
H00091.CSI,沪财中小全收益,CSI,中证指数有限公司,策略指数,20041231,20110406,CSI
H00092.CSI,资源50全收益,CSI,中证指数有限公司,主题指数,20031231,20110510,CSI
H00093.CSI,180分层全收益,CSI,中证指数有限公司,策略指数,20020628,20110524,CSI
H00094.CSI,上证上游全收益,CSI,中证指数有限公司,主题指数,20031231,20110510,CSI
H00095.CSI,上证中游全收益,CSI,中证指数有限公司,主题指数,20031231,20110510,CSI
H00096.CSI,上证下游全收益,CSI,中证指数有限公司,主题指数,20031231,20110510,CSI
H00097.CSI,高端装备全收益,CSI,中证指数有限公司,主题指数,20041231,20110524,CSI
H00098.CSI,上证F200全收益,CSI,中证指数有限公司,策略指数,20041231,20110701,CSI
H00099.CSI,上证F300全收益,CSI,中证指数有限公司,策略指数,20041231,20110701,CSI
H00100.CSI,上证F500全收益,CSI,中证指数有限公司,策略指数,20041231,20110701,CSI
H00101.CSI,5年信用(净),CSI,中证指数有限公司、上海证券交易所,债券指数,20121231,20180102,CSI
H00102.CSI,沪投资品全收益,CSI,中证指数有限公司,主题指数,20031231,20110613,CSI
H00103.CSI,沪消费品全收益,CSI,中证指数有限公司,主题指数,20031231,20110613,CSI
H00104.CSI,380能源全收益,CSI,中证指数有限公司,行业指数,20031231,20110613,CSI
H00105.CSI,380材料全收益,CSI,中证指数有限公司,行业指数,20031231,20110613,CSI
H00106.CSI,380工业全收益,CSI,中证指数有限公司,行业指数,20031231,20110613,CSI
H00107.CSI,380可选全收益,CSI,中证指数有限公司,行业指数,20031231,20110613,CSI
H00108.CSI,380消费全收益,CSI,中证指数有限公司,行业指数,20031231,20110613,CSI
H00109.CSI,380医药全收益,CSI,中证指数有限公司,行业指数,20031231,20110613,CSI
H00110.CSI,380金融全收益,CSI,中证指数有限公司,行业指数,20031231,20110613,CSI
H00111.CSI,380信息全收益,CSI,中证指数有限公司,行业指数,20031231,20110613,CSI
H00112.CSI,380通信全收益,CSI,中证指数有限公司,行业指数,20031231,20110613,CSI
H00113.CSI,380公用全收益,CSI,中证指数有限公司,行业指数,20031231,20110613,CSI
H00114.CSI,持续产业全收益,CSI,中证指数有限公司,主题指数,20110630,20110822,CSI
H00115.CSI,380等权全收益,CSI,中证指数有限公司,策略指数,20031231,20110812,CSI
H00116.CSI,信用100(净),CSI,中证指数有限公司、上海证券交易所,债券指数,20121231,20180102,CSI
H00117.CSI,380成长全收益,CSI,中证指数有限公司,风格指数,20031231,20111018,CSI
H00118.CSI,380价值全收益,CSI,中证指数有限公司,风格指数,20031231,20111018,CSI
H00119.CSI,380R成长全收益,CSI,中证指数有限公司,风格指数,20031231,20111018,CSI
H00120.CSI,380R价值全收益,CSI,中证指数有限公司,风格指数,20031231,20111018,CSI
H00121.CSI,医药主题全收益,CSI,中证指数有限公司,主题指数,20031231,20111018,CSI
H00122.CSI,上证农业全收益,CSI,中证指数有限公司,主题指数,20110630,20111018,CSI
H00123.CSI,180动态全收益,CSI,中证指数有限公司,策略指数,20020628,20130208,CSI
H00125.CSI,180稳定全收益,CSI,中证指数有限公司,策略指数,20020628,20130208,CSI
H00126.CSI,消费50全收益,CSI,中证指数有限公司,主题指数,20041231,20111209,CSI
H00128.CSI,380基本全收益,CSI,中证指数有限公司,策略指数,20031231,20120109,CSI
H00129.CSI,180波动全收益,CSI,中证指数有限公司,策略指数,20020628,20120109,CSI
H00130.CSI,380波动全收益,CSI,中证指数有限公司,策略指数,20031231,20120109,CSI
H00131.CSI,上证高新全收益,CSI,中证指数有限公司,主题指数,20110630,20120210,CSI
H00132.CSI,上证100全收益,CSI,中证指数有限公司,规模指数,20031231,20120420,CSI
H00133.CSI,上证150全收益,CSI,中证指数有限公司,规模指数,20031231,20120420,CSI
H00134.CSI,上证银行全收益,CSI,中证指数有限公司,主题指数,20071231,20120529,CSI
H00135.CSI,180高贝全收益,CSI,中证指数有限公司,策略指数,20020628,20120806,CSI
H00136.CSI,180低贝全收益,CSI,中证指数有限公司,策略指数,20020628,20120806,CSI
H00137.CSI,380高贝全收益,CSI,中证指数有限公司,策略指数,20031231,20120806,CSI
H00138.CSI,380低贝全收益,CSI,中证指数有限公司,策略指数,20031231,20120806,CSI
H00140.CSI,5年国债(全),CSI,中证指数有限公司,债券指数,20071231,20120912,CSI
H00141.CSI,380动态全收益,CSI,中证指数有限公司,策略指数,20031231,20130208,CSI
H00142.CSI,380稳定全收益,CSI,中证指数有限公司,策略指数,20031231,20130208,CSI
H00145.CSI,优势资源全收益,CSI,中证指数有限公司,主题指数,20031231,20120529,CSI
H00146.CSI,优势制造全收益,CSI,中证指数有限公司,主题指数,20031231,20120529,CSI
H00147.CSI,优势消费全收益,CSI,中证指数有限公司,主题指数,20031231,20120529,CSI
H00148.CSI,消费领先全收益,CSI,中证指数有限公司,主题指数,20041231,20120529,CSI
H00149.CSI,180红利全收益,CSI,中证指数有限公司,策略指数,20041231,20120720,CSI
H00150.CSI,380红利全收益,CSI,中证指数有限公司,策略指数,20041231,20120720,CSI
H00151.CSI,上国红利全收益,CSI,中证指数有限公司,策略指数,20090630,20120720,CSI
H00152.CSI,上央红利全收益,CSI,中证指数有限公司,策略指数,20081231,20120720,CSI
H00153.CSI,上民红利全收益,CSI,中证指数有限公司,策略指数,20090630,20120720,CSI
H00155.CSI,市值百强全收益,CSI,中证指数有限公司,规模指数,20031231,20120720,CSI
H00158.CSI,上证环保全收益,CSI,中证指数有限公司,主题指数,20111230,20120925,CSI
H00159.CSI,沪股通全收益,CSI,中证指数有限公司,主题指数,20031231,20141117,CSI
H00160.CSI,沪新丝路全收益,CSI,中证指数有限公司、上海证券交易所,主题指数,20121231,20150624,CSI
H00161.CSI,沪中国造全收益,CSI,中证指数有限公司,主题指数,20120629,20151029,CSI
H00162.CSI,沪互联+全收益,CSI,中证指数有限公司,主题指数,20120629,20151029,CSI
H00171.CSI,新兴成指全收益,CSI,中证指数有限公司、上海证券交易所,主题指数,20101231,20170125,CSI
H00300.CSI,300收益,CSI,中证指数有限公司,规模指数,20041231,20050408,CSI
H00801.CSI,资源80全收益,CSI,中证指数有限公司,主题指数,20041231,20111108,CSI
H00802.CSI,500沪市全收益,CSI,中证指数有限公司,主题指数,20041231,20111108,CSI
H00803.CSI,300波动全收益,CSI,中证指数有限公司,策略指数,20041231,20120109,CSI
H00804.CSI,500波动全收益,CSI,中证指数有限公司,策略指数,20041231,20120109,CSI
H00805.CSI,A股资源全收益,CSI,中证指数有限公司,主题指数,20041231,20120106,CSI
H00806.CSI,消费服务全收益,CSI,中证指数有限公司,主题指数,20041231,20120210,CSI
H00807.CSI,食品饮料全收益,CSI,中证指数有限公司,行业指数,20041231,20120217,CSI
H00808.CSI,医药生物全收益,CSI,中证指数有限公司,行业指数,20041231,20120217,CSI
H00811.CSI,细分有色全收益,CSI,中证指数有限公司,主题指数,20041231,20120411,CSI
H00812.CSI,细分机械全收益,CSI,中证指数有限公司,主题指数,20041231,20120411,CSI
H00813.CSI,细分化工全收益,CSI,中证指数有限公司,主题指数,20041231,20120411,CSI
H00814.CSI,细分医药全收益,CSI,中证指数有限公司,主题指数,20041231,20120411,CSI
H00815.CSI,细分食品全收益,CSI,中证指数有限公司,主题指数,20041231,20120411,CSI
H00816.CSI,细分地产全收益,CSI,中证指数有限公司,主题指数,20041231,20120411,CSI
H00817.CSI,兴证海峡全收益,CSI,中证指数有限公司,主题指数,20110817,20110927,CSI
H00818.CSI,细分金融全收益,CSI,中证指数有限公司,主题指数,20041231,20120411,CSI
H00819.CSI,有色金属全收益,CSI,中证指数有限公司,行业指数,20041231,20120509,CSI
H00820.CSI,煤炭指数全收益,CSI,中证指数有限公司,行业指数,20041231,20120509,CSI
H00821.CSI,300红利全收益,CSI,中证指数有限公司,策略指数,20041231,20120720,CSI
H00822.CSI,500红利全收益,CSI,中证指数有限公司,策略指数,20041231,20120720,CSI
H00824.CSI,国企红利全收益,CSI,中证指数有限公司,策略指数,20090630,20120720,CSI
H00825.CSI,央企红利全收益,CSI,中证指数有限公司,策略指数,20081231,20120720,CSI
H00826.CSI,民企红利全收益,CSI,中证指数有限公司,策略指数,20090630,20120720,CSI
H00827.CSI,中证环保全收益,CSI,中证指数有限公司,主题指数,20111230,20120925,CSI
H00828.CSI,300高贝全收益,CSI,中证指数有限公司,策略指数,20041231,20120806,CSI
H00829.CSI,300低贝全收益,CSI,中证指数有限公司,策略指数,20041231,20120806,CSI
H00830.CSI,500高贝全收益,CSI,中证指数有限公司,策略指数,20041231,20120806,CSI
H00831.CSI,500低贝全收益,CSI,中证指数有限公司,策略指数,20041231,20120806,CSI
H00833.CSI,中高企债(净),CSI,中证指数有限公司,债券指数,20121231,20180102,CSI
H00838.CSI,创业价值全收益,CSI,中证指数有限公司,主题指数,20091231,20120926,CSI
H00839.CSI,浙企综指全收益,CSI,中证指数有限公司,主题指数,20041231,20121109,CSI
H00840.CSI,浙江民企全收益,CSI,中证指数有限公司,主题指数,20041231,20121109,CSI
H00841.CSI,800医药全收益,CSI,中证指数有限公司,行业指数,20041231,20121221,CSI
H00842.CSI,800等权全收益,CSI,中证指数有限公司,策略指数,20041231,20121221,CSI
H00843.CSI,300动态全收益,CSI,中证指数有限公司,策略指数,20041231,20130107,CSI
H00844.CSI,300稳定全收益,CSI,中证指数有限公司,策略指数,20041231,20130107,CSI
H00845.CSI,中期信用(净),CSI,中证指数有限公司,债券指数,20071231,20120918,CSI
H00846.CSI,ESG100全收益,CSI,中证指数有限公司,主题指数,20110630,20121016,CSI
H00852.CSI,中证1000全收益,CSI,中证指数有限公司,规模指数,20041231,20141017,CSI
H00855.CSI,央视500全收益,CSI,中证指数有限公司,主题指数,20091231,20141103,CSI
H00859.CSI,国企一带一路全收益,CSI,中证指数有限公司,主题指数,20131231,20190516,CSI
H00860.CSI,结构调整全收益,CSI,中证指数有限公司,主题指数,20141231,20180326,CSI
H00861.CSI,央企创新全收益,CSI,中证指数有限公司,主题指数,20121231,20190516,CSI
H00891.CSI,新兴综指全收益,CSI,中证指数有限公司,主题指数,20101231,20170125,CSI
H00901.CSI,小康收益,CSI,中证指数有限公司,主题指数,20051230,20100402,CSI
H00902.CSI,中证流通全收益,CSI,中证指数有限公司,综合指数,20051230,20200311,CSI
H00903.CSI,A100收益,CSI,中证指数有限公司,规模指数,20051230,20060529,CSI
H00904.CSI,200收益,CSI,中证指数有限公司,规模指数,20041231,20070115,CSI
H00905.CSI,500收益,CSI,中证指数有限公司,规模指数,20041231,20070115,CSI
H00906.CSI,800收益,CSI,中证指数有限公司,规模指数,20041231,20070115,CSI
H00907.CSI,700收益,CSI,中证指数有限公司,规模指数,20041231,20070115,CSI
H00908.CSI,300能源全收益,CSI,中证指数有限公司,行业指数,20041231,20070702,CSI
H00909.CSI,材料收益,CSI,中证指数有限公司,行业指数,20041231,20070702,CSI
H00910.CSI,工业收益,CSI,中证指数有限公司,行业指数,20041231,20070702,CSI
H00911.CSI,可选收益,CSI,中证指数有限公司,行业指数,20041231,20070702,CSI
H00912.CSI,消费收益,CSI,中证指数有限公司,行业指数,20041231,20070702,CSI
H00913.CSI,医药收益,CSI,中证指数有限公司,行业指数,20041231,20070702,CSI
H00914.CSI,300金融地产全收益,CSI,中证指数有限公司,主题指数,20041231,20070702,CSI
H00915.CSI,信息收益,CSI,中证指数有限公司,行业指数,20041231,20070702,CSI
H00916.CSI,300通信全收益,CSI,中证指数有限公司,行业指数,20041231,20070702,CSI
H00917.CSI,公用收益,CSI,中证指数有限公司,行业指数,20041231,20070702,CSI
H00918.CSI,300收成,CSI,中证指数有限公司,风格指数,20041231,20080121,CSI
H00919.CSI,300收价,CSI,中证指数有限公司,风格指数,20041231,20080121,CSI
H00920.CSI,300R收成,CSI,中证指数有限公司,风格指数,20041231,20080121,CSI
H00921.CSI,300R收价,CSI,中证指数有限公司,风格指数,20041231,20080121,CSI
H00922.CSI,中红收益,CSI,中证指数有限公司,策略指数,20041231,20080526,CSI
H00923.CSI,公司债指(净),CSI,中证指数有限公司,债券指数,20121231,20180102,CSI
H00925.CSI,基面50收,CSI,中证指数有限公司,策略指数,20041231,20090226,CSI
H00926.CSI,中证央收,CSI,中证指数有限公司,主题指数,20081231,20090330,CSI
H00927.CSI,央100收,CSI,中证指数有限公司,主题指数,20081231,20090330,CSI
H00928.CSI,800能源全收益,CSI,中证指数有限公司,行业指数,20041231,20090703,CSI
H00929.CSI,800材料全收益,CSI,中证指数有限公司,行业指数,20041231,20090703,CSI
H00930.CSI,800工业全收益,CSI,中证指数有限公司,行业指数,20041231,20090703,CSI
H00931.CSI,800可选全收益,CSI,中证指数有限公司,行业指数,20041231,20090703,CSI
H00932.CSI,800消费全收益,CSI,中证指数有限公司,行业指数,20041231,20090703,CSI
H00933.CSI,800医卫全收益,CSI,中证指数有限公司,行业指数,20041231,20090703,CSI
H00934.CSI,800金地全收益,CSI,中证指数有限公司,主题指数,20041231,20090703,CSI
H00935.CSI,800信息全收益,CSI,中证指数有限公司,行业指数,20041231,20090703,CSI
H00936.CSI,800通信全收益,CSI,中证指数有限公司,行业指数,20041231,20090703,CSI
H00937.CSI,800公用全收益,CSI,中证指数有限公司,行业指数,20041231,20090703,CSI
H00938.CSI,中民企收,CSI,中证指数有限公司,主题指数,20090630,20090825,CSI
H00939.CSI,民企成长(全),CSI,中证指数有限公司,主题指数,20131213,20090825,CSI
H00940.CSI,财富大收,CSI,中证指数有限公司,策略指数,20041231,20090925,CSI
H00941.CSI,新能源收,CSI,中证指数有限公司,主题指数,20081231,20091028,CSI
H00942.CSI,内地消收,CSI,中证指数有限公司,主题指数,20041231,20091028,CSI
H00943.CSI,新基建50全收益,CSI,中证指数有限公司,主题指数,20141231,20091028,CSI
H00944.CSI,内地资收,CSI,中证指数有限公司,主题指数,20041231,20091028,CSI
H00945.CSI,内地运收,CSI,中证指数有限公司,主题指数,20041231,20091028,CSI
H00947.CSI,内地银收,CSI,中证指数有限公司,主题指数,20041231,20091028,CSI
H00948.CSI,内地地收,CSI,中证指数有限公司,主题指数,20041231,20091028,CSI
H00949.CSI,中证农业全收益,CSI,中证指数有限公司,主题指数,20041231,20091028,CSI
H00950.CSI,300基收,CSI,中证指数有限公司,主题指数,20041231,20091028,CSI
H00951.CSI,300银收,CSI,中证指数有限公司,行业指数,20041231,20091028,CSI
H00952.CSI,300地收,CSI,中证指数有限公司,行业指数,20041231,20091028,CSI
H00953.CSI,中证地企全收益,CSI,中证指数有限公司,主题指数,20090630,20100209,CSI
H00954.CSI,地企100全收益,CSI,中证指数有限公司,主题指数,20090630,20100209,CSI
H00955.CSI,中证国企全收益,CSI,中证指数有限公司,主题指数,20090630,20100209,CSI
H00956.CSI,国企200全收益,CSI,中证指数有限公司,主题指数,20090630,20100209,CSI
H00957.CSI,300运输全收益,CSI,中证指数有限公司,行业指数,20041231,20100317,CSI
H00958.CSI,创业成长全收益,CSI,中证指数有限公司,主题指数,20091231,20100324,CSI
H00959.CSI,银河99全收益,CSI,中证指数有限公司,主题指数,20041231,20100209,CSI
H00961.CSI,中证上游全收益,CSI,中证指数有限公司,主题指数,20041231,20100416,CSI
H00962.CSI,中证中游全收益,CSI,中证指数有限公司,主题指数,20041231,20100416,CSI
H00963.CSI,中证下游全收益,CSI,中证指数有限公司,主题指数,20041231,20100416,CSI
H00964.CSI,中证新兴全收益,CSI,中证指数有限公司,主题指数,20041231,20100430,CSI
H00965.CSI,基本200全收益,CSI,中证指数有限公司,策略指数,20041231,20100602,CSI
H00966.CSI,基本400全收益,CSI,中证指数有限公司,策略指数,20041231,20100602,CSI
H00967.CSI,基本600全收益,CSI,中证指数有限公司,策略指数,20041231,20100602,CSI
H00968.CSI,300周期全收益,CSI,中证指数有限公司,主题指数,20041231,20100528,CSI
H00969.CSI,300非周全收益,CSI,中证指数有限公司,主题指数,20041231,20100528,CSI
H00970.CSI,ESG40全收益,CSI,中证指数有限公司,主题指数,20100630,20100917,CSI
H00971.CSI,等权90全收益,CSI,中证指数有限公司、上海证券交易所,策略指数,20031231,20101202,CSI
H00972.CSI,300沪市全收益,CSI,中证指数有限公司,主题指数,20041231,20101202,CSI
H00973.CSI,技术领先全收益,CSI,中证指数有限公司,主题指数,20031231,20110104,CSI
H00975.CSI,钱江30全收益,CSI,中证指数有限公司,主题指数,20091231,20140102,CSI
H00976.CSI,新华金牛全收益,CSI,中证指数有限公司,主题指数,20041231,20140218,CSI
H00977.CSI,内地低碳全收益,CSI,中证指数有限公司,主题指数,20100630,20110121,CSI
H00978.CSI,医药100全收益,CSI,中证指数有限公司,主题指数,20041231,20110318,CSI
H00979.CSI,大宗商品全收益,CSI,中证指数有限公司,主题指数,20041231,20110822,CSI
H00980.CSI,中证超大全收益,CSI,中证指数有限公司,规模指数,20041231,20110510,CSI
H00981.CSI,300分层全收益,CSI,中证指数有限公司,策略指数,20041231,20110613,CSI
H00982.CSI,500等权全收益,CSI,中证指数有限公司,策略指数,20041231,20110613,CSI
H00983.CSI,智能资产全收益,CSI,中证指数有限公司,主题指数,20060630,20110617,CSI
H00984.CSI,300等权全收益,CSI,中证指数有限公司,策略指数,20041231,20110802,CSI
H00985.CSI,中证全指全收益,CSI,中证指数有限公司,规模指数,20041231,20110802,CSI
H00986.CSI,全指能源全收益,CSI,中证指数有限公司,行业指数,20041231,20110802,CSI
H00987.CSI,全指材料全收益,CSI,中证指数有限公司,行业指数,20041231,20110802,CSI
H00988.CSI,全指工业全收益,CSI,中证指数有限公司,行业指数,20041231,20110802,CSI
H00989.CSI,全指可选全收益,CSI,中证指数有限公司,行业指数,20041231,20110802,CSI
H00990.CSI,全指消费全收益,CSI,中证指数有限公司,行业指数,20041231,20110802,CSI
H00991.CSI,全指医药全收益,CSI,中证指数有限公司,行业指数,20041231,20110802,CSI
H00992.CSI,金融地产全收益,CSI,中证指数有限公司,主题指数,20041231,20110802,CSI
H00993.CSI,全指信息全收益,CSI,中证指数有限公司,行业指数,20041231,20110802,CSI
H00994.CSI,全指通信全收益,CSI,中证指数有限公司,行业指数,20041231,20110802,CSI
H00995.CSI,全指公用全收益,CSI,中证指数有限公司,行业指数,20041231,20110802,CSI
H00996.CSI,领先行业全收益,CSI,中证指数有限公司,主题指数,20041231,20110802,CSI
H00997.CSI,大消费全收益,CSI,中证指数有限公司,主题指数,20041231,20111111,CSI
H00998.CSI,中证TMT全收益,CSI,中证指数有限公司,主题指数,20110630,20111108,CSI
H00999.CSI,光大阳光,CSI,中证指数有限公司、光大证券股份有限公司,策略指数,20041231,20080801,CSI
H01001.CSI,中证全债(净),CSI,中证指数有限公司,债券指数,20021231,20071217,CSI
H01002.CSI,1-3综合债(净),CSI,中证指数有限公司,债券指数,20021231,20071217,CSI
H01003.CSI,3-7综合债(净),CSI,中证指数有限公司,债券指数,20021231,20071217,CSI
H01004.CSI,7-10综合债(净),CSI,中证指数有限公司,债券指数,20021231,20071217,CSI
H01005.CSI,10+综合债(净),CSI,中证指数有限公司,债券指数,20021231,20071217,CSI
H01006.CSI,中证国债(净),CSI,中证指数有限公司,债券指数,20021231,20080128,CSI
H01007.CSI,中证金融债(净),CSI,中证指数有限公司,债券指数,20021231,20080128,CSI
H01008.CSI,中证企业债(净),CSI,中证指数有限公司,债券指数,20021231,20080128,CSI
H01009.CSI,中证综合债(净),CSI,中证指数有限公司,债券指数,20021231,20081112,CSI
H01010.CSI,0-1综合债(净),CSI,中证指数有限公司,债券指数,20021231,20081112,CSI
H01011.CSI,中证央票(净),CSI,中证指数有限公司,债券指数,20070131,20081112,CSI
H01012.CSI,中证央票1(净),CSI,中证指数有限公司,债券指数,20070131,20081112,CSI
H01013.CSI,中证央票1-3(净),CSI,中证指数有限公司,债券指数,20070131,20081112,CSI
H01014.CSI,中证短融(净),CSI,中证指数有限公司,债券指数,20070131,20081112,CSI
H01015.CSI,中证短债(净),CSI,中证指数有限公司,债券指数,20021231,20081112,CSI
H01016.CSI,中证50债(净),CSI,中证指数有限公司,债券指数,20071231,20101015,CSI
H01017.CSI,中期国债(净),CSI,中证指数有限公司,债券指数,20071231,20110321,CSI
H01018.CSI,沪质城投(净),CSI,中证指数有限公司,债券指数,20081231,20140717,CSI
H01019.CSI,中证企债100(净),CSI,中证指数有限公司,债券指数,20071231,20110719,CSI
H01051.CSI,钢铁产业,CSI,中证指数有限公司,主题指数,20081231,20090722,CSI
H01052.CSI,智能电车全收益,CSI,中证指数有限公司,主题指数,20141231,20090722,CSI
H01053.CSI,纺织产业,CSI,中证指数有限公司,主题指数,20081231,20090722,CSI
H01054.CSI,装备产业,CSI,中证指数有限公司,主题指数,20081231,20090722,CSI
H01055.CSI,船舶产业全收益,CSI,中证指数有限公司,主题指数,20081231,20090722,CSI
H01057.CSI,石化产业,CSI,中证指数有限公司,主题指数,20081231,20090722,CSI
H01058.CSI,轻工产业,CSI,中证指数有限公司,主题指数,20081231,20090722,CSI
H01059.CSI,工业有色全收益,CSI,中证指数有限公司,主题指数,20081231,20090722,CSI
H01060.CSI,物流产业,CSI,中证指数有限公司,主题指数,20081231,20090722,CSI
H01070.CSI,中证短融50(净),CSI,中证指数有限公司,债券指数,20071231,20110913,CSI
H01071.CSI,中证1-10国债(净),CSI,中证指数有限公司,债券指数,20071231,20120320,CSI
H01072.CSI,中证中票50(净),CSI,中证指数有限公司,债券指数,20081231,20120524,CSI
H01073.CSI,中证信用(净),CSI,中证指数有限公司,债券指数,20071231,20121016,CSI
H01074.CSI,中期企债(净),CSI,中证指数有限公司,债券指数,20071231,20121016,CSI
H01075.CSI,长期国债(净),CSI,中证指数有限公司,债券指数,20071231,20121023,CSI
H01076.CSI,中期综合(净),CSI,中证指数有限公司,债券指数,20071231,20121126,CSI
H01077.CSI,10年国债(净),CSI,中证指数有限公司,债券指数,20081231,20130307,CSI
H01078.CSI,中高信用(净),CSI,中证指数有限公司,债券指数,20071231,20130205,CSI
H01079.CSI,中低信用(净),CSI,中证指数有限公司,债券指数,20081231,20130205,CSI
H01080.CSI,HGSZAAA(净),CSI,中证指数有限公司,债券指数,20121231,20180102,CSI
H01081.CSI,HGSZAA+(净),CSI,中证指数有限公司,债券指数,20121231,20180102,CSI
H01082.CSI,HGSZAA(净),CSI,中证指数有限公司,债券指数,20121231,20180102,CSI
H01083.CSI,HGSZ1-3(净),CSI,中证指数有限公司,债券指数,20121231,20180102,CSI
H01084.CSI,HGSZ3-5(净),CSI,中证指数有限公司,债券指数,20121231,20180102,CSI
H01085.CSI,HGSZ5-7(净),CSI,中证指数有限公司,债券指数,20121231,20180102,CSI
H01086.CSI,HGSZ7-10(净),CSI,中证指数有限公司,债券指数,20121231,20180102,CSI
H01087.CSI,GSZAAA(净),CSI,中证指数有限公司,债券指数,20121231,20180102,CSI
H01088.CSI,GSZAA+(净),CSI,中证指数有限公司,债券指数,20121231,20180102,CSI
H01089.CSI,GSZAA(净),CSI,中证指数有限公司,债券指数,20121231,20180102,CSI
H01090.CSI,GSZ1-3(净),CSI,中证指数有限公司,债券指数,20121231,20180102,CSI
H01091.CSI,GSZ3-5(净),CSI,中证指数有限公司,债券指数,20121231,20180102,CSI
H01092.CSI,GSZ5-7(净),CSI,中证指数有限公司,债券指数,20121231,20180102,CSI
H01093.CSI,GSZ7-10(净),CSI,中证指数有限公司,债券指数,20121231,20180102,CSI
H01094.CSI,中票L50(净),CSI,中证指数有限公司,债券指数,20081231,20130516,CSI
H01095.CSI,沪跨市中期中高债(净),CSI,中证指数有限公司,债券指数,20081231,20130801,CSI
H01096.CSI,中期信用L100(净),CSI,中证指数有限公司,债券指数,20071231,20130704,CSI
H01097.CSI,中期中高收益L(净),CSI,中证指数有限公司,债券指数,20081231,20130704,CSI
H01098.CSI,沪城投债(净),CSI,中证指数有限公司,债券指数,20081231,20131115,CSI
H01099.CSI,短期国债(净),CSI,中证指数有限公司,债券指数,20071231,20130820,CSI
H01100.CSI,香港100全收益,CSI,中证指数有限公司,规模指数,20041231,20080507,CSI
H01101.CSI,香港100人民币全收益,CSI,中证指数有限公司,规模指数,20041231,20080507,CSI
H01102.CSI,非港内地全收益,CSI,中证指数有限公司,主题指数,20041231,20081110,CSI
H01103.CSI,香港内地50人民币全收益,CSI,中证指数有限公司,规模指数,20041231,20081110,CSI
H01104.CSI,海外内地全收益,CSI,中证指数有限公司,主题指数,20041231,20081110,CSI
H01105.CSI,非台海外全收益,CSI,中证指数有限公司,规模指数,20041231,20081110,CSI
H01106.CSI,非台华股全收益,CSI,中证指数有限公司,规模指数,20041231,20081110,CSI
H01108.CSI,两岸三地全收益,CSI,中证指数有限公司,规模指数,20041231,20100118,CSI
H01110.CSI,香港F50全收益,CSI,中证指数有限公司,策略指数,20041231,20100602,CSI
H01111.CSI,香港F50人民币全收益,CSI,中证指数有限公司,策略指数,20041231,20100602,CSI
H01112.CSI,非港内地美元全收益,CSI,中证指数有限公司,主题指数,20041231,20081110,CSI
H01113.CSI,中国低碳全收益,CSI,中证指数有限公司,主题指数,20061231,20110216,CSI
H01114.CSI,海外内地美元全收益,CSI,中证指数有限公司,主题指数,20041231,20081110,CSI
H01115.CSI,非台海外美元全收益,CSI,中证指数有限公司,规模指数,20041231,20081110,CSI
H01116.CSI,非台华股美元全收益,CSI,中证指数有限公司,规模指数,20041231,20081110,CSI
H01118.CSI,两岸三地(全)USD,CSI,中证指数有限公司,规模指数,20041231,20100118,CSI
H01120.CSI,香港中盘精选全收益,CSI,中证指数有限公司,主题指数,20041231,20110428,CSI
H01121.CSI,富国多空全收益,CSI,中证指数有限公司,策略指数,20051231,20110726,CSI
H01123.CSI,香港内地50全收益,CSI,中证指数有限公司,规模指数,20041231,20081110,CSI
H01124.CSI,海外内地港元全收益,CSI,中证指数有限公司,主题指数,20041231,20081110,CSI
H01125.CSI,非台海外港元全收益,CSI,中证指数有限公司,规模指数,20041231,20081110,CSI
H01126.CSI,非台华股港元全收益,CSI,中证指数有限公司,规模指数,20041231,20081110,CSI
H01128.CSI,两岸三地(全)HKD,CSI,中证指数有限公司,规模指数,20041231,20100118,CSI
H01130.CSI,海外中国品牌80全收益,CSI,中证指数有限公司,主题指数,20070629,20110610,CSI
H01131.CSI,海外中国品牌80美元,CSI,中证指数有限公司,主题指数,20070629,20110610,CSI
H01134.CSI,中证中国东盟180(全),CSI,中证指数有限公司,规模指数,20041231,20110812,CSI
H01135.CSI,中国东盟180(全)USD,CSI,中证指数有限公司,规模指数,20041231,20110812,CSI
H01136.CSI,中国互联网全收益,CSI,中证指数有限公司,主题指数,20070629,20110920,CSI
H01137.CSI,中国互联网美元全收益,CSI,中证指数有限公司,主题指数,20070629,20110920,CSI
H01138.CSI,两岸三地(全)TWD,CSI,中证指数有限公司,规模指数,20041231,20100118,CSI
H01140.CSI,香港红利全收益,CSI,中证指数有限公司,策略指数,20041231,20090723,CSI
H01141.CSI,香港红利人民币全收益,CSI,中证指数有限公司,策略指数,20041231,20090723,CSI
H01142.CSI,HKT香港地产全收益,CSI,中证指数有限公司,主题指数,20071231,20100602,CSI
H01143.CSI,港股通内地地产全收益,CSI,中证指数有限公司,主题指数,20071231,20100602,CSI
H01144.CSI,HKT内地消费全收益,CSI,中证指数有限公司,主题指数,20071231,20100602,CSI
H01145.CSI,HKT内地银行全收益,CSI,中证指数有限公司,主题指数,20071231,20100602,CSI
H01146.CSI,港股通内地金融全收益,CSI,中证指数有限公司,主题指数,20071231,20100602,CSI
H01147.CSI,HKT香港地产(全)CNY,CSI,中证指数有限公司,主题指数,20071231,20100602,CSI
H01148.CSI,港股通内地地产(全)CNY,CSI,中证指数有限公司,主题指数,20071231,20100602,CSI
H01149.CSI,HKT内地消费(全)CNY,CSI,中证指数有限公司,主题指数,20071231,20100602,CSI
H01150.CSI,HKT内地银行(全)CNY,CSI,中证指数有限公司,主题指数,20071231,20100602,CSI
H01151.CSI,港股通内地金融(全)CNY,CSI,中证指数有限公司,主题指数,20071231,20100602,CSI
H01152.CSI,内地民营全收益,CSI,中证指数有限公司,主题指数,20071231,20100730,CSI
H01153.CSI,内地国有全收益,CSI,中证指数有限公司,主题指数,20071231,20100730,CSI
H01154.CSI,内地民营(全)CNY,CSI,中证指数有限公司,主题指数,20071231,20100730,CSI
H01155.CSI,内地国有人民币全收益,CSI,中证指数有限公司,主题指数,20071231,20100730,CSI
H01156.CSI,中国可选消费(全),CSI,中证指数有限公司,行业指数,20070629,20120208,CSI
H01157.CSI,中国可选消费(全)USD,CSI,中证指数有限公司,行业指数,20070629,20120208,CSI
H01158.CSI,中国主要消费全收益,CSI,中证指数有限公司,行业指数,20070629,20120208,CSI
H01159.CSI,中国主要消费(全)USD,CSI,中证指数有限公司,行业指数,20070629,20120208,CSI
H01160.CSI,中国五年规划全收益,CSI,中证指数有限公司,主题指数,20070629,20120423,CSI
H01161.CSI,中国五年规划(全)USD,CSI,中证指数有限公司,主题指数,20070629,20120423,CSI
H01162.CSI,中国城市化全收益,CSI,中证指数有限公司,主题指数,20070629,20120423,CSI
H01163.CSI,中国城市化美元全收益,CSI,中证指数有限公司,主题指数,20070629,20120423,CSI
H01164.CSI,香港300全收益,CSI,中证指数有限公司,规模指数,20041231,20120720,CSI
H01165.CSI,香港200全收益,CSI,中证指数有限公司,规模指数,20041231,20120720,CSI
H01167.CSI,HK300本地全收益,CSI,中证指数有限公司,规模指数,20041231,20121016,CSI
H01168.CSI,香港300人民币全收益,CSI,中证指数有限公司,规模指数,20041231,20120720,CSI
H01169.CSI,香港200人民币全收益,CSI,中证指数有限公司,规模指数,20041231,20120720,CSI
H01171.CSI,HK300本地人民币全收益,CSI,中证指数有限公司,规模指数,20041231,20121016,CSI
H01172.CSI,HK300V全收益,CSI,中证指数有限公司,风格指数,20041231,20121016,CSI
H01173.CSI,HK300G全收益,CSI,中证指数有限公司,风格指数,20041231,20121016,CSI
H01174.CSI,HK300RV全收益,CSI,中证指数有限公司,风格指数,20041231,20121016,CSI
H01175.CSI,HK300RG全收益,CSI,中证指数有限公司,风格指数,20041231,20121016,CSI
H01176.CSI,HK300V人民币全收益,CSI,中证指数有限公司,风格指数,20041231,20121016,CSI
H01177.CSI,HK300G人民币全收益,CSI,中证指数有限公司,风格指数,20041231,20121016,CSI
H01178.CSI,HK300RV人民币全收益,CSI,中证指数有限公司,风格指数,20041231,20121016,CSI
H01179.CSI,HK300RG人民币全收益,CSI,中证指数有限公司,风格指数,20041231,20121016,CSI
H01181.CSI,金砖国家全收益,CSI,中证指数有限公司,规模指数,20051230,20121016,CSI
H01182.CSI,金砖USD全收益,CSI,中证指数有限公司,规模指数,20051230,20121016,CSI
H01183.CSI,金砖(HK)全收益,CSI,中证指数有限公司,规模指数,20051230,20121016,CSI
H01184.CSI,金砖(HK)U全收益,CSI,中证指数有限公司,规模指数,20051230,20121016,CSI
H01185.CSI,3年中高信用(净),CSI,中证指数有限公司,债券指数,20081231,20131101,CSI
H11001.CSI,中证全债,CSI,中证指数有限公司,债券指数,20021231,20071217,CSI
H11001CNY030.CSI,中证全债(全),CSI,中证指数有限公司,债券指数,20021231,20260105,CSI
H11002.CSI,1-3综合债,CSI,中证指数有限公司,债券指数,20021231,20071217,CSI
H11002CNY030.CSI,1-3综合债(全),CSI,中证指数有限公司,债券指数,20021231,20260105,CSI
H11003.CSI,3-7综合债,CSI,中证指数有限公司,债券指数,20021231,20071217,CSI
H11003CNY030.CSI,3-7综合债(全),CSI,中证指数有限公司,债券指数,20021231,20260105,CSI
H11004.CSI,7-10综合债,CSI,中证指数有限公司,债券指数,20021231,20071217,CSI
H11004CNY030.CSI,7-10综合债(全),CSI,中证指数有限公司,债券指数,20021231,20260105,CSI
H11005.CSI,10+综合债,CSI,中证指数有限公司,债券指数,20021231,20071217,CSI
H11005CNY030.CSI,10+综合债(全),CSI,中证指数有限公司,债券指数,20021231,20260105,CSI
H11006.CSI,中证国债,CSI,中证指数有限公司,债券指数,20021231,20080128,CSI
H11006CNY030.CSI,中证国债(全),CSI,中证指数有限公司,债券指数,20021231,20260626,CSI
H11007.CSI,中证金融债,CSI,中证指数有限公司,债券指数,20021231,20080128,CSI
H11008.CSI,中证企业债,CSI,中证指数有限公司,债券指数,20021231,20080128,CSI
H11009.CSI,中证综合债,CSI,中证指数有限公司,债券指数,20021231,20081112,CSI
H11009CNY030.CSI,中证综合债(全),CSI,中证指数有限公司,债券指数,20021231,20260105,CSI
H11010.CSI,0-1综合债,CSI,中证指数有限公司,债券指数,20021231,20081112,CSI
H11010CNY030.CSI,0-1综合债(全),CSI,中证指数有限公司,债券指数,20021231,20260105,CSI
H11011.CSI,中证央票,CSI,中证指数有限公司,债券指数,20070131,20081112,CSI
H11012.CSI,中证央票1,CSI,中证指数有限公司,债券指数,20070131,20081112,CSI
H11013.CSI,中证央票(1-3),CSI,中证指数有限公司,债券指数,20070131,20081112,CSI
H11014.CSI,中证短融,CSI,中证指数有限公司,债券指数,20070131,20081112,CSI
H11015.CSI,中证短债,CSI,中证指数有限公司,债券指数,20021231,20081112,CSI
H11016.CSI,中证50债,CSI,中证指数有限公司,债券指数,20071231,20101015,CSI
H11017.CSI,中期国债,CSI,中证指数有限公司,债券指数,20071231,20110321,CSI
H11018.CSI,沪质城投,CSI,中证指数有限公司,债券指数,20081231,20140717,CSI
H11019.CSI,中证企债100,CSI,中证指数有限公司,债券指数,20071231,20110719,CSI
H11020.CSI,中证基金,CSI,中证指数有限公司,基金指数,20021231,20160831,CSI
H11021.CSI,股票基金,CSI,中证指数有限公司,基金指数,20021231,20160831,CSI
H11022.CSI,混合基金,CSI,中证指数有限公司,基金指数,20021231,20160831,CSI
H11023.CSI,债券基金,CSI,中证指数有限公司,基金指数,20021231,20160831,CSI
H11024.CSI,ETF净价,CSI,中证指数有限公司,基金指数,20051230,20160831,CSI
H11025.CSI,货币基金,CSI,中证指数有限公司,基金指数,20051230,20160831,CSI
H11026.CSI,QDII基金,CSI,中证指数有限公司,基金指数,20071228,20160831,CSI
H11027.CSI,金牛股票,CSI,中证指数有限公司,基金指数,20070430,20160831,CSI
H11028.CSI,金牛混合,CSI,中证指数有限公司,基金指数,20070430,20160831,CSI
H11030.CSI,AMAC农林,CSI,中证指数有限公司,行业指数,20081231,20090615,CSI
H11031.CSI,AMAC采矿,CSI,中证指数有限公司,行业指数,20081231,20090615,CSI
H11032.CSI,SAC食品,CSI,中证指数有限公司、中国证券业协会,行业指数,20081231,20090615,CSI
H11033.CSI,SAC纺织,CSI,中证指数有限公司、中国证券业协会,行业指数,20081231,20090615,CSI
H11034.CSI,SAC木材,CSI,中证指数有限公司、中国证券业协会,行业指数,20081231,20090615,CSI
H11035.CSI,SAC造纸,CSI,中证指数有限公司、中国证券业协会,行业指数,20081231,20090615,CSI
H11036.CSI,SAC石化,CSI,中证指数有限公司、中国证券业协会,行业指数,20081231,20090615,CSI
H11037.CSI,SAC电子,CSI,中证指数有限公司、中国证券业协会,行业指数,20081231,20090615,CSI
H11038.CSI,SAC金属,CSI,中证指数有限公司、中国证券业协会,行业指数,20081231,20090615,CSI
H11039.CSI,SAC机械,CSI,中证指数有限公司、中国证券业协会,行业指数,20081231,20090615,CSI
H11040.CSI,SAC医药,CSI,中证指数有限公司、中国证券业协会,行业指数,20081231,20090615,CSI
H11041.CSI,AMAC公用,CSI,中证指数有限公司,行业指数,20081231,20090615,CSI
H11042.CSI,AMAC建筑,CSI,中证指数有限公司,行业指数,20081231,20090615,CSI
H11043.CSI,AMAC交运,CSI,中证指数有限公司,行业指数,20081231,20090615,CSI
H11044.CSI,AMAC信息,CSI,中证指数有限公司,行业指数,20081231,20090615,CSI
H11045.CSI,AMAC批零,CSI,中证指数有限公司,行业指数,20081231,20090615,CSI
H11046.CSI,AMAC金融,CSI,中证指数有限公司,行业指数,20081231,20090615,CSI
H11047.CSI,AMAC地产,CSI,中证指数有限公司,行业指数,20081231,20090615,CSI
H11048.CSI,SAC服务,CSI,中证指数有限公司、中国证券业协会,行业指数,20081231,20090615,CSI
H11049.CSI,AMAC文体,CSI,中证指数有限公司,行业指数,20081231,20090615,CSI
H11050.CSI,AMAC综企,CSI,中证指数有限公司,行业指数,20081231,20090615,CSI
H11051.CSI,钢铁产业,CSI,中证指数有限公司,主题指数,20081231,20090722,CSI
H11052.CSI,智能电车,CSI,中证指数有限公司,主题指数,20141231,20090722,CSI
H11053.CSI,纺织产业,CSI,中证指数有限公司,主题指数,20081231,20090722,CSI
H11054.CSI,装备产业,CSI,中证指数有限公司,主题指数,20081231,20090722,CSI
H11055.CSI,船舶产业,CSI,中证指数有限公司,主题指数,20081231,20090722,CSI
H11057.CSI,石化产业,CSI,中证指数有限公司,主题指数,20081231,20090722,CSI
H11058.CSI,轻工产业,CSI,中证指数有限公司,主题指数,20081231,20090722,CSI
H11059.CSI,工业有色,CSI,中证指数有限公司,主题指数,20081231,20090722,CSI
H11060.CSI,物流产业,CSI,中证指数有限公司,主题指数,20081231,20090722,CSI
H11061.CSI,商品CFCI,CSI,中证指数有限公司,期货指数,20041231,20101228,CSI
H11062.CSI,农产CFCI,CSI,中证指数有限公司,期货指数,20041231,20101228,CSI
H11063.CSI,金属CFCI,CSI,中证指数有限公司,期货指数,20041231,20101228,CSI
H11064.CSI,化工CFCI,CSI,中证指数有限公司,期货指数,20041231,20101228,CSI
H11065.CSI,能源CFCI,CSI,中证指数有限公司,期货指数,20041231,20101228,CSI
H11066.CSI,粮食CFCI,CSI,中证指数有限公司,期货指数,20041231,20101228,CSI
H11067.CSI,工金CFCI,CSI,中证指数有限公司,期货指数,20041231,20101228,CSI
H11068.CSI,纺织CFCI,CSI,中证指数有限公司,期货指数,20041231,20101228,CSI
H11069.CSI,油脂CFCI,CSI,中证指数有限公司,期货指数,20061229,20101228,CSI
H11070.CSI,中证短融50,CSI,中证指数有限公司,债券指数,20071231,20110913,CSI
H11071.CSI,中证1-10国债,CSI,中证指数有限公司,债券指数,20071231,20120320,CSI
H11072.CSI,中证中票50,CSI,中证指数有限公司,债券指数,20081231,20120524,CSI
H11073.CSI,中证信用,CSI,中证指数有限公司,债券指数,20071231,20121016,CSI
H11073CNY030.CSI,中证信用(全),CSI,中证指数有限公司,债券指数,20071231,20260105,CSI
H11074.CSI,中期企债,CSI,中证指数有限公司,债券指数,20071231,20121016,CSI
H11075.CSI,长期国债,CSI,中证指数有限公司,债券指数,20071231,20121023,CSI
H11075CNY030.CSI,长期国债(全),CSI,中证指数有限公司,债券指数,20071231,20260626,CSI
H11076.CSI,中期综合,CSI,中证指数有限公司,债券指数,20071231,20121126,CSI
H11077.CSI,10年国债,CSI,中证指数有限公司,债券指数,20081231,20130307,CSI
H11078.CSI,中高信用,CSI,中证指数有限公司,债券指数,20071231,20130205,CSI
H11078CNY030.CSI,中高信用(全),CSI,中证指数有限公司,债券指数,20071231,20260105,CSI
H11079.CSI,中低信用,CSI,中证指数有限公司,债券指数,20081231,20130205,CSI
H11080.CSI,HGSZAAA,CSI,中证指数有限公司,债券指数,20081231,20130503,CSI
H11081.CSI,HGSZAA+,CSI,中证指数有限公司,债券指数,20091231,20130503,CSI
H11082.CSI,HGSZAA,CSI,中证指数有限公司,债券指数,20091231,20130503,CSI
H11083.CSI,HGSZ1-3,CSI,中证指数有限公司,债券指数,20091231,20130503,CSI
H11084.CSI,HGSZ3-5,CSI,中证指数有限公司,债券指数,20081231,20130503,CSI
H11085.CSI,HGSZ5-7,CSI,中证指数有限公司,债券指数,20091231,20130503,CSI
H11086.CSI,HGSZ7-10,CSI,中证指数有限公司,债券指数,20081231,20130503,CSI
H11087.CSI,GSZAAA,CSI,中证指数有限公司,债券指数,20081231,20130503,CSI
H11088.CSI,GSZAA+,CSI,中证指数有限公司,债券指数,20091231,20130503,CSI
H11089.CSI,GSZAA,CSI,中证指数有限公司,债券指数,20091231,20130503,CSI
H11090.CSI,GSZ1-3,CSI,中证指数有限公司,债券指数,20091231,20130503,CSI
H11091.CSI,GSZ3-5,CSI,中证指数有限公司,债券指数,20081231,20130503,CSI
H11092.CSI,GSZ5-7,CSI,中证指数有限公司,债券指数,20091231,20130503,CSI
H11093.CSI,GSZ7-10,CSI,中证指数有限公司,债券指数,20081231,20130503,CSI
H11094.CSI,中票L50,CSI,中证指数有限公司,债券指数,20081231,20130516,CSI
H11095.CSI,沪跨市中期中高债,CSI,中证指数有限公司,债券指数,20081231,20130801,CSI
H11096.CSI,中期信用L100,CSI,中证指数有限公司,债券指数,20071231,20130704,CSI
H11097.CSI,中期中高收益L,CSI,中证指数有限公司,债券指数,20081231,20130704,CSI
H11098.CSI,沪城投债,CSI,中证指数有限公司,债券指数,20081231,20131115,CSI
H11099.CSI,短期国债,CSI,中证指数有限公司,债券指数,20071231,20130820,CSI
H11099CNY030.CSI,短期国债(全),CSI,中证指数有限公司,债券指数,20071231,20260626,CSI
H11100.CSI,香港100,CSI,中证指数有限公司,规模指数,20041231,20080507,CSI
H11101.CSI,香港100人民币,CSI,中证指数有限公司,规模指数,20041231,20080507,CSI
H11102.CSI,非港内地,CSI,中证指数有限公司,主题指数,20041231,20081110,CSI
H11103.CSI,香港内地50人民币,CSI,中证指数有限公司,规模指数,20041231,20081110,CSI
H11104.CSI,海外内地,CSI,中证指数有限公司,主题指数,20041231,20081110,CSI
H11105.CSI,非台海外,CSI,中证指数有限公司,规模指数,20041231,20081110,CSI
H11106.CSI,非台华股,CSI,中证指数有限公司,规模指数,20041231,20081110,CSI
H11108.CSI,两岸三地,CSI,中证指数有限公司,规模指数,20041231,20100118,CSI
H11110.CSI,香港F50,CSI,中证指数有限公司,策略指数,20041231,20100602,CSI
H11111.CSI,香港F50人民币,CSI,中证指数有限公司,策略指数,20041231,20100602,CSI
H11112.CSI,非港内地美元,CSI,中证指数有限公司,主题指数,20041231,20081110,CSI
H11113.CSI,中国低碳,CSI,中证指数有限公司,主题指数,20061231,20110216,CSI
H11114.CSI,海外内地美元,CSI,中证指数有限公司,主题指数,20041231,20081110,CSI
H11115.CSI,非台海外美元,CSI,中证指数有限公司,规模指数,20041231,20081110,CSI
H11116.CSI,非台华股美元,CSI,中证指数有限公司,规模指数,20041231,20081110,CSI
H11118.CSI,两岸三地美元,CSI,中证指数有限公司,规模指数,20041231,20100118,CSI
H11120.CSI,香港中盘精选,CSI,中证指数有限公司,主题指数,20041231,20110428,CSI
H11121.CSI,富国多空,CSI,中证指数有限公司,策略指数,20051231,20110726,CSI
H11123.CSI,香港内地50,CSI,中证指数有限公司,规模指数,20041231,20081110,CSI
H11124.CSI,海外内地港元,CSI,中证指数有限公司,主题指数,20041231,20081110,CSI
H11125.CSI,非台海外港元,CSI,中证指数有限公司,规模指数,20041231,20081110,CSI
H11126.CSI,非台华股港元,CSI,中证指数有限公司,规模指数,20041231,20081110,CSI
H11128.CSI,两岸三地港元,CSI,中证指数有限公司,规模指数,20041231,20100118,CSI
H11130.CSI,海外中国品牌80,CSI,中证指数有限公司,主题指数,20070629,20110610,CSI
H11131.CSI,海外中国品牌80(美元),CSI,中证指数有限公司,主题指数,20070629,20110610,CSI
H11134.CSI,中证中国东盟180,CSI,中证指数有限公司,规模指数,20041231,20110812,CSI
H11135.CSI,中证中国东盟180美元,CSI,中证指数有限公司,规模指数,20041231,20110812,CSI
H11136.CSI,中国互联网,CSI,中证指数有限公司,主题指数,20070629,20110920,CSI
H11136EUR13.CSI,中国互联网EUR(CNH)(LN),CSI,中证指数有限公司,主题指数,20200930,20110920,CSI
H11136EUR14.CSI,中国互联网(全)EUR(CNH)(LN),CSI,中证指数有限公司,主题指数,20200930,20110920,CSI
H11136GBP13.CSI,中国互联网GBP(CNH)(LN),CSI,中证指数有限公司,主题指数,20200930,20110920,CSI
H11136GBP14.CSI,中国互联网(全)GBP(CNH)(LN),CSI,中证指数有限公司,主题指数,20200930,20110920,CSI
H11137.CSI,中国互联网美元,CSI,中证指数有限公司,主题指数,20070629,20110920,CSI
H11138.CSI,两岸三地新台币,CSI,中证指数有限公司,规模指数,20041231,20100118,CSI
H11140.CSI,香港红利,CSI,中证指数有限公司,策略指数,20041231,20090723,CSI
H11141.CSI,香港红利人民币,CSI,中证指数有限公司,策略指数,20041231,20090723,CSI
H11142.CSI,HKT香港地产,CSI,中证指数有限公司,主题指数,20071231,20100602,CSI
H11143.CSI,港股通内地地产,CSI,中证指数有限公司,主题指数,20071231,20100602,CSI
H11144.CSI,HKT内地消费,CSI,中证指数有限公司,主题指数,20071231,20100602,CSI
H11145.CSI,HKT内地银行,CSI,中证指数有限公司,主题指数,20071231,20100602,CSI
H11146.CSI,港股通内地金融,CSI,中证指数有限公司,主题指数,20071231,20100602,CSI
H11147.CSI,HKT香港地产CNY,CSI,中证指数有限公司,主题指数,20071231,20100602,CSI
H11148.CSI,港股通内地地产人民币,CSI,中证指数有限公司,主题指数,20071231,20100602,CSI
H11149.CSI,HKT内地消费人民币,CSI,中证指数有限公司,主题指数,20071231,20100602,CSI
H11150.CSI,HKT内地银行人民币,CSI,中证指数有限公司,主题指数,20071231,20100602,CSI
H11151.CSI,港股通内地金融人民币,CSI,中证指数有限公司,主题指数,20071231,20100602,CSI
H11152.CSI,内地民营,CSI,中证指数有限公司,主题指数,20071231,20100730,CSI
H11153.CSI,内地国有,CSI,中证指数有限公司,主题指数,20071231,20100730,CSI
H11154.CSI,内地民营人民币,CSI,中证指数有限公司,主题指数,20071231,20100730,CSI
H11155.CSI,内地国有人民币,CSI,中证指数有限公司,主题指数,20071231,20100730,CSI
H11156.CSI,中国可选消费,CSI,中证指数有限公司,行业指数,20070629,20120208,CSI
H11157.CSI,中国可选消费USD,CSI,中证指数有限公司,行业指数,20070629,20120208,CSI
H11158.CSI,中国主要消费,CSI,中证指数有限公司,行业指数,20070629,20120208,CSI
H11159.CSI,中国主要消费美元,CSI,中证指数有限公司,行业指数,20070629,20120208,CSI
H11160.CSI,中国五年规划,CSI,中证指数有限公司,主题指数,20070629,20120423,CSI
H11161.CSI,中国五年规划美元,CSI,中证指数有限公司,主题指数,20070629,20120423,CSI
H11162.CSI,中国城市化,CSI,中证指数有限公司,主题指数,20070629,20120423,CSI
H11163.CSI,中国城市化美元,CSI,中证指数有限公司,主题指数,20070629,20120423,CSI
H11164.CSI,香港300,CSI,中证指数有限公司,规模指数,20041231,20120720,CSI
H11165.CSI,香港200,CSI,中证指数有限公司,规模指数,20041231,20120720,CSI
H11167.CSI,HK300本地,CSI,中证指数有限公司,规模指数,20041231,20121016,CSI
H11168.CSI,香港300人民币,CSI,中证指数有限公司,规模指数,20041231,20120720,CSI
H11169.CSI,香港200人民币,CSI,中证指数有限公司,规模指数,20041231,20120720,CSI
H11171.CSI,HK300本地人民币,CSI,中证指数有限公司,规模指数,20041231,20121016,CSI
H11172.CSI,HK300V,CSI,中证指数有限公司,风格指数,20041231,20121016,CSI
H11173.CSI,HK300G,CSI,中证指数有限公司,风格指数,20041231,20121016,CSI
H11174.CSI,HK300RV,CSI,中证指数有限公司,风格指数,20041231,20121016,CSI
H11175.CSI,HK300RG,CSI,中证指数有限公司,风格指数,20041231,20121016,CSI
H11176.CSI,HK300V人民币,CSI,中证指数有限公司,风格指数,20041231,20121016,CSI
H11177.CSI,HK300G人民币,CSI,中证指数有限公司,风格指数,20041231,20121016,CSI
H11178.CSI,HK300RV人民币,CSI,中证指数有限公司,风格指数,20041231,20121016,CSI
H11179.CSI,HK300RG人民币,CSI,中证指数有限公司,风格指数,20041231,20121016,CSI
H11180.CSI,合成期权,CSI,中证指数有限公司,多资产指数,20041231,20121016,CSI
H11181.CSI,金砖国家,CSI,中证指数有限公司,规模指数,20051230,20121016,CSI
H11182.CSI,金砖USD,CSI,中证指数有限公司,规模指数,20051230,20121016,CSI
H11183.CSI,金砖(HK),CSI,中证指数有限公司,规模指数,20051230,20121016,CSI
H11184.CSI,金砖(HK)U,CSI,中证指数有限公司,规模指数,20051230,20121016,CSI
H11185.CSI,3年中高信用,CSI,中证指数有限公司,债券指数,20081231,20131101,CSI
H20001.CSI,环渤海全收益,CSI,中证指数有限公司、上海证券交易所,主题指数,20041231,20120927,CSI
H20002.CSI,长三角全收益,CSI,中证指数有限公司、上海证券交易所,主题指数,20041231,20120927,CSI
H20004.CSI,中部崛起全收益,CSI,中证指数有限公司、上海证券交易所,主题指数,20041231,20120927,CSI
H20005.CSI,西部开发全收益,CSI,中证指数有限公司、上海证券交易所,主题指数,20041231,20120927,CSI
H20006.CSI,东北振兴全收益,CSI,中证指数有限公司、上海证券交易所,主题指数,20041231,20120927,CSI
H20007.CSI,芯片产业全收益,CSI,中证指数有限公司、上海证券交易所,主题指数,20151231,20121220,CSI
H20011.CSI,800材料主题全收益,CSI,中证指数有限公司,主题指数,20041231,20121221,CSI
H20012.CSI,800资本品全收益,CSI,中证指数有限公司,主题指数,20041231,20121221,CSI
H20013.CSI,800商业全收益,CSI,中证指数有限公司,行业指数,20041231,20121221,CSI
H20014.CSI,800运输全收益,CSI,中证指数有限公司,行业指数,20041231,20121221,CSI
H20015.CSI,800汽车全收益,CSI,中证指数有限公司,主题指数,20041231,20121221,CSI
H20016.CSI,800耐用全收益,CSI,中证指数有限公司,行业指数,20041231,20121221,CSI
H20017.CSI,800服务全收益,CSI,中证指数有限公司,行业指数,20041231,20121221,CSI
H20018.CSI,800传媒全收益,CSI,中证指数有限公司,行业指数,20041231,20121221,CSI
H20019.CSI,800零售全收益,CSI,中证指数有限公司,行业指数,20041231,20121221,CSI
H20020.CSI,800食品全收益,CSI,中证指数有限公司,行业指数,20041231,20121221,CSI
H20022.CSI,800银行全收益,CSI,中证指数有限公司,行业指数,20041231,20121221,CSI
H20023.CSI,800资本全收益,CSI,中证指数有限公司,行业指数,20041231,20121221,CSI
H20024.CSI,800保险全收益,CSI,中证指数有限公司,行业指数,20071231,20121221,CSI
H20025.CSI,800地产全收益,CSI,中证指数有限公司,行业指数,20041231,20121221,CSI
H20031.CSI,800有色全收益,CSI,中证指数有限公司,行业指数,20041231,20121221,CSI
H20033.CSI,800证保全收益,CSI,中证指数有限公司,主题指数,20041231,20121221,CSI
H20034.CSI,300有色全收益,CSI,中证指数有限公司,行业指数,20041231,20121221,CSI
H20035.CSI,300非银全收益,CSI,中证指数有限公司,主题指数,20041231,20121221,CSI
H20068.CSI,中证文化全收益,CSI,中证指数有限公司、上海证券交易所,主题指数,20120629,20130326,CSI
H20073.CSI,红利回报全收益,CSI,中证指数有限公司、上海证券交易所,主题指数,20041231,20130327,CSI
H20074.CSI,中证服务全收益,CSI,中证指数有限公司、上海证券交易所,主题指数,20041231,20130326,CSI
H20079.CSI,300信服全收益,CSI,中证指数有限公司,主题指数,20041231,20130509,CSI
H20080.CSI,300消服全收益,CSI,中证指数有限公司,主题指数,20041231,20130509,CSI
H20081.CSI,300公运全收益,CSI,中证指数有限公司,主题指数,20041231,20130509,CSI
H20086.CSI,800金融全收益,CSI,中证指数有限公司,行业指数,20041231,20130509,CSI
H20087.CSI,500动态全收益,CSI,中证指数有限公司,策略指数,20041231,20130509,CSI
H20088.CSI,500稳定全收益,CSI,中证指数有限公司,策略指数,20041231,20130509,CSI
H20089.CSI,红利潜力全收益,CSI,中证指数有限公司、上海证券交易所,策略指数,20051230,20130702,CSI
H20090.CSI,能源红利全收益,CSI,中证指数有限公司、上海证券交易所,策略指数,20051230,20130702,CSI
H20091.CSI,材料红利全收益,CSI,中证指数有限公司、上海证券交易所,策略指数,20051230,20130702,CSI
H20092.CSI,工业红利全收益,CSI,中证指数有限公司、上海证券交易所,策略指数,20051230,20130702,CSI
H20093.CSI,可选红利全收益,CSI,中证指数有限公司、上海证券交易所,策略指数,20051230,20130702,CSI
H20094.CSI,消费红利全收益,CSI,中证指数有限公司、上海证券交易所,策略指数,20051230,20130702,CSI
H20095.CSI,医药红利全收益,CSI,中证指数有限公司、上海证券交易所,策略指数,20051230,20130702,CSI
H20096.CSI,金融红利全收益,CSI,中证指数有限公司、上海证券交易所,策略指数,20051230,20130702,CSI
H20097.CSI,信息红利全收益,CSI,中证指数有限公司、上海证券交易所,策略指数,20051230,20130702,CSI
H20098.CSI,通信红利全收益,CSI,中证指数有限公司、上海证券交易所,策略指数,20051230,20130702,CSI
H20099.CSI,公用红利全收益,CSI,中证指数有限公司、上海证券交易所,策略指数,20051230,20130702,CSI
H20100.CSI,港股通上游资源(全),CSI,中证指数有限公司,主题指数,20041231,20130521,CSI
H20101.CSI,H300中游(全),CSI,中证指数有限公司,主题指数,20041231,20130521,CSI
H20102.CSI,H300下游(全),CSI,中证指数有限公司,主题指数,20041231,20130521,CSI
H20103.CSI,H300周期(全),CSI,中证指数有限公司,主题指数,20041231,20130521,CSI
H20104.CSI,H300非周期(全),CSI,中证指数有限公司,主题指数,20041231,20130521,CSI
H20105.CSI,H300地产(全),CSI,中证指数有限公司,行业指数,20041231,20130521,CSI
H20106.CSI,港股通金融服务(全),CSI,中证指数有限公司,主题指数,20041231,20130521,CSI
H20107.CSI,H300现代服务(全),CSI,中证指数有限公司,主题指数,20041231,20130521,CSI
H20109.CSI,H300消费(全),CSI,中证指数有限公司,主题指数,20041231,20130521,CSI
H20110.CSI,港股通上游资源(全)CNY,CSI,中证指数有限公司,主题指数,20041231,20130521,CSI
H20111.CSI,H300中游(全)CNY,CSI,中证指数有限公司,主题指数,20041231,20130521,CSI
H20112.CSI,H300下游(全)CNY,CSI,中证指数有限公司,主题指数,20041231,20130521,CSI
H20113.CSI,H300周期(全)CNY,CSI,中证指数有限公司,主题指数,20041231,20130521,CSI
H20114.CSI,H300非周期(全)CNY,CSI,中证指数有限公司,主题指数,20041231,20130521,CSI
H20115.CSI,H300地产(全)CNY,CSI,中证指数有限公司,行业指数,20041231,20130521,CSI
H20116.CSI,港股通金融服务(全)CNY,CSI,中证指数有限公司,主题指数,20041231,20130521,CSI
H20117.CSI,H300现代服务(全)CNY,CSI,中证指数有限公司,主题指数,20041231,20130521,CSI
H20119.CSI,H300消费(全)CNY,CSI,中证指数有限公司,主题指数,20041231,20130521,CSI
H20124.CSI,安中动态全收益,CSI,中证指数有限公司,策略指数,20071228,20130701,CSI
H20125.CSI,优化成长全收益,CSI,中证指数有限公司,策略指数,20041231,20130703,CSI
H20126.CSI,优化价值全收益,CSI,中证指数有限公司,策略指数,20041231,20130703,CSI
H20127.CSI,优化高贝全收益,CSI,中证指数有限公司,策略指数,20041231,20130703,CSI
H20128.CSI,优化低贝全收益,CSI,中证指数有限公司,策略指数,20041231,20130703,CSI
H20129.CSI,优化高波全收益,CSI,中证指数有限公司,策略指数,20041231,20130703,CSI
H20130.CSI,优化低波全收益,CSI,中证指数有限公司,策略指数,20041231,20130703,CSI
H20131.CSI,中国消费(全),CSI,中证指数有限公司,主题指数,20070629,20130605,CSI
H20132.CSI,中国消费(全)USD,CSI,中证指数有限公司,主题指数,20070629,20130605,CSI
H20133.CSI,金砖DR全收益,CSI,中证指数有限公司,规模指数,20051230,20130712,CSI
H20134.CSI,金砖DRU全收益,CSI,中证指数有限公司,规模指数,20051230,20130712,CSI
H20135.CSI,金砖DR(HK)全收益,CSI,中证指数有限公司,规模指数,20051230,20130712,CSI
H20136.CSI,金砖DR(HK)U全收益,CSI,中证指数有限公司,规模指数,20051230,20130712,CSI
H20137.CSI,中证城镇全收益,CSI,中证指数有限公司、上海证券交易所,主题指数,20120629,20130826,CSI
H20138.CSI,智慧城镇全收益,CSI,中证指数有限公司、上海证券交易所,主题指数,20120629,20130826,CSI
H20139.CSI,绿色城镇全收益,CSI,中证指数有限公司、上海证券交易所,主题指数,20120629,20130826,CSI
H20140.CSI,城镇交通全收益,CSI,中证指数有限公司、上海证券交易所,主题指数,20120629,20130826,CSI
H20141.CSI,智能交通全收益,CSI,中证指数有限公司、上海证券交易所,主题指数,20120629,20130826,CSI
H20142.CSI,城镇消费全收益,CSI,中证指数有限公司、上海证券交易所,主题指数,20120629,20130826,CSI
H20143.CSI,新基建全收益,CSI,中证指数有限公司、上海证券交易所,主题指数,20141231,20130826,CSI
H20164.CSI,汽车汽配全收益,CSI,中证指数有限公司,行业指数,20041231,20130715,CSI
H20166.CSI,机械制造全收益,CSI,中证指数有限公司,行业指数,20041231,20130715,CSI
H20168.CSI,证券公司全收益,CSI,中证指数有限公司,行业指数,20070629,20130715,CSI
H20169.CSI,资本品全收益,CSI,中证指数有限公司,主题指数,20041231,20130715,CSI
H20170.CSI,商业指数全收益,CSI,中证指数有限公司,行业指数,20041231,20130715,CSI
H20171.CSI,运输指数全收益,CSI,中证指数有限公司,行业指数,20041231,20130715,CSI
H20172.CSI,耐用服装全收益,CSI,中证指数有限公司,主题指数,20041231,20130715,CSI
H20173.CSI,消费者全收益,CSI,中证指数有限公司,行业指数,20041231,20130715,CSI
H20174.CSI,媒体指数全收益,CSI,中证指数有限公司,行业指数,20041231,20130715,CSI
H20175.CSI,零售指数全收益,CSI,中证指数有限公司,行业指数,20041231,20130715,CSI
H20176.CSI,食药零售全收益,CSI,中证指数有限公司,主题指数,20041231,20130715,CSI
H20177.CSI,全指食品全收益,CSI,中证指数有限公司,行业指数,20041231,20130715,CSI
H20178.CSI,医疗保健全收益,CSI,中证指数有限公司,主题指数,20041231,20130715,CSI
H20179.CSI,制药生物全收益,CSI,中证指数有限公司,行业指数,20041231,20130715,CSI
H20180.CSI,银行指数全收益,CSI,中证指数有限公司,行业指数,20041231,20130715,CSI
H20181.CSI,综合金融全收益,CSI,中证指数有限公司,行业指数,20041231,20130715,CSI
H20182.CSI,计算机全收益,CSI,中证指数有限公司,行业指数,20041231,20130715,CSI
H20183.CSI,电子全收益,CSI,中证指数有限公司,行业指数,20041231,20130715,CSI
H20184.CSI,半导体全收益,CSI,中证指数有限公司,主题指数,20041231,20130715,CSI
H20186.CSI,保险指数全收益,CSI,中证指数有限公司,行业指数,20070629,20130715,CSI
H20187.CSI,全指化工全收益,CSI,中证指数有限公司,行业指数,20041231,20130715,CSI
H20190.CSI,电子设备全收益,CSI,中证指数有限公司,主题指数,20041231,20130715,CSI
H20192.CSI,食品全收益,CSI,中证指数有限公司,行业指数,20041231,20130715,CSI
H20193.CSI,纺织服装全收益,CSI,中证指数有限公司,行业指数,20041231,20130715,CSI
H20195.CSI,建筑工程全收益,CSI,中证指数有限公司,行业指数,20041231,20130715,CSI
H20196.CSI,耐用消费品全收益,CSI,中证指数有限公司,行业指数,20041231,20130715,CSI
H20197.CSI,一般零售全收益,CSI,中证指数有限公司,行业指数,20041231,20130715,CSI
H20198.CSI,油气产业全收益,CSI,中证指数有限公司,行业指数,20041231,20130715,CSI
H20199.CSI,电力指数全收益,CSI,中证指数有限公司,行业指数,20041231,20130715,CSI
H20200.CSI,交通设施全收益,CSI,中证指数有限公司,行业指数,20041231,20130715,CSI
H20201.CSI,贸易商全收益,CSI,中证指数有限公司,行业指数,20041231,20130715,CSI
H20202.CSI,软件指数全收益,CSI,中证指数有限公司,主题指数,20041231,20130715,CSI
H20203.CSI,信息服务全收益,CSI,中证指数有限公司,行业指数,20041231,20130715,CSI
H20204.CSI,休闲服务全收益,CSI,中证指数有限公司,行业指数,20041231,20130715,CSI
H20205.CSI,饮料指数全收益,CSI,中证指数有限公司,行业指数,20041231,20130715,CSI
H20206.CSI,纸类林业全收益,CSI,中证指数有限公司,行业指数,20041231,20130715,CSI
H20207.CSI,电脑设备全收益,CSI,中证指数有限公司,行业指数,20041231,20130715,CSI
H20208.CSI,专营零售全收益,CSI,中证指数有限公司,行业指数,20041231,20130715,CSI
H20209.CSI,建筑产品全收益,CSI,中证指数有限公司,行业指数,20041231,20130715,CSI
H20211.CSI,资本市场全收益,CSI,中证指数有限公司,行业指数,20070629,20130715,CSI
H20213.CSI,CS航空航天全收益,CSI,中证指数有限公司,主题指数,20041231,20130715,CSI
H20214.CSI,油气开采服务全收益,CSI,中证指数有限公司,行业指数,20041231,20130715,CSI
H20215.CSI,休闲用品全收益,CSI,中证指数有限公司,行业指数,20041231,20130715,CSI
H20216.CSI,航运指数全收益,CSI,中证指数有限公司,行业指数,20041231,20130715,CSI
H20217.CSI,医疗器械全收益,CSI,中证指数有限公司,行业指数,20041231,20130715,CSI
H20218.CSI,水务指数全收益,CSI,中证指数有限公司,行业指数,20041231,20130715,CSI
H20219.CSI,容器包装全收益,CSI,中证指数有限公司,行业指数,20041231,20130715,CSI
H20220.CSI,文化娱乐全收益,CSI,中证指数有限公司,行业指数,20041231,20130715,CSI
H20221.CSI,复合公用全收益,CSI,中证指数有限公司,行业指数,20041231,20130715,CSI
H20222.CSI,运输业全收益,CSI,中证指数有限公司,行业指数,20041231,20130715,CSI
H20223.CSI,航空运输全收益,CSI,中证指数有限公司,行业指数,20041231,20130715,CSI
H20229.CSI,中证军工全收益,CSI,中证指数有限公司,主题指数,20041231,20131226,CSI
H20230.CSI,H300LV(全),CSI,中证指数有限公司,策略指数,20051230,20131015,CSI
H20231.CSI,H300LB(全),CSI,中证指数有限公司,策略指数,20051230,20131015,CSI
H20232.CSI,H300HB(全),CSI,中证指数有限公司,策略指数,20051230,20131015,CSI
H20233.CSI,H300稳定(全),CSI,中证指数有限公司,策略指数,20051230,20131015,CSI
H20234.CSI,H300动态(全),CSI,中证指数有限公司,策略指数,20051230,20131015,CSI
H20235.CSI,H300CNLV(全),CSI,中证指数有限公司,策略指数,20051230,20131015,CSI
H20236.CSI,H300CNLB(全),CSI,中证指数有限公司,策略指数,20051230,20131015,CSI
H20237.CSI,H300CNHB(全),CSI,中证指数有限公司,策略指数,20051230,20131015,CSI
H20238.CSI,HK100EW(全),CSI,中证指数有限公司,策略指数,20051230,20131015,CSI
H20239.CSI,HKCN50EW(全),CSI,中证指数有限公司,策略指数,20051230,20131015,CSI
H20240.CSI,H300LV(全)CNY,CSI,中证指数有限公司,策略指数,20051230,20131015,CSI
H20241.CSI,H300LB(全)CNY,CSI,中证指数有限公司,策略指数,20051230,20131015,CSI
H20242.CSI,H300HB(全)CNY,CSI,中证指数有限公司,策略指数,20051230,20131015,CSI
H20243.CSI,H300稳定(全)CNY,CSI,中证指数有限公司,策略指数,20051230,20131015,CSI
H20244.CSI,H300动态(全)CNY,CSI,中证指数有限公司,策略指数,20051230,20131015,CSI
H20245.CSI,H300CNLV(全)CNY,CSI,中证指数有限公司,策略指数,20051230,20131015,CSI
H20246.CSI,H300CNLB(全)CNY,CSI,中证指数有限公司,策略指数,20051230,20131015,CSI
H20247.CSI,H300CNHB(全)CNY,CSI,中证指数有限公司,策略指数,20051230,20131015,CSI
H20248.CSI,HK100EW(全)CNY,CSI,中证指数有限公司,策略指数,20051230,20131015,CSI
H20249.CSI,HKCN50EW(全)CNY,CSI,中证指数有限公司,策略指数,20051230,20131015,CSI
H20250.CSI,500能源全收益,CSI,中证指数有限公司,行业指数,20041231,20131106,CSI
H20251.CSI,500原料全收益,CSI,中证指数有限公司,行业指数,20041231,20131106,CSI
H20252.CSI,500工业全收益,CSI,中证指数有限公司,行业指数,20041231,20131106,CSI
H20253.CSI,500可选全收益,CSI,中证指数有限公司,行业指数,20041231,20131106,CSI
H20254.CSI,500消费全收益,CSI,中证指数有限公司,行业指数,20041231,20131106,CSI
H20255.CSI,500医药全收益,CSI,中证指数有限公司,行业指数,20041231,20131106,CSI
H20256.CSI,500金融地产全收益,CSI,中证指数有限公司,主题指数,20041231,20131106,CSI
H20257.CSI,500信息全收益,CSI,中证指数有限公司,行业指数,20041231,20131106,CSI
H20258.CSI,500通信全收益,CSI,中证指数有限公司,行业指数,20041231,20131106,CSI
H20259.CSI,500公用全收益,CSI,中证指数有限公司,行业指数,20041231,20131106,CSI
H20260.CSI,300动量全收益,CSI,中证指数有限公司,策略指数,20041231,20131121,CSI
H20261.CSI,300ERC全收益,CSI,中证指数有限公司,策略指数,20041231,20131121,CSI
H20262.CSI,地产等权全收益,CSI,中证指数有限公司,策略指数,20041231,20131122,CSI
H20267.CSI,高收益债ETFs(全),CSI,中证指数有限公司,基金指数,20111230,20131218,CSI
H20268.CSI,高收益债ETFs(全)CNY,CSI,中证指数有限公司,基金指数,20111230,20131218,CSI
H20269.CSI,红利低波全收益,CSI,中证指数有限公司,策略指数,20051230,20131219,CSI
H20270.CSI,红利价值全收益,CSI,中证指数有限公司,策略指数,20051230,20131219,CSI
H20271.CSI,A100动态全收益,CSI,中证指数有限公司,策略指数,20041231,20140117,CSI
H20272.CSI,A100稳定全收益,CSI,中证指数有限公司,策略指数,20041231,20140117,CSI
H20273.CSI,200动态全收益,CSI,中证指数有限公司,策略指数,20041231,20140117,CSI
H20274.CSI,200稳定全收益,CSI,中证指数有限公司,策略指数,20041231,20140117,CSI
H20318.CSI,科技传媒通信150全收益,CSI,中证指数有限公司,主题指数,20110630,20140415,CSI
H20319.CSI,中证传媒全收益,CSI,中证指数有限公司,主题指数,20101231,20140415,CSI
H20320.CSI,移动互联全收益,CSI,中证指数有限公司,主题指数,20120629,20140505,CSI
H20321.CSI,中证国防全收益,CSI,中证指数有限公司,主题指数,20110630,20140415,CSI
H20324.CSI,H300银行(全),CSI,中证指数有限公司,主题指数,20041231,20140521,CSI
H20325.CSI,H300运输(全),CSI,中证指数有限公司,主题指数,20041231,20140521,CSI
H20326.CSI,港股通资源产业(全),CSI,中证指数有限公司,主题指数,20041231,20140521,CSI
H20327.CSI,H300基建(全),CSI,中证指数有限公司,主题指数,20041231,20140521,CSI
H20328.CSI,H300物流(全),CSI,中证指数有限公司,主题指数,20041231,20140521,CSI
H20329.CSI,H300休闲(全),CSI,中证指数有限公司,主题指数,20041231,20140521,CSI
H20330.CSI,HK细分龙头(全),CSI,中证指数有限公司,主题指数,20041231,20140521,CSI
H20331.CSI,HK行业龙头(全),CSI,中证指数有限公司,主题指数,20041231,20140521,CSI
H20332.CSI,香港50(全),CSI,中证指数有限公司,规模指数,20041231,20140521,CSI
H20334.CSI,H300银行(全)CNY,CSI,中证指数有限公司,主题指数,20041231,20140521,CSI
H20335.CSI,H300运输(全)CNY,CSI,中证指数有限公司,主题指数,20041231,20140521,CSI
H20336.CSI,港股通资源产业(全)CNY,CSI,中证指数有限公司,主题指数,20041231,20140521,CSI
H20337.CSI,H300基建(全)CNY,CSI,中证指数有限公司,主题指数,20041231,20140521,CSI
H20338.CSI,H300物流(全)CNY,CSI,中证指数有限公司,主题指数,20041231,20140521,CSI
H20339.CSI,H300休闲(全)CNY,CSI,中证指数有限公司,主题指数,20041231,20140521,CSI
H20340.CSI,HK细分龙头(全)CNY,CSI,中证指数有限公司,主题指数,20041231,20140521,CSI
H20341.CSI,HK行业龙头(全)CNY,CSI,中证指数有限公司,主题指数,20041231,20140521,CSI
H20342.CSI,香港50(全)CNY,CSI,中证指数有限公司,规模指数,20041231,20140521,CSI
H20343.CSI,养老产业全收益,CSI,中证指数有限公司、上海证券交易所,主题指数,20041231,20140606,CSI
H20344.CSI,健康产业全收益,CSI,中证指数有限公司、上海证券交易所,主题指数,20111230,20140606,CSI
H20349.CSI,国企改革全收益,CSI,中证指数有限公司,主题指数,20140331,20140807,CSI
H20351.CSI,500成长全收益,CSI,中证指数有限公司,风格指数,20041231,20140609,CSI
H20352.CSI,500价值全收益,CSI,中证指数有限公司,风格指数,20041231,20140609,CSI
H20353.CSI,500R成长全收益,CSI,中证指数有限公司,风格指数,20041231,20140609,CSI
H20354.CSI,500R价值全收益,CSI,中证指数有限公司,风格指数,20041231,20140609,CSI
H20355.CSI,800成长全收益,CSI,中证指数有限公司,风格指数,20041231,20140609,CSI
H20356.CSI,800价值全收益,CSI,中证指数有限公司,风格指数,20041231,20140609,CSI
H20357.CSI,800R成长全收益,CSI,中证指数有限公司,风格指数,20041231,20140609,CSI
H20358.CSI,800R价值全收益,CSI,中证指数有限公司,风格指数,20041231,20140609,CSI
H20359.CSI,转型成长全收益,CSI,中证指数有限公司、上海证券交易所,策略指数,20051230,20140711,CSI
H20362.CSI,基本300全收益,CSI,中证指数有限公司,策略指数,20041231,20140722,CSI
H20363.CSI,基本500全收益,CSI,中证指数有限公司,策略指数,20041231,20140722,CSI
H20364.CSI,300MV全收益,CSI,中证指数有限公司,策略指数,20041231,20140708,CSI
H20365.CSI,文娱传媒全收益,CSI,中证指数有限公司、上海证券交易所,主题指数,20131231,20140721,CSI
H20366.CSI,高息策略全收益,CSI,中证指数有限公司、上海证券交易所,策略指数,20041231,20140721,CSI
H20367.CSI,大农业全收益,CSI,中证指数有限公司,主题指数,20131231,20140722,CSI
H20368.CSI,中证高新全收益,CSI,中证指数有限公司,主题指数,20140630,20140717,CSI
H20371.CSI,环境治理全收益,CSI,中证指数有限公司、上海证券交易所,主题指数,20111230,20140721,CSI
H20372.CSI,中证安全全收益,CSI,中证指数有限公司、上海证券交易所,主题指数,20120629,20140721,CSI
H20373.CSI,百发100全收益,CSI,中证指数有限公司,策略指数,20081231,20140730,CSI
H20374.CSI,中国内地全指(全),CSI,中证指数有限公司,规模指数,20041231,20140731,CSI
H20375.CSI,CN能源综合(全),CSI,中证指数有限公司,行业指数,20041231,20140731,CSI
H20376.CSI,CN材料综合(全),CSI,中证指数有限公司,行业指数,20041231,20140731,CSI
H20377.CSI,CN工业综合(全),CSI,中证指数有限公司,行业指数,20041231,20140731,CSI
H20378.CSI,CN可选综合(全),CSI,中证指数有限公司,行业指数,20041231,20140731,CSI
H20379.CSI,CN消费综合(全),CSI,中证指数有限公司,行业指数,20041231,20140731,CSI
H20380.CSI,CN医药综合(全),CSI,中证指数有限公司,行业指数,20041231,20140731,CSI
H20381.CSI,CN金融综合(全),CSI,中证指数有限公司,行业指数,20041231,20140731,CSI
H20382.CSI,CN信息综合(全),CSI,中证指数有限公司,行业指数,20041231,20140731,CSI
H20383.CSI,CN通信综合(全),CSI,中证指数有限公司,行业指数,20041231,20140731,CSI
H20384.CSI,CN公用综合(全),CSI,中证指数有限公司,行业指数,20041231,20140731,CSI
H20385.CSI,中国内地全指(全)USD,CSI,中证指数有限公司,规模指数,20041231,20140731,CSI
H20386.CSI,CN能源综合(全)USD,CSI,中证指数有限公司,行业指数,20041231,20140731,CSI
H20387.CSI,CN材料综合(全)USD,CSI,中证指数有限公司,行业指数,20041231,20140731,CSI
H20388.CSI,CN工业综合(全)USD,CSI,中证指数有限公司,行业指数,20041231,20140731,CSI
H20389.CSI,CN可选综合(全)USD,CSI,中证指数有限公司,行业指数,20041231,20140731,CSI
H20390.CSI,CN消费综合(全)USD,CSI,中证指数有限公司,行业指数,20041231,20140731,CSI
H20391.CSI,CN医药综合(全)USD,CSI,中证指数有限公司,行业指数,20041231,20140731,CSI
H20392.CSI,CN金融综合(全)USD,CSI,中证指数有限公司,行业指数,20041231,20140731,CSI
H20393.CSI,CN信息综合(全)USD,CSI,中证指数有限公司,行业指数,20041231,20140731,CSI
H20394.CSI,CN通信综合(全)USD,CSI,中证指数有限公司,行业指数,20041231,20140731,CSI
H20395.CSI,CN公用综合(全)USD,CSI,中证指数有限公司,行业指数,20041231,20140731,CSI
H20396.CSI,高等级短融(净),CSI,中证指数有限公司,债券指数,20071231,20141105,CSI
H20399.CSI,智能家居全收益,CSI,中证指数有限公司、上海证券交易所,主题指数,20120629,20140917,CSI
H20418.CSI,香港100动量(全),CSI,中证指数有限公司,策略指数,20051230,20141024,CSI
H20419.CSI,香港200动量(全),CSI,中证指数有限公司,策略指数,20051230,20141024,CSI
H20420.CSI,香港50ERC(全),CSI,中证指数有限公司,策略指数,20051230,20141024,CSI
H20421.CSI,香港100ERC(全),CSI,中证指数有限公司,策略指数,20051230,20141024,CSI
H20422.CSI,香港50EW(全),CSI,中证指数有限公司,策略指数,20051230,20141024,CSI
H20434.CSI,香港100动量(全)CNY,CSI,中证指数有限公司,策略指数,20051230,20141024,CSI
H20435.CSI,香港200动量(全)CNY,CSI,中证指数有限公司,策略指数,20051230,20141024,CSI
H20436.CSI,香港50ERC(全)CNY,CSI,中证指数有限公司,策略指数,20051230,20141024,CSI
H20437.CSI,香港100ERC(全)CNY,CSI,中证指数有限公司,策略指数,20051230,20141024,CSI
H20438.CSI,香港50EW(全)CNY,CSI,中证指数有限公司,策略指数,20051230,20141024,CSI
H20439.CSI,1000能源全收益,CSI,中证指数有限公司,行业指数,20041231,20141017,CSI
H20440.CSI,1000材料全收益,CSI,中证指数有限公司,行业指数,20041231,20141017,CSI
H20441.CSI,1000工业全收益,CSI,中证指数有限公司,行业指数,20041231,20141017,CSI
H20442.CSI,1000可选全收益,CSI,中证指数有限公司,行业指数,20041231,20141017,CSI
H20443.CSI,1000消费全收益,CSI,中证指数有限公司,行业指数,20041231,20141017,CSI
H20444.CSI,1000医药全收益,CSI,中证指数有限公司,行业指数,20041231,20141017,CSI
H20445.CSI,1000金融全收益,CSI,中证指数有限公司,行业指数,20041231,20141017,CSI
H20446.CSI,1000信息全收益,CSI,中证指数有限公司,行业指数,20041231,20141017,CSI
H20447.CSI,1000通信全收益,CSI,中证指数有限公司,行业指数,20041231,20141017,CSI
H20448.CSI,1000公用全收益,CSI,中证指数有限公司,行业指数,20041231,20141017,CSI
H20451.CSI,中证医疗全收益,CSI,中证指数有限公司,主题指数,20041231,20141031,CSI
H20455.CSI,沪港深500(全),CSI,中证指数有限公司,规模指数,20041231,20141128,CSI
H20456.CSI,沪港深通中小(全),CSI,中证指数有限公司,规模指数,20041231,20141128,CSI
H20457.CSI,沪港深通综合(全),CSI,中证指数有限公司,规模指数,20041231,20141128,CSI
H20458.CSI,沪港深500能源(全),CSI,中证指数有限公司,行业指数,20041231,20141128,CSI
H20459.CSI,沪港深500材料(全),CSI,中证指数有限公司,行业指数,20041231,20141128,CSI
H20460.CSI,沪港深500工业(全),CSI,中证指数有限公司,行业指数,20041231,20141128,CSI
H20461.CSI,沪港深500可选(全),CSI,中证指数有限公司,行业指数,20041231,20141128,CSI
H20462.CSI,沪港深500消费(全),CSI,中证指数有限公司,行业指数,20041231,20141128,CSI
H20463.CSI,沪港深500医药(全),CSI,中证指数有限公司,行业指数,20041231,20141128,CSI
H20464.CSI,沪港深500金融(全),CSI,中证指数有限公司,行业指数,20041231,20141128,CSI
H20465.CSI,沪港深500信息(全),CSI,中证指数有限公司,行业指数,20041231,20141128,CSI
H20466.CSI,沪港深500通信(全),CSI,中证指数有限公司,行业指数,20041231,20141128,CSI
H20467.CSI,沪港深500公用(全),CSI,中证指数有限公司,行业指数,20041231,20141128,CSI
H20468.CSI,沪港深通中小能源综合(全),CSI,中证指数有限公司,行业指数,20041231,20141128,CSI
H20469.CSI,沪港深通中小材料综合(全),CSI,中证指数有限公司,行业指数,20041231,20141128,CSI
H20470.CSI,沪港深通中小工业综合(全),CSI,中证指数有限公司,行业指数,20041231,20141128,CSI
H20471.CSI,沪港深通中小可选综合(全),CSI,中证指数有限公司,行业指数,20041231,20141128,CSI
H20472.CSI,沪港深通中小消费综合(全),CSI,中证指数有限公司,行业指数,20041231,20141128,CSI
H20473.CSI,沪港深通中小医药综合(全),CSI,中证指数有限公司,行业指数,20041231,20141128,CSI
H20474.CSI,沪港深通中小金融综合(全),CSI,中证指数有限公司,行业指数,20041231,20141128,CSI
H20475.CSI,沪港深通中小信息综合(全),CSI,中证指数有限公司,行业指数,20041231,20141128,CSI
H20476.CSI,沪港深通中小通信综合(全),CSI,中证指数有限公司,行业指数,20041231,20141128,CSI
H20477.CSI,沪港深通中小公用综合(全),CSI,中证指数有限公司,行业指数,20041231,20141128,CSI
H20478.CSI,沪港深通能源综合(全),CSI,中证指数有限公司,行业指数,20041231,20141128,CSI
H20479.CSI,沪港深通材料综合(全),CSI,中证指数有限公司,行业指数,20041231,20141128,CSI
H20480.CSI,沪港深通工业综合(全),CSI,中证指数有限公司,行业指数,20041231,20141128,CSI
H20481.CSI,沪港深通可选综合(全),CSI,中证指数有限公司,行业指数,20041231,20141128,CSI
H20482.CSI,沪港深通消费综合(全),CSI,中证指数有限公司,行业指数,20041231,20141128,CSI
H20483.CSI,沪港深通医药综合(全),CSI,中证指数有限公司,行业指数,20041231,20141128,CSI
H20484.CSI,沪港深通金融综合(全),CSI,中证指数有限公司,行业指数,20041231,20141128,CSI
H20485.CSI,沪港深通信息综合(全),CSI,中证指数有限公司,行业指数,20041231,20141128,CSI
H20486.CSI,沪港深通通信综合(全),CSI,中证指数有限公司,行业指数,20041231,20141128,CSI
H20487.CSI,沪港深通公用综合(全),CSI,中证指数有限公司,行业指数,20041231,20141128,CSI
H20488.CSI,沪港深500(全)HKD,CSI,中证指数有限公司,规模指数,20041231,20141128,CSI
H20489.CSI,沪港深通中小(全)HKD,CSI,中证指数有限公司,规模指数,20041231,20141128,CSI
H20490.CSI,沪港深通综合(全)HKD,CSI,中证指数有限公司,规模指数,20041231,20141128,CSI
H20491.CSI,沪港深500能源(全)HKD,CSI,中证指数有限公司,行业指数,20041231,20141128,CSI
H20492.CSI,沪港深500材料(全)HKD,CSI,中证指数有限公司,行业指数,20041231,20141128,CSI
H20493.CSI,沪港深500工业(全)HKD,CSI,中证指数有限公司,行业指数,20041231,20141128,CSI
H20494.CSI,沪港深500可选(全)HKD,CSI,中证指数有限公司,行业指数,20041231,20141128,CSI
H20495.CSI,沪港深500消费(全)HKD,CSI,中证指数有限公司,行业指数,20041231,20141128,CSI
H20496.CSI,沪港深500医药(全)HKD,CSI,中证指数有限公司,行业指数,20041231,20141128,CSI
H20497.CSI,沪港深500金融(全)HKD,CSI,中证指数有限公司,行业指数,20041231,20141128,CSI
H20498.CSI,沪港深500信息(全)HKD,CSI,中证指数有限公司,行业指数,20041231,20141128,CSI
H20499.CSI,沪港深500通信(全)HKD,CSI,中证指数有限公司,行业指数,20041231,20141128,CSI
H20500.CSI,沪港深500公用(全)HKD,CSI,中证指数有限公司,行业指数,20041231,20141128,CSI
H20501.CSI,沪港深通中小能源综合(全)HKD,CSI,中证指数有限公司,行业指数,20041231,20141128,CSI
H20502.CSI,沪港深通中小材料综合(全)HKD,CSI,中证指数有限公司,行业指数,20041231,20141128,CSI
H20503.CSI,沪港深通中小工业综合(全)HKD,CSI,中证指数有限公司,行业指数,20041231,20141128,CSI
H20504.CSI,沪港深通中小可选综合(全)HKD,CSI,中证指数有限公司,行业指数,20041231,20141128,CSI
H20505.CSI,沪港深通中小消费综合(全)HKD,CSI,中证指数有限公司,行业指数,20041231,20141128,CSI
H20506.CSI,沪港深通中小医药综合(全)HKD,CSI,中证指数有限公司,行业指数,20041231,20141128,CSI
H20507.CSI,沪港深通中小金融综合(全)HKD,CSI,中证指数有限公司,行业指数,20041231,20141128,CSI
H20508.CSI,沪港深通中小信息综合(全)HKD,CSI,中证指数有限公司,行业指数,20041231,20141128,CSI
H20509.CSI,沪港深通中小通信综合(全)HKD,CSI,中证指数有限公司,行业指数,20041231,20141128,CSI
H20510.CSI,沪港深通中小公用综合(全)HKD,CSI,中证指数有限公司,行业指数,20041231,20141128,CSI
H20511.CSI,沪港深通能源综合(全)HKD,CSI,中证指数有限公司,行业指数,20041231,20141128,CSI
H20512.CSI,沪港深通材料综合(全)HKD,CSI,中证指数有限公司,行业指数,20041231,20141128,CSI
H20513.CSI,沪港深通工业综合(全)HKD,CSI,中证指数有限公司,行业指数,20041231,20141128,CSI
H20514.CSI,沪港深通可选综合(全)HKD,CSI,中证指数有限公司,行业指数,20041231,20141128,CSI
H20515.CSI,沪港深通消费综合(全)HKD,CSI,中证指数有限公司,行业指数,20041231,20141128,CSI
H20516.CSI,沪港深通医药综合(全)HKD,CSI,中证指数有限公司,行业指数,20041231,20141128,CSI
H20517.CSI,沪港深通金融综合(全)HKD,CSI,中证指数有限公司,行业指数,20041231,20141128,CSI
H20518.CSI,沪港深通信息综合(全)HKD,CSI,中证指数有限公司,行业指数,20041231,20141128,CSI
H20519.CSI,沪港深通通信综合(全)HKD,CSI,中证指数有限公司,行业指数,20041231,20141128,CSI
H20520.CSI,沪港深通公用综合(全)HKD,CSI,中证指数有限公司,行业指数,20041231,20141128,CSI
H20521.CSI,中证中票100(净),CSI,中证指数有限公司,债券指数,20081231,20141125,CSI
H20522.CSI,新能源车全收益,CSI,中证指数有限公司,主题指数,20111231,20141128,CSI
H20523.CSI,中证酒全收益,CSI,中证指数有限公司,主题指数,20081231,20141210,CSI
H20524.CSI,500ERC全收益,CSI,中证指数有限公司,策略指数,20041231,20150106,CSI
H20525.CSI,300SER全收益,CSI,中证指数有限公司,策略指数,20041231,20150106,CSI
H20526.CSI,500SER全收益,CSI,中证指数有限公司,策略指数,20041231,20150106,CSI
H20531.CSI,精工制造全收益,CSI,中证指数有限公司,主题指数,20041231,20141218,CSI
H20532.CSI,资源优选全收益,CSI,中证指数有限公司,主题指数,20041231,20141218,CSI
H20533.CSI,中国互联网50(全),CSI,中证指数有限公司,主题指数,20070629,20141229,CSI
H20534.CSI,中国互联网50(全)USD,CSI,中证指数有限公司,主题指数,20070629,20141229,CSI
H20535.CSI,互联网全收益,CSI,中证指数有限公司,主题指数,20120629,20150112,CSI
H20536.CSI,高铁产业全收益,CSI,中证指数有限公司,主题指数,20121231,20150120,CSI
H20537.CSI,淘金100全收益,CSI,中证指数有限公司,主题指数,20091231,20150121,CSI
H20538.CSI,煤炭等权全收益,CSI,中证指数有限公司,策略指数,20081231,20150121,CSI
H20539.CSI,中证白酒全收益,CSI,中证指数有限公司,主题指数,20081231,20150121,CSI
H20542.CSI,中证体育全收益,CSI,中证指数有限公司,主题指数,20120629,20150209,CSI
H20543.CSI,中证国安全收益,CSI,中证指数有限公司,主题指数,20081231,20150129,CSI
H20544.CSI,沪港深通上游(全),CSI,中证指数有限公司,主题指数,20041231,20150313,CSI
H20545.CSI,沪港深通中游(全),CSI,中证指数有限公司,主题指数,20041231,20150313,CSI
H20546.CSI,沪港深通下游(全),CSI,中证指数有限公司,主题指数,20041231,20150313,CSI
H20547.CSI,沪港深通周期(全),CSI,中证指数有限公司,主题指数,20041231,20150313,CSI
H20548.CSI,沪港深通非周期(全),CSI,中证指数有限公司,主题指数,20041231,20150313,CSI
H20550.CSI,沪港深通金融服务(全),CSI,中证指数有限公司,主题指数,20041231,20150313,CSI
H20551.CSI,沪港深通现代服务(全),CSI,中证指数有限公司,主题指数,20041231,20150313,CSI
H20552.CSI,沪港深通TMT(全),CSI,中证指数有限公司,主题指数,20041231,20150313,CSI
H20554.CSI,沪港深通信息产业(全),CSI,中证指数有限公司,主题指数,20041231,20150313,CSI
H20555.CSI,沪港深通银行(全),CSI,中证指数有限公司,主题指数,20041231,20150313,CSI
H20556.CSI,沪港深通运输(全),CSI,中证指数有限公司,主题指数,20041231,20150313,CSI
H20557.CSI,沪港深通资源(全),CSI,中证指数有限公司,主题指数,20041231,20150313,CSI
H20558.CSI,沪港深通基建(全),CSI,中证指数有限公司,主题指数,20041231,20150313,CSI
H20559.CSI,沪港深通物流(全),CSI,中证指数有限公司,主题指数,20041231,20150313,CSI
H20560.CSI,沪港深通休闲(全),CSI,中证指数有限公司,主题指数,20041231,20150313,CSI
H20561.CSI,沪港深500上游(全),CSI,中证指数有限公司,主题指数,20041231,20150313,CSI
H20562.CSI,沪港深500中游(全),CSI,中证指数有限公司,主题指数,20041231,20150313,CSI
H20563.CSI,沪港深500下游(全),CSI,中证指数有限公司,主题指数,20041231,20150313,CSI
H20564.CSI,沪港深500周期(全),CSI,中证指数有限公司,主题指数,20041231,20150313,CSI
H20565.CSI,沪港深500非周期(全),CSI,中证指数有限公司,主题指数,20041231,20150313,CSI
H20566.CSI,沪港深通上游(全)HKD,CSI,中证指数有限公司,主题指数,20041231,20150313,CSI
H20567.CSI,沪港深通中游(全)HKD,CSI,中证指数有限公司,主题指数,20041231,20150313,CSI
H20568.CSI,沪港深通下游(全)HKD,CSI,中证指数有限公司,主题指数,20041231,20150313,CSI
H20569.CSI,沪港深通周期(全)HKD,CSI,中证指数有限公司,主题指数,20041231,20150313,CSI
H20570.CSI,沪港深通非周期(全)HKD,CSI,中证指数有限公司,主题指数,20041231,20150313,CSI
H20572.CSI,沪港深通金融服务(全)HKD,CSI,中证指数有限公司,主题指数,20041231,20150313,CSI
H20573.CSI,沪港深通现代服务(全)HKD,CSI,中证指数有限公司,主题指数,20041231,20150313,CSI
H20574.CSI,沪港深通TMT(全)HKD,CSI,中证指数有限公司,主题指数,20041231,20150313,CSI
H20576.CSI,沪港深通信息产业(全)HKD,CSI,中证指数有限公司,主题指数,20041231,20150313,CSI
H20577.CSI,沪港深通银行(全)HKD,CSI,中证指数有限公司,主题指数,20041231,20150313,CSI
H20578.CSI,沪港深通运输(全)HKD,CSI,中证指数有限公司,主题指数,20041231,20150313,CSI
H20579.CSI,沪港深通资源(全)HKD,CSI,中证指数有限公司,主题指数,20041231,20150313,CSI
H20580.CSI,沪港深通基建(全)HKD,CSI,中证指数有限公司,主题指数,20041231,20150313,CSI
H20581.CSI,沪港深通物流(全)HKD,CSI,中证指数有限公司,主题指数,20041231,20150313,CSI
H20582.CSI,沪港深通休闲(全)HKD,CSI,中证指数有限公司,主题指数,20041231,20150313,CSI
H20583.CSI,沪港深500上游(全)HKD,CSI,中证指数有限公司,主题指数,20041231,20150313,CSI
H20584.CSI,沪港深500中游(全)HKD,CSI,中证指数有限公司,主题指数,20041231,20150313,CSI
H20585.CSI,沪港深500下游(全)HKD,CSI,中证指数有限公司,主题指数,20041231,20150313,CSI
H20586.CSI,沪港深500周期(全)HKD,CSI,中证指数有限公司,主题指数,20041231,20150313,CSI
H20587.CSI,沪港深500非周期(全)HKD,CSI,中证指数有限公司,主题指数,20041231,20150313,CSI
H20588.CSI,中证证保全收益,CSI,中证指数有限公司,主题指数,20091231,20150202,CSI
H20590.CSI,机器人全收益,CSI,中证指数有限公司,主题指数,20101231,20150210,CSI
H20591.CSI,互联金融全收益,CSI,中证指数有限公司,主题指数,20120629,20150210,CSI
H20592.CSI,中证新能全收益,CSI,中证指数有限公司,主题指数,20111231,20150210,CSI
H20593.CSI,一带一路全收益,CSI,中证指数有限公司,主题指数,20121231,20150216,CSI
H20595.CSI,保险主题全收益,CSI,中证指数有限公司,主题指数,20111231,20150213,CSI
H20596.CSI,中证煤炭全收益,CSI,中证指数有限公司,行业指数,20081231,20150213,CSI
H20597.CSI,新材料全收益,CSI,中证指数有限公司,主题指数,20081231,20150213,CSI
H20598.CSI,稀土产业全收益,CSI,中证指数有限公司,主题指数,20111231,20150302,CSI
H20599.CSI,中证高装全收益,CSI,中证指数有限公司,主题指数,20041231,20150302,CSI
H20600.CSI,工业4.0全收益,CSI,中证指数有限公司,主题指数,20120629,20150310,CSI
H20601.CSI,中证软件全收益,CSI,中证指数有限公司,主题指数,20041231,20150310,CSI
H20602.CSI,信息安全全收益,CSI,中证指数有限公司,主题指数,20101231,20150312,CSI
H20603.CSI,基建工程全收益,CSI,中证指数有限公司,行业指数,20041231,20150312,CSI
H20604.CSI,中国互联网30(全),CSI,中证指数有限公司,主题指数,20070629,20150323,CSI
H20605.CSI,中国互联网30(全)USD,CSI,中证指数有限公司,主题指数,20070629,20150323,CSI
H20606.CSI,中证钢铁全收益,CSI,中证指数有限公司,主题指数,20081231,20150331,CSI
H20607.CSI,中证汽车全收益,CSI,中证指数有限公司,主题指数,20041231,20150331,CSI
H20608.CSI,中证基建全收益,CSI,中证指数有限公司,主题指数,20041231,20150331,CSI
H20611.CSI,中小国改全收益,CSI,中证指数有限公司,主题指数,20131231,20150407,CSI
H20612.CSI,混合改革全收益,CSI,中证指数有限公司,主题指数,20131231,20150407,CSI
H20613.CSI,非周民企全收益,CSI,中证指数有限公司,主题指数,20091231,20150407,CSI
H20614.CSI,环保50全收益,CSI,中证指数有限公司,主题指数,20111230,20150407,CSI
H20616.CSI,中证文体全收益,CSI,中证指数有限公司,主题指数,20120629,20150519,CSI
H20617.CSI,军工信息全收益,CSI,中证指数有限公司,主题指数,20091231,20150416,CSI
H20618.CSI,中证保险全收益,CSI,中证指数有限公司,主题指数,20121231,20150416,CSI
H20619.CSI,黄金采掘全收益,CSI,中证指数有限公司,主题指数,20111231,20150416,CSI
H20620.CSI,CSSW丝路全收益,CSI,中证指数有限公司,主题指数,20081231,20150423,CSI
H20621.CSI,CSSW高铁全收益,CSI,中证指数有限公司,主题指数,20081231,20150423,CSI
H20622.CSI,CSSW白酒全收益,CSI,中证指数有限公司,行业指数,20041231,20150423,CSI
H20623.CSI,淘娱乐全收益,CSI,中证指数有限公司,主题指数,20110131,20150428,CSI
H20624.CSI,淘健康全收益,CSI,中证指数有限公司,主题指数,20081231,20150428,CSI
H20625.CSI,SHS互联网(全),CSI,中证指数有限公司,主题指数,20120629,20150421,CSI
H20626.CSI,沪港深内地保险(全),CSI,中证指数有限公司,主题指数,20070629,20150421,CSI
H20627.CSI,SHS互联网(全)HKD,CSI,中证指数有限公司,主题指数,20120629,20150421,CSI
H20628.CSI,沪港深内地保险(全)HKD,CSI,中证指数有限公司,主题指数,20070629,20150421,CSI
H20629.CSI,CSSW健康全收益,CSI,中证指数有限公司,主题指数,20081231,20150508,CSI
H20630.CSI,CSWD并购全收益,CSI,中证指数有限公司,主题指数,20111230,20150508,CSI
H20631.CSI,CSWD生科全收益,CSI,中证指数有限公司,主题指数,20091231,20150508,CSI
H20632.CSI,CS稀金属全收益,CSI,中证指数有限公司,主题指数,20111231,20150512,CSI
H20633.CSI,中证旅游全收益,CSI,中证指数有限公司,主题指数,20081231,20150508,CSI
H20634.CSI,CS土改农全收益,CSI,中证指数有限公司,主题指数,20101231,20150508,CSI
H20635.CSI,CS智慧农全收益,CSI,中证指数有限公司,主题指数,20101231,20150508,CSI
H20640.CSI,CSWD重组全收益,CSI,中证指数有限公司,主题指数,20111230,20150508,CSI
H20641.CSI,中证中药全收益,CSI,中证指数有限公司,主题指数,20041231,20150519,CSI
H20642.CSI,中证核电全收益,CSI,中证指数有限公司,主题指数,20041231,20150519,CSI
H20643.CSI,CS轻资产全收益,CSI,中证指数有限公司,主题指数,20041231,20150519,CSI
H20644.CSI,港股通中国内地(全),CSI,中证指数有限公司,主题指数,20141114,20180814,CSI
H20645.CSI,港股通中国内地(全)CNY,CSI,中证指数有限公司,主题指数,20141114,20180814,CSI
H20646.CSI,美股中国内地(全),CSI,中证指数有限公司,规模指数,20070629,20180814,CSI
H20647.CSI,美股中国内地(全)CNY,CSI,中证指数有限公司,规模指数,20070629,20180814,CSI
H20648.CSI,CS智消费全收益,CSI,中证指数有限公司,主题指数,20120629,20150605,CSI
H20649.CSI,中证安防全收益,CSI,中证指数有限公司、上海证券交易所,主题指数,20120629,20150624,CSI
H20650.CSI,中证海洋全收益,CSI,中证指数有限公司、上海证券交易所,主题指数,20091231,20150529,CSI
H20651.CSI,CS计算机全收益,CSI,中证指数有限公司,主题指数,20041231,20150605,CSI
H20652.CSI,CS电子全收益,CSI,中证指数有限公司,主题指数,20041231,20150605,CSI
H20653.CSI,CS食品饮全收益,CSI,中证指数有限公司,主题指数,20041231,20150605,CSI
H20654.CSI,CS休闲娱全收益,CSI,中证指数有限公司,主题指数,20041231,20150605,CSI
H20660.CSI,CSSW体育全收益,CSI,中证指数有限公司、上海证券交易所,主题指数,20081231,20150624,CSI
H20661.CSI,CSSW互金全收益,CSI,中证指数有限公司、上海证券交易所,主题指数,20111230,20150624,CSI
H20662.CSI,CS现代农全收益,CSI,中证指数有限公司,主题指数,20101231,20150713,CSI
H20663.CSI,中证创投全收益,CSI,中证指数有限公司,主题指数,20121231,20150713,CSI
H20667.CSI,300精明全收益,CSI,中证指数有限公司,策略指数,20041231,20150716,CSI
H20668.CSI,300精明(全)HKD,CSI,中证指数有限公司,策略指数,20041231,20150716,CSI
H20669.CSI,300精明(全)USD,CSI,中证指数有限公司,策略指数,20041231,20150716,CSI
H20670.CSI,500商业全收益,CSI,中证指数有限公司,行业指数,20041231,20150707,CSI
H20671.CSI,500运输全收益,CSI,中证指数有限公司,行业指数,20041231,20150707,CSI
H20672.CSI,500资本品全收益,CSI,中证指数有限公司,主题指数,20041231,20150707,CSI
H20673.CSI,500地产全收益,CSI,中证指数有限公司,行业指数,20041231,20150707,CSI
H20674.CSI,500零售全收益,CSI,中证指数有限公司,行业指数,20041231,20150707,CSI
H20675.CSI,500传媒全收益,CSI,中证指数有限公司,行业指数,20041231,20150707,CSI
H20676.CSI,500耐用全收益,CSI,中证指数有限公司,行业指数,20041231,20150707,CSI
H20677.CSI,500汽车汽配全收益,CSI,中证指数有限公司,行业指数,20041231,20150707,CSI
H20679.CSI,500电子全收益,CSI,中证指数有限公司,行业指数,20041231,20150707,CSI
H20680.CSI,500计算机全收益,CSI,中证指数有限公司,行业指数,20041231,20150707,CSI
H20681.CSI,500医药(二级)全收益,CSI,中证指数有限公司,行业指数,20041231,20150707,CSI
H20682.CSI,500食品饮料全收益,CSI,中证指数有限公司,行业指数,20041231,20150707,CSI
H20683.CSI,500电力设备全收益,CSI,中证指数有限公司,行业指数,20041231,20150707,CSI
H20684.CSI,500机械全收益,CSI,中证指数有限公司,行业指数,20041231,20150707,CSI
H20685.CSI,500建筑装饰全收益,CSI,中证指数有限公司,行业指数,20041231,20150707,CSI
H20686.CSI,500一般零售全收益,CSI,中证指数有限公司,行业指数,20041231,20150707,CSI
H20687.CSI,500纺织服装全收益,CSI,中证指数有限公司,行业指数,20041231,20150707,CSI
H20688.CSI,500家用电器全收益,CSI,中证指数有限公司,行业指数,20041231,20150707,CSI
H20689.CSI,500煤炭全收益,CSI,中证指数有限公司,行业指数,20041231,20150707,CSI
H20690.CSI,500硬件全收益,CSI,中证指数有限公司,行业指数,20041231,20150707,CSI
H20691.CSI,500化学药全收益,CSI,中证指数有限公司,行业指数,20041231,20150707,CSI
H20692.CSI,500化学制品全收益,CSI,中证指数有限公司,行业指数,20041231,20150707,CSI
H20693.CSI,500建筑材料全收益,CSI,中证指数有限公司,行业指数,20041231,20150707,CSI
H20694.CSI,500有色全收益,CSI,中证指数有限公司,行业指数,20041231,20150707,CSI
H20695.CSI,500农牧渔全收益,CSI,中证指数有限公司,行业指数,20041231,20150707,CSI
H20696.CSI,500饮料全收益,CSI,中证指数有限公司,主题指数,20041231,20150707,CSI
H20697.CSI,家用电器全收益,CSI,中证指数有限公司,行业指数,20041231,20150707,CSI
H20698.CSI,CS水利全收益,CSI,中证指数有限公司,主题指数,20120629,20150731,CSI
H20699.CSI,萧何重组全收益,CSI,中证指数有限公司,主题指数,20111230,20150716,CSI
H20700.CSI,CS上海全收益,CSI,中证指数有限公司,主题指数,20121231,20150709,CSI
H20701.CSI,CS京津冀全收益,CSI,中证指数有限公司,主题指数,20121231,20150709,CSI
H20702.CSI,CS西部全收益,CSI,中证指数有限公司,主题指数,20121231,20150709,CSI
H20703.CSI,福建50全收益,CSI,中证指数有限公司,主题指数,20121231,20150709,CSI
H20704.CSI,CS广东全收益,CSI,中证指数有限公司,主题指数,20121231,20150709,CSI
H20705.CSI,电商数据全收益,CSI,中证指数有限公司,主题指数,20101231,20150722,CSI
H20706.CSI,中证水泥全收益,CSI,中证指数有限公司,主题指数,20041231,20150713,CSI
H20707.CSI,中证畜牧全收益,CSI,中证指数有限公司,主题指数,20111231,20150713,CSI
H20708.CSI,中证有色全收益,CSI,中证指数有限公司,主题指数,20131231,20150713,CSI
H20709.CSI,香港证券全收益,CSI,中证指数有限公司,主题指数,20121231,20150713,CSI
H20710.CSI,香港证券(全)CNY,CSI,中证指数有限公司,主题指数,20121231,20150713,CSI
H20711.CSI,CS智穿戴全收益,CSI,中证指数有限公司,主题指数,20120629,20150731,CSI
H20712.CSI,CS物联网全收益,CSI,中证指数有限公司,主题指数,20120629,20150731,CSI
H20713.CSI,CS人工智全收益,CSI,中证指数有限公司,主题指数,20120629,20150731,CSI
H20715.CSI,CS朝阳88全收益,CSI,中证指数有限公司,主题指数,20120131,20150805,CSI
H20716.CSI,CS物流全收益,CSI,中证指数有限公司,主题指数,20111230,20150731,CSI
H20717.CSI,SHS中国教育(全),CSI,中证指数有限公司,主题指数,20141231,20150731,CSI
H20718.CSI,CS航运全收益,CSI,中证指数有限公司,主题指数,20041231,20150731,CSI
H20719.CSI,CS精准医全收益,CSI,中证指数有限公司,主题指数,20120629,20150805,CSI
H20720.CSI,CS互医疗全收益,CSI,中证指数有限公司,主题指数,20120629,20150805,CSI
H20721.CSI,CS智汽车全收益,CSI,中证指数有限公司,主题指数,20120629,20150805,CSI
H20722.CSI,CS互平台全收益,CSI,中证指数有限公司,主题指数,20120629,20150805,CSI
H20723.CSI,沪港深F100(全),CSI,中证指数有限公司,策略指数,20141114,20150805,CSI
H20724.CSI,沪港深F100(全)HKD,CSI,中证指数有限公司,策略指数,20141114,20150805,CSI
H20725.CSI,CS车联网全收益,CSI,中证指数有限公司,主题指数,20101231,20150805,CSI
H20726.CSI,CS生医全收益,CSI,中证指数有限公司,主题指数,20120629,20150805,CSI
H20727.CSI,CS自贸区全收益,CSI,中证指数有限公司,主题指数,20131231,20150805,CSI
H20728.CSI,CS乐园全收益,CSI,中证指数有限公司,主题指数,20091231,20150805,CSI
H20730.CSI,银策消费全收益,CSI,中证指数有限公司,主题指数,20111231,20150824,CSI
H20732.CSI,CS中国造全收益,CSI,中证指数有限公司,主题指数,20120629,20150810,CSI
H20733.CSI,CS互联+全收益,CSI,中证指数有限公司,主题指数,20120629,20150810,CSI
H20734.CSI,360互联+全收益,CSI,中证指数有限公司,主题指数,20121231,20150810,CSI
H20735.CSI,海外中国内地(全),CSI,中证指数有限公司,主题指数,20141114,20180814,CSI
H20736.CSI,海外中国内地(全)HKD,CSI,中证指数有限公司,主题指数,20141114,20180814,CSI
H20737.CSI,海外中国内地(全)USD,CSI,中证指数有限公司,主题指数,20141114,20180814,CSI
H20738.CSI,四川国改全收益,CSI,中证指数有限公司,主题指数,20111231,20180710,CSI
H20739.CSI,银策100全收益,CSI,中证指数有限公司,主题指数,20101231,20150824,CSI
H20740.CSI,300红利低波全收益,CSI,中证指数有限公司,策略指数,20041231,20181204,CSI
H20741.CSI,CS航空全收益,CSI,中证指数有限公司,主题指数,20111231,20150826,CSI
H20742.CSI,中证电商全收益,CSI,中证指数有限公司,主题指数,20121231,20150826,CSI
H20743.CSI,中证生科全收益,CSI,中证指数有限公司,主题指数,20111231,20150826,CSI
H20744.CSI,中证信托全收益,CSI,中证指数有限公司,主题指数,20121231,20150826,CSI
H20745.CSI,CSWD数据全收益,CSI,中证指数有限公司,主题指数,20121231,20150826,CSI
H20746.CSI,港中小企(全),CSI,中证指数有限公司,主题指数,20141114,20150826,CSI
H20747.CSI,港中小企(全)CNY,CSI,中证指数有限公司,主题指数,20141114,20150826,CSI
H20748.CSI,沪深300(全)USD,CSI,中证指数有限公司,规模指数,20041231,20151106,CSI
H20749.CSI,沪深300(全)USD(CNH),CSI,中证指数有限公司,规模指数,20041231,20151106,CSI
H20750.CSI,中证500(全)USD,CSI,中证指数有限公司,规模指数,20041231,20151106,CSI
H20751.CSI,中证500(全)USD(CNH),CSI,中证指数有限公司,规模指数,20041231,20151106,CSI
H20752.CSI,中证500(全)HKD,CSI,中证指数有限公司,规模指数,20041231,20151106,CSI
H20753.CSI,中证500(全)HKD(CNH),CSI,中证指数有限公司,规模指数,20041231,20151106,CSI
H20754.CSI,民企成长(全)USD,CSI,中证指数有限公司,主题指数,20131213,20151106,CSI
H20755.CSI,民企成长(全)USD(CNH),CSI,中证指数有限公司,主题指数,20131213,20151106,CSI
H20756.CSI,环保(全)USD,CSI,中证指数有限公司,主题指数,20111230,20151106,CSI
H20757.CSI,环保(全)USD(CNH),CSI,中证指数有限公司,主题指数,20111230,20151106,CSI
H20758.CSI,凤凰50全收益,CSI,中证指数有限公司,策略指数,20121231,20181121,CSI
H20759.CSI,雪球100全收益,CSI,中证指数有限公司,主题指数,20121231,20150915,CSI
H20760.CSI,雪球智选全收益,CSI,中证指数有限公司,主题指数,20121231,20150916,CSI
H20761.CSI,中金100全收益USD(CNH),CSI,中证指数有限公司,策略指数,20081231,20181115,CSI
H20762.CSI,雪球精选全收益,CSI,中证指数有限公司,主题指数,20121231,20150915,CSI
H20763.CSI,CS房天下全收益,CSI,中证指数有限公司,主题指数,20081231,20150923,CSI
H20764.CSI,艾瑞中国互联网(全),CSI,中证指数有限公司,主题指数,20111230,20151207,CSI
H20765.CSI,艾瑞中国互联(全)USD,CSI,中证指数有限公司,主题指数,20111230,20151207,CSI
H20766.CSI,民企高装主题全收益,CSI,中证指数有限公司,主题指数,20120629,20151029,CSI
H20767.CSI,沪深300优选(全),CSI,中证指数有限公司、上海证券交易所,策略指数,20041231,20151210,CSI
H20768.CSI,沪深300优选(全)HKD,CSI,中证指数有限公司、上海证券交易所,策略指数,20041231,20151210,CSI
H20769.CSI,财富100全收益,CSI,中证指数有限公司,主题指数,20140131,20151207,CSI
H20770.CSI,财富188全收益,CSI,中证指数有限公司,主题指数,20131231,20151207,CSI
H20771.CSI,CS新能源全收益,CSI,中证指数有限公司,主题指数,20111231,20151216,CSI
H20776.CSI,CS增持全收益,CSI,中证指数有限公司,策略指数,20111231,20160114,CSI
H20777.CSI,CS定增全收益,CSI,中证指数有限公司,策略指数,20111231,20160114,CSI
H20778.CSI,CS高端造全收益,CSI,中证指数有限公司,主题指数,20111231,20160120,CSI
H20779.CSI,银商领先全收益,CSI,中证指数有限公司,主题指数,20111231,20160120,CSI
H20780.CSI,中证兴业中高债(净),CSI,中证指数有限公司,债券指数,20081231,20160201,CSI
H20781.CSI,中证影视全收益,CSI,中证指数有限公司,主题指数,20120629,20160204,CSI
H20782.CSI,500SNLV全收益,CSI,中证指数有限公司,策略指数,20041231,20160204,CSI
H20783.CSI,CS英大EI全收益,CSI,中证指数有限公司,主题指数,20131231,20160204,CSI
H20786.CSI,短融AAA(净),CSI,中证指数有限公司,债券指数,20070131,20160303,CSI
H20787.CSI,短融AA+(净),CSI,中证指数有限公司,债券指数,20070131,20160303,CSI
H20788.CSI,短融AA(净),CSI,中证指数有限公司,债券指数,20070131,20160303,CSI
H20789.CSI,CSMA预期全收益,CSI,中证指数有限公司,策略指数,20111231,20160329,CSI
H20790.CSI,CS娱乐TI全收益,CSI,中证指数有限公司,主题指数,20121231,20160322,CSI
H20791.CSI,CS医药TI全收益,CSI,中证指数有限公司,主题指数,20041231,20160322,CSI
H20792.CSI,HK银行(全),CSI,中证指数有限公司,主题指数,20141114,20160422,CSI
H20793.CSI,HK银行(全)CNY,CSI,中证指数有限公司,主题指数,20141114,20160422,CSI
H20794.CSI,中美互联网(全),CSI,中证指数有限公司,主题指数,20131231,20160422,CSI
H20795.CSI,中美互联网(全)USD,CSI,中证指数有限公司,主题指数,20131231,20160422,CSI
H20796.CSI,全球中国互联网(全),CSI,中证指数有限公司,主题指数,20131231,20160422,CSI
H20797.CSI,全球中国互联网(全)USD,CSI,中证指数有限公司,主题指数,20131231,20160422,CSI
H20820.CSI,CS高端制全收益,CSI,中证指数有限公司,主题指数,20041231,20160511,CSI
H20821.CSI,中证VR全收益,CSI,中证指数有限公司,主题指数,20120629,20160511,CSI
H20822.CSI,CS院校企全收益,CSI,中证指数有限公司,主题指数,20101231,20160511,CSI
H20823.CSI,中证中票(净),CSI,中证指数有限公司,债券指数,20081231,20160525,CSI
H20824.CSI,中票AAA(净),CSI,中证指数有限公司,债券指数,20081231,20160525,CSI
H20825.CSI,中票AA+(净),CSI,中证指数有限公司,债券指数,20091231,20160525,CSI
H20826.CSI,中票AA(净),CSI,中证指数有限公司,债券指数,20091231,20160525,CSI
H20827.CSI,中票AA-(净),CSI,中证指数有限公司,债券指数,20111231,20160525,CSI
H20828.CSI,中票0-1(净),CSI,中证指数有限公司,债券指数,20101231,20160525,CSI
H20829.CSI,中票1-3(净),CSI,中证指数有限公司,债券指数,20081231,20160525,CSI
H20830.CSI,中票3-5(净),CSI,中证指数有限公司,债券指数,20081231,20160525,CSI
H20831.CSI,中票5-7(净),CSI,中证指数有限公司,债券指数,20101231,20160525,CSI
H20832.CSI,中票7+(净),CSI,中证指数有限公司,债券指数,20101231,20160525,CSI
H20833.CSI,中票城投(净),CSI,中证指数有限公司,债券指数,20091231,20160525,CSI
H20834.CSI,中票非城投(净),CSI,中证指数有限公司,债券指数,20081231,20160525,CSI
H20835.CSI,环保专利全收益,CSI,中证指数有限公司,主题指数,20131231,20160518,CSI
H20836.CSI,沪港深高股息(全),CSI,中证指数有限公司,策略指数,20141114,20160608,CSI
H20837.CSI,沪港深高股息(全)HKD,CSI,中证指数有限公司,策略指数,20141114,20160608,CSI
H20838.CSI,CS高股息全收益,CSI,中证指数有限公司,策略指数,20041231,20160608,CSI
H20839.CSI,港股通高息精选(全),CSI,中证指数有限公司,策略指数,20141114,20160608,CSI
H20840.CSI,港股通高息精选全CNY,CSI,中证指数有限公司,策略指数,20141114,20160608,CSI
H20845.CSI,CS供给侧全收益,CSI,中证指数有限公司、上海证券交易所,主题指数,20131231,20160624,CSI
H20846.CSI,300SNLV全收益,CSI,中证指数有限公司、上海证券交易所,策略指数,20041231,20160624,CSI
H20847.CSI,800SNLV全收益,CSI,中证指数有限公司、上海证券交易所,策略指数,20041231,20160624,CSI
H20848.CSI,1000SNLV全收益,CSI,中证指数有限公司、上海证券交易所,策略指数,20041231,20160624,CSI
H20849.CSI,10年国开债(净),CSI,中证指数有限公司,债券指数,20071231,20160630,CSI
H20850.CSI,智能制造全收益,CSI,中证指数有限公司、上海证券交易所,主题指数,20120629,20160720,CSI
H20851.CSI,云计算全收益,CSI,中证指数有限公司、上海证券交易所,主题指数,20120629,20160720,CSI
H20852.CSI,量子通信全收益,CSI,中证指数有限公司、上海证券交易所,主题指数,20120629,20160720,CSI
H20853.CSI,海绵城市全收益,CSI,中证指数有限公司、上海证券交易所,主题指数,20120629,20160720,CSI
H20854.CSI,水环境全收益,CSI,中证指数有限公司、上海证券交易所,主题指数,20120629,20160720,CSI
H20855.CSI,CS质量成长全收益,CSI,中证指数有限公司、上海证券交易所,策略指数,20050630,20160712,CSI
H20856.CSI,HK质量(全),CSI,中证指数有限公司、上海证券交易所,策略指数,20141114,20160712,CSI
H20857.CSI,HK质量(全)CNY,CSI,中证指数有限公司、上海证券交易所,策略指数,20141114,20160712,CSI
H20858.CSI,沪港深质量(全),CSI,中证指数有限公司、上海证券交易所,策略指数,20141114,20160712,CSI
H20859.CSI,沪港深质量(全)HKD,CSI,中证指数有限公司、上海证券交易所,策略指数,20141114,20160712,CSI
H20860.CSI,盈利质量全收益,CSI,中证指数有限公司、上海证券交易所,策略指数,20050630,20160712,CSI
H20861.CSI,香港EQ(全),CSI,中证指数有限公司、上海证券交易所,策略指数,20141114,20160712,CSI
H20862.CSI,香港EQ(全)CNY,CSI,中证指数有限公司、上海证券交易所,策略指数,20141114,20160712,CSI
H20863.CSI,沪港深EQ(全),CSI,中证指数有限公司、上海证券交易所,策略指数,20141114,20160712,CSI
H20864.CSI,沪港深EQ(全)HKD,CSI,中证指数有限公司、上海证券交易所,策略指数,20141114,20160712,CSI
H20865.CSI,5年地债(净),CSI,中证指数有限公司,债券指数,20130630,20160719,CSI
H20866.CSI,10年地债(净),CSI,中证指数有限公司,债券指数,20131231,20160719,CSI
H20870.CSI,政金债(净),CSI,中证指数有限公司,债券指数,20071231,20160809,CSI
H20871.CSI,政金债1-3(净),CSI,中证指数有限公司,债券指数,20071231,20160809,CSI
H20872.CSI,政金债3-5(净),CSI,中证指数有限公司,债券指数,20071231,20160809,CSI
H20873.CSI,政金债5-8(净),CSI,中证指数有限公司,债券指数,20071231,20160809,CSI
H20874.CSI,政金债8-10(净),CSI,中证指数有限公司,债券指数,20071231,20160809,CSI
H20875.CSI,空天一体全收益,CSI,中证指数有限公司,主题指数,20110630,20160817,CSI
H20876.CSI,香港彩娱(全),CSI,中证指数有限公司,主题指数,20141114,20160817,CSI
H20877.CSI,香港彩娱(全)CNY,CSI,中证指数有限公司,主题指数,20141114,20160817,CSI
H20878.CSI,中国质量成长(全),CSI,中证指数有限公司,策略指数,20070630,20160818,CSI
H20879.CSI,中国质量成长(全)USD,CSI,中证指数有限公司,策略指数,20070630,20160818,CSI
H20880.CSI,中国盈利质量(全),CSI,中证指数有限公司,策略指数,20070630,20160818,CSI
H20881.CSI,中国盈利质量(全)USD,CSI,中证指数有限公司,策略指数,20070630,20160818,CSI
H20882.CSI,CS珠三角全收益,CSI,中证指数有限公司,主题指数,20121231,20160817,CSI
H20883.CSI,创新驱动全收益,CSI,中证指数有限公司、上海证券交易所,主题指数,20121231,20161019,CSI
H20884.CSI,300创新全收益,CSI,中证指数有限公司、上海证券交易所,主题指数,20121231,20161019,CSI
H20885.CSI,500创新全收益,CSI,中证指数有限公司、上海证券交易所,主题指数,20121231,20161019,CSI
H20899.CSI,全球消费50(全),CSI,中证指数有限公司,主题指数,20111230,20161013,CSI
H20900.CSI,全球消费50(全)USD,CSI,中证指数有限公司,主题指数,20111230,20161013,CSI
H20901.CSI,动漫游戏全收益,CSI,中证指数有限公司、上海证券交易所,主题指数,20121231,20161018,CSI
H20902.CSI,中证数据全收益,CSI,中证指数有限公司、上海证券交易所,主题指数,20121231,20161018,CSI
H20903.CSI,中证A股全收益,CSI,中证指数有限公司、上海证券交易所,综合指数,19991231,20161018,CSI
H20904.CSI,中证PPP全收益,CSI,中证指数有限公司,主题指数,20131231,20161107,CSI
H20907.CSI,香港海外高股息(全),CSI,中证指数有限公司,策略指数,20141114,20161107,CSI
H20908.CSI,香港海外高股息全CNY,CSI,中证指数有限公司,策略指数,20141114,20161107,CSI
H20909.CSI,中证地产债(净),CSI,中证指数有限公司,债券指数,20071231,20161107,CSI
H20910.CSI,农牧渔全收益,CSI,中证指数有限公司,行业指数,20041231,20161212,CSI
H20911.CSI,化学原料全收益,CSI,中证指数有限公司,行业指数,20041231,20161212,CSI
H20912.CSI,GTJA Intl中国影视RI,CSI,中证指数有限公司,主题指数,20111230,20161129,CSI
H20913.CSI,GTJA Intl中国影视HRI,CSI,中证指数有限公司,主题指数,20111230,20161129,CSI
H20914.CSI,港股通高股息(全),CSI,中证指数有限公司,策略指数,20141114,20161125,CSI
H20915.CSI,港股通高股息(全)CNY,CSI,中证指数有限公司,策略指数,20141114,20161125,CSI
H20916.CSI,中证10年国债(净),CSI,中证指数有限公司,债券指数,20081231,20161205,CSI
H20917.CSI,SHS高股息(全),CSI,中证指数有限公司,策略指数,20141114,20161228,CSI
H20918.CSI,SHS高股息(全)HKD,CSI,中证指数有限公司,策略指数,20141114,20161228,CSI
H20923.CSI,港中国中小(全),CSI,中证指数有限公司,主题指数,20091231,20180928,CSI
H20924.CSI,港中国中小(全)CNY,CSI,中证指数有限公司,主题指数,20091231,20180928,CSI
H20925.CSI,沪港深保险(全),CSI,中证指数有限公司,行业指数,20141231,20181121,CSI
H20926.CSI,沪港深保险(全)HKD,CSI,中证指数有限公司,行业指数,20141231,20181121,CSI
H20927.CSI,CR基石全收益,CSI,中证指数有限公司,主题指数,20050630,20161223,CSI
H20928.CSI,CR新动能全收益,CSI,中证指数有限公司,主题指数,20130628,20161223,CSI
H20930.CSI,港股综合(全),CSI,中证指数有限公司,综合指数,20141114,20170116,CSI
H20931.CSI,港股通50(全),CSI,中证指数有限公司,规模指数,20141114,20170116,CSI
H20932.CSI,港股通内地证券(全),CSI,中证指数有限公司,主题指数,20151231,20170116,CSI
H20933.CSI,港股综合(全)CNY,CSI,中证指数有限公司,综合指数,20141114,20170116,CSI
H20934.CSI,港股通50(全)CNY,CSI,中证指数有限公司,规模指数,20141114,20170116,CSI
H20935.CSI,港股通内地证券(全)CNY,CSI,中证指数有限公司,主题指数,20151231,20170116,CSI
H20936.CSI,国开成长全收益,CSI,中证指数有限公司,风格指数,20140630,20170119,CSI
H20937.CSI,稳健成长全收益,CSI,中证指数有限公司,策略指数,20061229,20170118,CSI
H20938.CSI,500成长估值全收益,CSI,中证指数有限公司,策略指数,20091231,20181204,CSI
H20939.CSI,500质量成长全收益,CSI,中证指数有限公司,策略指数,20041231,20181121,CSI
H20945.CSI,香港新股(全),CSI,中证指数有限公司,主题指数,20041231,20170317,CSI
H20946.CSI,香港新股(全)CNY,CSI,中证指数有限公司,主题指数,20041231,20170317,CSI
H20949.CSI,价值回报全收益,CSI,中证指数有限公司,策略指数,20051230,20170224,CSI
H20951.CSI,交易所绿色债(净),CSI,中证指数有限公司、上海证券交易所,债券指数,20161230,20170619,CSI
H20954.CSI,5年久期国开债(净),CSI,中证指数有限公司,债券指数,20071231,20170522,CSI
H20955.CSI,红利低波100全收益,CSI,中证指数有限公司,策略指数,20051230,20170526,CSI
H20956.CSI,绿色投资全收益,CSI,中证指数有限公司,主题指数,20120629,20170526,CSI
H20957.CSI,港股通中国100(全),CSI,中证指数有限公司,规模指数,20141114,20170623,CSI
H20958.CSI,港股通中国100(全)CNY,CSI,中证指数有限公司,规模指数,20141114,20170623,CSI
H20959.CSI,港股通海外50(全),CSI,中证指数有限公司,主题指数,20141114,20170623,CSI
H20960.CSI,港股通能源C(全),CSI,中证指数有限公司,行业指数,20141114,20170623,CSI
H20961.CSI,港股通材料C(全),CSI,中证指数有限公司,行业指数,20141114,20170623,CSI
H20962.CSI,港股通工业C(全),CSI,中证指数有限公司,行业指数,20141114,20170623,CSI
H20964.CSI,港股通消费C(全),CSI,中证指数有限公司,行业指数,20141114,20170623,CSI
H20965.CSI,港股通医药C(全),CSI,中证指数有限公司,行业指数,20141114,20170623,CSI
H20966.CSI,港股通金融C(全),CSI,中证指数有限公司,行业指数,20141114,20170623,CSI
H20967.CSI,港股通信息C(全),CSI,中证指数有限公司,行业指数,20141114,20170623,CSI
H20968.CSI,港股通通信C(全),CSI,中证指数有限公司,行业指数,20141114,20170623,CSI
H20969.CSI,港股通公用C(全),CSI,中证指数有限公司,行业指数,20141114,20170623,CSI
H20970.CSI,港股通能源C(全)CNY,CSI,中证指数有限公司,行业指数,20141114,20170623,CSI
H20971.CSI,港股通材料C(全)CNY,CSI,中证指数有限公司,行业指数,20141114,20170623,CSI
H20972.CSI,港股通工业C(全)CNY,CSI,中证指数有限公司,行业指数,20141114,20170623,CSI
H20974.CSI,港股通消费C(全)CNY,CSI,中证指数有限公司,行业指数,20141114,20170623,CSI
H20975.CSI,港股通医药C(全)CNY,CSI,中证指数有限公司,行业指数,20141114,20170623,CSI
H20976.CSI,港股通金融C(全)CNY,CSI,中证指数有限公司,行业指数,20141114,20170623,CSI
H20977.CSI,港股通信息C(全)CNY,CSI,中证指数有限公司,行业指数,20141114,20170623,CSI
H20978.CSI,港股通通信C(全)CNY,CSI,中证指数有限公司,行业指数,20141114,20170623,CSI
H20979.CSI,港股通公用C(全)CNY,CSI,中证指数有限公司,行业指数,20141114,20170623,CSI
H20980.CSI,港股通海外50(全)CNY,CSI,中证指数有限公司,主题指数,20141114,20170623,CSI
H20981.CSI,东北指数全收益,CSI,中证指数有限公司,主题指数,20131231,20170614,CSI
H20983.CSI,MG200全收益,CSI,中证指数有限公司,主题指数,20071228,20170615,CSI
H20984.CSI,MG新经济全收益,CSI,中证指数有限公司,主题指数,20071228,20170615,CSI
H20985.CSI,500LBLV全收益,CSI,中证指数有限公司,策略指数,20041231,20170622,CSI
H20986.CSI,金融科技全收益,CSI,中证指数有限公司,主题指数,20140630,20170622,CSI
H20987.CSI,安徽发展全收益,CSI,中证指数有限公司,主题指数,20131231,20190320,CSI
H20992.CSI,沪港深红利低波(全),CSI,中证指数有限公司,策略指数,20141114,20170628,CSI
H20993.CSI,沪港深红利低波全HKD,CSI,中证指数有限公司,策略指数,20141114,20170628,CSI
H20996.CSI,5年久期政金债(净),CSI,中证指数有限公司,债券指数,20071231,20170720,CSI
H20997.CSI,新能源车全收益,CSI,中证指数有限公司,主题指数,20141231,20170719,CSI
H20998.CSI,港股通大湾区(全),CSI,中证指数有限公司,主题指数,20161230,20170719,CSI
H20999.CSI,SHS大湾区(全),CSI,中证指数有限公司,主题指数,20161230,20170719,CSI
H21000.CSI,大湾区全收益,CSI,中证指数有限公司,主题指数,20161230,20170719,CSI
H21001.CSI,港股通大湾区(全)CNY,CSI,中证指数有限公司,主题指数,20161230,20170719,CSI
H21002.CSI,SHS大湾区(全)HKD,CSI,中证指数有限公司,主题指数,20161230,20170719,CSI
H21004.CSI,女性消费全收益,CSI,中证指数有限公司,主题指数,20091231,20170721,CSI
H21005.CSI,母婴消费全收益,CSI,中证指数有限公司,主题指数,20091231,20170721,CSI
H21006.CSI,老年消费全收益,CSI,中证指数有限公司,主题指数,20091231,20170721,CSI
H21008.CSI,汽车指数全收益,CSI,中证指数有限公司,主题指数,20041231,20130715,CSI
H21009.CSI,建筑材料全收益,CSI,中证指数有限公司,主题指数,20041231,20130715,CSI
H21010.CSI,1-3年国开债(净),CSI,中证指数有限公司,债券指数,20071231,20170828,CSI
H21011.CSI,医药创新全收益,CSI,中证指数有限公司,主题指数,20121231,20170831,CSI
H21013.CSI,消费低波全收益,CSI,中证指数有限公司,策略指数,20041231,20171018,CSI
H21014.CSI,成长低波全收益,CSI,中证指数有限公司,策略指数,20041231,20171018,CSI
H21016.CSI,中证5年国债活跃券(净),CSI,中证指数有限公司,债券指数,20111231,20171025,CSI
H21017.CSI,中证10年国债活跃券(净),CSI,中证指数有限公司,债券指数,20111231,20171025,CSI
H21018.CSI,中证5-10年国债活跃券(净),CSI,中证指数有限公司,债券指数,20111231,20171025,CSI
H21020.CSI,装配建筑全收益,CSI,中证指数有限公司,主题指数,20151231,20171017,CSI
H21021.CSI,家电龙头全收益,CSI,中证指数有限公司,主题指数,20041231,20171017,CSI
H21022.CSI,大气治理全收益,CSI,中证指数有限公司,主题指数,20111231,20171017,CSI
H21023.CSI,北京50全收益,CSI,中证指数有限公司,主题指数,20121231,20171030,CSI
H21024.CSI,港股通非银(全),CSI,中证指数有限公司,主题指数,20141114,20171106,CSI
H21025.CSI,港股通地产(全),CSI,中证指数有限公司,主题指数,20141114,20171106,CSI
H21026.CSI,港股通TMT(全),CSI,中证指数有限公司,主题指数,20141114,20171106,CSI
H21027.CSI,港股通大消费(全),CSI,中证指数有限公司,主题指数,20141114,20171106,CSI
H21028.CSI,港股通非银(全)CNY,CSI,中证指数有限公司,主题指数,20141114,20171106,CSI
H21029.CSI,港股通地产(全)CNY,CSI,中证指数有限公司,主题指数,20141114,20171106,CSI
H21030.CSI,港股通TMT(全)CNY,CSI,中证指数有限公司,主题指数,20141114,20171106,CSI
H21031.CSI,港股通大消费(全)CNY,CSI,中证指数有限公司,主题指数,20141114,20171106,CSI
H21032.CSI,复兴100全收益,CSI,中证指数有限公司,主题指数,20121231,20171106,CSI
H21033.CSI,杭州湾区全收益,CSI,中证指数有限公司,主题指数,20091231,20171108,CSI
H21037.CSI,绿色领先全收益,CSI,中证指数有限公司,主题指数,20150630,20180104,CSI
H21038.CSI,A100AH(全),CSI,中证指数有限公司,策略指数,20051230,20171206,CSI
H21039.CSI,银行AH(全),CSI,中证指数有限公司,策略指数,20041231,20171206,CSI
H21040.CSI,证券AH(全),CSI,中证指数有限公司,策略指数,20070630,20171206,CSI
H21041.CSI,证保AH(全),CSI,中证指数有限公司,策略指数,20041231,20171206,CSI
H21042.CSI,能源AH(全),CSI,中证指数有限公司,策略指数,20041231,20171206,CSI
H21043.CSI,央企AH(全),CSI,中证指数有限公司,策略指数,20081231,20171206,CSI
H21044.CSI,国企AH(全),CSI,中证指数有限公司,策略指数,20090630,20171206,CSI
H21045.CSI,A100AH(全)HKD,CSI,中证指数有限公司,策略指数,20051230,20171206,CSI
H21046.CSI,银行AH(全)HKD,CSI,中证指数有限公司,策略指数,20041231,20171206,CSI
H21047.CSI,证券AH(全)HKD,CSI,中证指数有限公司,策略指数,20070630,20171206,CSI
H21048.CSI,证保AH(全)HKD,CSI,中证指数有限公司,策略指数,20041231,20171206,CSI
H21049.CSI,能源AH(全)HKD,CSI,中证指数有限公司,策略指数,20041231,20171206,CSI
H21050.CSI,央企AH(全)HKD,CSI,中证指数有限公司,策略指数,20081231,20171206,CSI
H21051.CSI,国企AH(全)HKD,CSI,中证指数有限公司,策略指数,20090630,20171206,CSI
H21052.CSI,国信价值全收益,CSI,中证指数有限公司,策略指数,20070629,20171208,CSI
H21053.CSI,高股息策略全收益,CSI,中证指数有限公司,策略指数,20081231,20171211,CSI
H21054.CSI,财务稳健全收益,CSI,中证指数有限公司,策略指数,20050630,20171211,CSI
H21055.CSI,稳健低波全收益,CSI,中证指数有限公司,策略指数,20041231,20171211,CSI
H21057.CSI,股权激励全收益,CSI,中证指数有限公司,主题指数,20111231,20180104,CSI
H21058.CSI,竞争优势全收益,CSI,中证指数有限公司,主题指数,20121231,20180104,CSI
H21059.CSI,同业存单AAA(净),CSI,中证指数有限公司,债券指数,20141231,20180111,CSI
H21060.CSI,高等级同业存单(净),CSI,中证指数有限公司,债券指数,20141231,20180111,CSI
H21062.CSI,质量低波全收益,CSI,中证指数有限公司,策略指数,20050630,20180122,CSI
H21063.CSI,创始经营全收益,CSI,中证指数有限公司,主题指数,20161231,20180122,CSI
H21065.CSI,财通浙30全收益,CSI,中证指数有限公司,主题指数,20141231,20181204,CSI
H21066.CSI,军工龙头全收益,CSI,中证指数有限公司,主题指数,20121231,20180205,CSI
H21067.CSI,绩优策略全收益,CSI,中证指数有限公司,策略指数,20050630,20180214,CSI
H21068.CSI,消费龙头全收益,CSI,中证指数有限公司,主题指数,20041231,20181121,CSI
H21069.CSI,中金300全收益,CSI,中证指数有限公司,策略指数,20081231,20180214,CSI
H21070.CSI,中金100全收益,CSI,中证指数有限公司,策略指数,20081231,20180214,CSI
H21071.CSI,人工智能全收益,CSI,中证指数有限公司,主题指数,20141231,20181121,CSI
H21072.CSI,全球中国互联网(全)HKD,CSI,中证指数有限公司,主题指数,20131231,20180326,CSI
H21078.CSI,中证转债及可交换债(净),CSI,中证指数有限公司,债券指数,20021231,20190122,CSI
H21079.CSI,5G通信全收益,CSI,中证指数有限公司、上海证券交易所,主题指数,20151231,20190425,CSI
H21083.CSI,全球电子游戏(全),CSI,中证指数有限公司,主题指数,20121231,20180507,CSI
H21084.CSI,全球电子游戏(全)HKD,CSI,中证指数有限公司,主题指数,20121231,20180507,CSI
H21085.CSI,全球电子游戏(全)USD,CSI,中证指数有限公司,主题指数,20121231,20180507,CSI
H21086.CSI,MG新经济(全)AUD,CSI,中证指数有限公司,主题指数,20071228,20180530,CSI
H21087.CSI,科技龙头全收益,CSI,中证指数有限公司,主题指数,20120629,20190320,CSI
H21090.CSI,海外中国能源(全),CSI,中证指数有限公司,行业指数,20141114,20180814,CSI
H21091.CSI,海外中国材料(全),CSI,中证指数有限公司,行业指数,20141114,20180814,CSI
H21092.CSI,海外中国工业(全),CSI,中证指数有限公司,行业指数,20141114,20180814,CSI
H21093.CSI,海外中国可选(全),CSI,中证指数有限公司,行业指数,20141114,20180814,CSI
H21094.CSI,海外中国消费(全),CSI,中证指数有限公司,行业指数,20141114,20180814,CSI
H21096.CSI,海外中国金融(全),CSI,中证指数有限公司,行业指数,20141114,20180814,CSI
H21097.CSI,海外中国信息(全),CSI,中证指数有限公司,行业指数,20141114,20180814,CSI
H21098.CSI,海外中国通信(全),CSI,中证指数有限公司,行业指数,20141114,20180814,CSI
H21099.CSI,海外中国公用(全),CSI,中证指数有限公司,行业指数,20141114,20180814,CSI
H21100.CSI,海外中国能源(全)HKD,CSI,中证指数有限公司,行业指数,20141114,20180814,CSI
H21101.CSI,海外中国材料(全)HKD,CSI,中证指数有限公司,行业指数,20141114,20180814,CSI
H21102.CSI,海外中国工业(全)HKD,CSI,中证指数有限公司,行业指数,20141114,20180814,CSI
H21103.CSI,海外中国可选(全)HKD,CSI,中证指数有限公司,行业指数,20141114,20180814,CSI
H21104.CSI,海外中国消费(全)HKD,CSI,中证指数有限公司,行业指数,20141114,20180814,CSI
H21106.CSI,海外中国金融(全)HKD,CSI,中证指数有限公司,行业指数,20141114,20180814,CSI
H21107.CSI,海外中国信息(全)HKD,CSI,中证指数有限公司,行业指数,20141114,20180814,CSI
H21108.CSI,海外中国通信(全)HKD,CSI,中证指数有限公司,行业指数,20141114,20180814,CSI
H21109.CSI,海外中国公用(全)HKD,CSI,中证指数有限公司,行业指数,20141114,20180814,CSI
H21110.CSI,海外中国能源(全)USD,CSI,中证指数有限公司,行业指数,20141114,20180814,CSI
H21111.CSI,海外中国材料(全)USD,CSI,中证指数有限公司,行业指数,20141114,20180814,CSI
H21112.CSI,海外中国工业(全)USD,CSI,中证指数有限公司,行业指数,20141114,20180814,CSI
H21113.CSI,海外中国可选(全)USD,CSI,中证指数有限公司,行业指数,20141114,20180814,CSI
H21114.CSI,海外中国消费(全)USD,CSI,中证指数有限公司,行业指数,20141114,20180814,CSI
H21115.CSI,海外中国医药(全)USD,CSI,中证指数有限公司,主题指数,20141114,20180814,CSI
H21116.CSI,海外中国金融(全)USD,CSI,中证指数有限公司,行业指数,20141114,20180814,CSI
H21117.CSI,海外中国信息(全)USD,CSI,中证指数有限公司,行业指数,20141114,20180814,CSI
H21118.CSI,海外中国通信(全)USD,CSI,中证指数有限公司,行业指数,20141114,20180814,CSI
H21119.CSI,海外中国公用(全)USD,CSI,中证指数有限公司,行业指数,20141114,20180814,CSI
H21120.CSI,中国互联网1040(全),CSI,中证指数有限公司,主题指数,20070629,20180928,CSI
H21121.CSI,中国互联网1040(全)USD,CSI,中证指数有限公司,主题指数,20070629,20180928,CSI
H21122.CSI,中国互联网1040(全)EUR,CSI,中证指数有限公司,主题指数,20070629,20180928,CSI
H21123.CSI,蓝天环境改善(全),CSI,中证指数有限公司,主题指数,20161231,20181121,CSI
H21124.CSI,蓝天环境改善(全)HKD,CSI,中证指数有限公司,主题指数,20161231,20181121,CSI
H21125.CSI,蓝天环境改善(全)USD,CSI,中证指数有限公司,主题指数,20161231,20181121,CSI
H21126.CSI,蓝天环境改善(全)EUR,CSI,中证指数有限公司,主题指数,20161231,20181121,CSI
H21127.CSI,浙江新动能(全),CSI,中证指数有限公司,主题指数,20081231,20190122,CSI
H21128.CSI,浙江新动能(全)USD,CSI,中证指数有限公司,主题指数,20081231,20190122,CSI
H21129.CSI,盈利估值全收益,CSI,中证指数有限公司,策略指数,20090630,20181204,CSI
H21130.CSI,红利成长低波全收益,CSI,中证指数有限公司,策略指数,20051230,20181204,CSI
H21133.CSI,经济蓝筹全收益,CSI,中证指数有限公司,策略指数,20041231,20190320,CSI
H21134.CSI,AH经济蓝筹(全),CSI,中证指数有限公司,策略指数,20041231,20190320,CSI
H21135.CSI,AH经济蓝筹(全)HKD,CSI,中证指数有限公司,策略指数,20041231,20190320,CSI
H21136.CSI,深圳科技(全),CSI,中证指数有限公司,主题指数,20141114,20190122,CSI
H21137.CSI,深圳科技(全)HKD,CSI,中证指数有限公司,主题指数,20141114,20190122,CSI
H21138.CSI,高息低波全收益,CSI,中证指数有限公司,策略指数,20041231,20181204,CSI
H21139.CSI,CS消费50全收益,CSI,中证指数有限公司,主题指数,20041231,20190320,CSI
H21140.CSI,医药50全收益,CSI,中证指数有限公司,主题指数,20041231,20190320,CSI
H21141.CSI,CS长三角全收益,CSI,中证指数有限公司,主题指数,20121231,20190320,CSI
H21142.CSI,东证竞争全收益,CSI,中证指数有限公司,策略指数,20091231,20190320,CSI
H21143.CSI,CS红利配置全收益,CSI,中证指数有限公司、上海证券交易所,多资产指数,20131231,20190422,CSI
H21144.CSI,通信技术全收益,CSI,中证指数有限公司,主题指数,20151231,20190530,CSI
H21145.CSI,中证绿色债(净),CSI,中证指数有限公司,债券指数,20161230,20190131,CSI
H21146.CSI,交易所绿色债AAA(净),CSI,中证指数有限公司,债券指数,20161230,20190131,CSI
H21147.CSI,交易所高等级绿色债(净),CSI,中证指数有限公司,债券指数,20161230,20190131,CSI
H21148.CSI,ESG80全收益,CSI,中证指数有限公司,主题指数,20110630,20190227,CSI
H21149.CSI,环境质量全收益,CSI,中证指数有限公司,策略指数,20120629,20190131,CSI
H21150.CSI,绿色质量全收益,CSI,中证指数有限公司,策略指数,20120629,20190131,CSI
H21151.CSI,光伏产业全收益,CSI,中证指数有限公司、上海证券交易所,主题指数,20121231,20190422,CSI
H21152.CSI,CS创新药全收益,CSI,中证指数有限公司、上海证券交易所,主题指数,20141231,20190422,CSI
H21155.CSI,300质量成长全收益,CSI,中证指数有限公司、上海证券交易所,策略指数,20041231,20190422,CSI
H21156.CSI,800质量成长全收益,CSI,中证指数有限公司、上海证券交易所,策略指数,20041231,20190422,CSI
H21157.CSI,SHS红利成长LV(全),CSI,中证指数有限公司、上海证券交易所,策略指数,20141114,20190425,CSI
H21158.CSI,SHS红利成长LV(全)HKD,CSI,中证指数有限公司、上海证券交易所,策略指数,20141114,20190425,CSI
H21159.CSI,创新100全收益,CSI,中证指数有限公司,主题指数,20140630,20190516,CSI
H21160.CSI,通信设备全收益,CSI,中证指数有限公司,主题指数,20041231,20130715,CSI
H21161.CSI,0-4年地债(净),CSI,中证指数有限公司、上海证券交易所,债券指数,20131231,20190425,CSI
H21162.CSI,中证转债及可交换债50(净),CSI,中证指数有限公司、上海证券交易所,债券指数,20021231,20190425,CSI
H21163.CSI,浙江100全收益,CSI,中证指数有限公司、上海证券交易所,主题指数,20121231,20190425,CSI
H21165.CSI,新兴科技100全收益,CSI,中证指数有限公司、上海证券交易所,策略指数,20081231,20190425,CSI
H21166.CSI,医药健康100全收益,CSI,中证指数有限公司、上海证券交易所,策略指数,20081231,20190425,CSI
H21167.CSI,先进制造100全收益,CSI,中证指数有限公司、上海证券交易所,策略指数,20081231,20190425,CSI
H21168.CSI,绿色价值100全收益,CSI,中证指数有限公司、上海证券交易所,主题指数,20160630,20190627,CSI
H21169.CSI,证券30全收益,CSI,中证指数有限公司,主题指数,20131231,20190530,CSI
H21170.CSI,民企龙头全收益,CSI,中证指数有限公司、上海证券交易所,主题指数,20120629,20190425,CSI
H21171.CSI,长三角指全收益,CSI,中证指数有限公司,主题指数,20121231,20190610,CSI
H21172.CSI,信用主体50(净),CSI,中证指数有限公司,债券指数,20121231,20190530,CSI
H21173.CSI,中证消费与供应链金融ABS(净),CSI,中证指数有限公司,债券指数,20151231,20190610,CSI
H21174.CSI,0-3年央企25(净),CSI,中证指数有限公司,债券指数,20131231,20190530,CSI
H21175.CSI,银行50金融债(净),CSI,中证指数有限公司,债券指数,20131231,20190530,CSI
H21176.CSI,台州综指全收益,CSI,中证指数有限公司,主题指数,20101231,20190530,CSI
H21177.CSI,全球台州综指(全),CSI,中证指数有限公司,主题指数,20101231,20190530,CSI
H21178.CSI,全球台州综指(全)USD,CSI,中证指数有限公司,主题指数,20101231,20190530,CSI
H21179.CSI,台州制造30全收益,CSI,中证指数有限公司,主题指数,20101231,20190530,CSI
H21186.CSI,中证科技全收益,CSI,中证指数有限公司,主题指数,20121231,20190530,CSI
H21187.CSI,科技100全收益,CSI,中证指数有限公司,主题指数,20140613,20190530,CSI
H21189.CSI,信用债AAA(净),CSI,中证指数有限公司、上海证券交易所,债券指数,20071231,20190627,CSI
H21190.CSI,信用债AA+(净),CSI,中证指数有限公司、上海证券交易所,债券指数,20071231,20190627,CSI
H21191.CSI,信用债AA(净),CSI,中证指数有限公司、上海证券交易所,债券指数,20071231,20190627,CSI
H21192.CSI,信用债0-1(净),CSI,中证指数有限公司、上海证券交易所,债券指数,20071231,20190627,CSI
H21193.CSI,信用债1-3(净),CSI,中证指数有限公司、上海证券交易所,债券指数,20071231,20190627,CSI
H21194.CSI,信用债3-5(净),CSI,中证指数有限公司、上海证券交易所,债券指数,20071231,20190627,CSI
H21195.CSI,信用债5-7(净),CSI,中证指数有限公司、上海证券交易所,债券指数,20071231,20190627,CSI
H21196.CSI,信用债7-10(净),CSI,中证指数有限公司、上海证券交易所,债券指数,20071231,20190627,CSI
H21197.CSI,信用债1-5(净),CSI,中证指数有限公司、上海证券交易所,债券指数,20071231,20190627,CSI
H21198.CSI,信用债中高等级(净),CSI,中证指数有限公司、上海证券交易所,债券指数,20071231,20190627,CSI
H21199.CSI,信用债0-1中高等级(净),CSI,中证指数有限公司、上海证券交易所,债券指数,20071231,20190627,CSI
H21200.CSI,信用债1-3中高等级(净),CSI,中证指数有限公司、上海证券交易所,债券指数,20071231,20190627,CSI
H21201.CSI,信用债3-5中高等级(净),CSI,中证指数有限公司、上海证券交易所,债券指数,20071231,20190627,CSI
H21202.CSI,信用债5-7中高等级(净),CSI,中证指数有限公司、上海证券交易所,债券指数,20071231,20190627,CSI
H21203.CSI,信用债7-10中高等级(净),CSI,中证指数有限公司、上海证券交易所,债券指数,20071231,20190627,CSI
H21204.CSI,信用债1-5中高等级(净),CSI,中证指数有限公司、上海证券交易所,债券指数,20071231,20190627,CSI
H21205.CSI,信用债0-1AAA(净),CSI,中证指数有限公司、上海证券交易所,债券指数,20071231,20190627,CSI
H21206.CSI,信用债1-3AAA(净),CSI,中证指数有限公司、上海证券交易所,债券指数,20071231,20190627,CSI
H21207.CSI,信用债3-5AAA(净),CSI,中证指数有限公司、上海证券交易所,债券指数,20071231,20190627,CSI
H21208.CSI,信用债5-7AAA(净),CSI,中证指数有限公司、上海证券交易所,债券指数,20071231,20190627,CSI
H21209.CSI,信用债7-10AAA(净),CSI,中证指数有限公司、上海证券交易所,债券指数,20071231,20190627,CSI
H21210.CSI,信用债1-5AAA(净),CSI,中证指数有限公司、上海证券交易所,债券指数,20071231,20190627,CSI
H21211.CSI,信用债0-1AA+(净),CSI,中证指数有限公司、上海证券交易所,债券指数,20071231,20190627,CSI
H21212.CSI,信用债1-3AA+(净),CSI,中证指数有限公司、上海证券交易所,债券指数,20091231,20190627,CSI
H21213.CSI,信用债3-5AA+(净),CSI,中证指数有限公司、上海证券交易所,债券指数,20081231,20190627,CSI
H21214.CSI,信用债5-7AA+(净),CSI,中证指数有限公司、上海证券交易所,债券指数,20071231,20190627,CSI
H21215.CSI,信用债7-10AA+(净),CSI,中证指数有限公司、上海证券交易所,债券指数,20071231,20190627,CSI
H21216.CSI,信用债1-5AA+(净),CSI,中证指数有限公司、上海证券交易所,债券指数,20081231,20190627,CSI
H21217.CSI,信用债0-1AA(净),CSI,中证指数有限公司、上海证券交易所,债券指数,20071231,20190627,CSI
H21218.CSI,信用债1-3AA(净),CSI,中证指数有限公司、上海证券交易所,债券指数,20081231,20190627,CSI
H21219.CSI,信用债3-5AA(净),CSI,中证指数有限公司、上海证券交易所,债券指数,20081231,20190627,CSI
H21220.CSI,信用债5-7AA(净),CSI,中证指数有限公司、上海证券交易所,债券指数,20071231,20190627,CSI
H21221.CSI,信用债7-10AA(净),CSI,中证指数有限公司、上海证券交易所,债券指数,20081231,20190627,CSI
H21222.CSI,信用债1-5AA(净),CSI,中证指数有限公司、上海证券交易所,债券指数,20081231,20190627,CSI
H21274.CSI,政金债0-1(净),CSI,中证指数有限公司,债券指数,20071231,20191118,CSI
H21275.CSI,政金债1-5(净),CSI,中证指数有限公司,债券指数,20071231,20191118,CSI
H21276.CSI,政金债5-10(净),CSI,中证指数有限公司,债券指数,20071231,20191118,CSI
H21277.CSI,政金债10+(净),CSI,中证指数有限公司,债券指数,20071231,20191118,CSI
H21278.CSI,政金债10-25(净),CSI,中证指数有限公司,债券指数,20071231,20191118,CSI
H21279.CSI,国开债(净),CSI,中证指数有限公司,债券指数,20071231,20191118,CSI
H21280.CSI,国开债0-1(净),CSI,中证指数有限公司,债券指数,20071231,20191118,CSI
H21281.CSI,国开债1-5(净),CSI,中证指数有限公司,债券指数,20071231,20191118,CSI
H21282.CSI,国开债3-5(净),CSI,中证指数有限公司,债券指数,20071231,20191118,CSI
H21283.CSI,国开债5-7(净),CSI,中证指数有限公司,债券指数,20071231,20191118,CSI
H21284.CSI,国开债5-10(净),CSI,中证指数有限公司,债券指数,20071231,20191118,CSI
H21285.CSI,国开债10+(净),CSI,中证指数有限公司,债券指数,20071231,20191118,CSI
H21286.CSI,国开债10-25(净),CSI,中证指数有限公司,债券指数,20071231,20191118,CSI
H21287.CSI,农发债(净),CSI,中证指数有限公司,债券指数,20071231,20191118,CSI
H21288.CSI,农发债0-1(净),CSI,中证指数有限公司,债券指数,20071231,20191118,CSI
H21289.CSI,农发债1-3(净),CSI,中证指数有限公司,债券指数,20071231,20191118,CSI
H21290.CSI,农发债1-5(净),CSI,中证指数有限公司,债券指数,20071231,20191118,CSI
H21291.CSI,农发债3-5(净),CSI,中证指数有限公司,债券指数,20071231,20191118,CSI
H21292.CSI,农发债5-7(净),CSI,中证指数有限公司,债券指数,20071231,20191118,CSI
H21293.CSI,农发债5-10(净),CSI,中证指数有限公司,债券指数,20071231,20191118,CSI
H21294.CSI,农发债7-10(净),CSI,中证指数有限公司,债券指数,20071231,20191118,CSI
H21295.CSI,进出口债(净),CSI,中证指数有限公司,债券指数,20071231,20191118,CSI
H21296.CSI,进出口债0-1(净),CSI,中证指数有限公司,债券指数,20071231,20191118,CSI
H21297.CSI,进出口债1-3(净),CSI,中证指数有限公司,债券指数,20071231,20191118,CSI
H21298.CSI,进出口债1-5(净),CSI,中证指数有限公司,债券指数,20071231,20191118,CSI
H21299.CSI,进出口债3-5(净),CSI,中证指数有限公司,债券指数,20071231,20191118,CSI
H21300.CSI,进出口债5-7(净),CSI,中证指数有限公司,债券指数,20081231,20191118,CSI
H21301.CSI,进出口债5-10(净),CSI,中证指数有限公司,债券指数,20081231,20191118,CSI
H21302.CSI,进出口债7-10(净),CSI,中证指数有限公司,债券指数,20111231,20191118,CSI
H21303.CSI,国债及政金债(净),CSI,中证指数有限公司,债券指数,20071231,20191118,CSI
H21304.CSI,国债及政金债0-1(净),CSI,中证指数有限公司,债券指数,20071231,20191118,CSI
H21305.CSI,国债及政金债1-3(净),CSI,中证指数有限公司,债券指数,20071231,20191118,CSI
H21306.CSI,国债及政金债1-5(净),CSI,中证指数有限公司,债券指数,20071231,20191118,CSI
H21307.CSI,国债及政金债3-5(净),CSI,中证指数有限公司,债券指数,20071231,20191118,CSI
H21308.CSI,国债及政金债5-7(净),CSI,中证指数有限公司,债券指数,20071231,20191118,CSI
H21309.CSI,国债及政金债5-10(净),CSI,中证指数有限公司,债券指数,20071231,20191118,CSI
H21310.CSI,国债及政金债7-10(净),CSI,中证指数有限公司,债券指数,20071231,20191118,CSI
H21311.CSI,国债及政金债10+(净),CSI,中证指数有限公司,债券指数,20071231,20191118,CSI
H21312.CSI,国债及政金债10-25(净),CSI,中证指数有限公司,债券指数,20071231,20191118,CSI
H21313.CSI,国债及政金债30(净),CSI,中证指数有限公司,债券指数,20071231,20191118,CSI
H21314.CSI,1-5年长三角地债(净),CSI,中证指数有限公司,债券指数,20131231,20191018,CSI
H21315.CSI,1-5年江苏债(净),CSI,中证指数有限公司,债券指数,20141231,20191018,CSI
H21316.CSI,1-5年山东债(净),CSI,中证指数有限公司,债券指数,20141231,20191018,CSI
H21317.CSI,1-5年四川债(净),CSI,中证指数有限公司,债券指数,20151231,20191018,CSI
H21318.CSI,1-5年湖南债(净),CSI,中证指数有限公司,债券指数,20151231,20191018,CSI
H21319.CSI,1-5年贵州债(净),CSI,中证指数有限公司,债券指数,20151231,20191018,CSI
H21320.CSI,1-5年河南债(净),CSI,中证指数有限公司,债券指数,20151231,20191018,CSI
H21321.CSI,1-5年浙江债(净),CSI,中证指数有限公司,债券指数,20131231,20191018,CSI
H21322.CSI,1-5年广东债(净),CSI,中证指数有限公司,债券指数,20131231,20191018,CSI
H21323.CSI,1-5年河北债(净),CSI,中证指数有限公司,债券指数,20151231,20191018,CSI
H21324.CSI,1-5年云南债(净),CSI,中证指数有限公司,债券指数,20151231,20191018,CSI
H21325.CSI,1-3年长三角地债(净),CSI,中证指数有限公司,债券指数,20131231,20191018,CSI
H21326.CSI,1-3年江苏债(净),CSI,中证指数有限公司,债券指数,20151231,20191018,CSI
H21327.CSI,1-3年山东债(净),CSI,中证指数有限公司,债券指数,20151231,20191018,CSI
H21328.CSI,1-3年四川债(净),CSI,中证指数有限公司,债券指数,20151231,20191018,CSI
H21329.CSI,1-3年湖南债(净),CSI,中证指数有限公司,债券指数,20151231,20191018,CSI
H21330.CSI,1-3年贵州债(净),CSI,中证指数有限公司,债券指数,20151231,20191018,CSI
H21331.CSI,1-3年河南债(净),CSI,中证指数有限公司,债券指数,20151231,20191018,CSI
H21332.CSI,1-3年浙江债(净),CSI,中证指数有限公司,债券指数,20131231,20191018,CSI
H21333.CSI,1-3年广东债(净),CSI,中证指数有限公司,债券指数,20131231,20191018,CSI
H21334.CSI,1-3年河北债(净),CSI,中证指数有限公司,债券指数,20151231,20191018,CSI
H21335.CSI,1-3年云南债(净),CSI,中证指数有限公司,债券指数,20151231,20191018,CSI
H21336.CSI,1-5年地债(净),CSI,中证指数有限公司,债券指数,20131231,20191018,CSI
H21340.CSI,中证转债平衡策略(净),CSI,中证指数有限公司,债券指数,20161231,20191115,CSI
H21359.CSI,沪深300(全)AUD(CNH),CSI,中证指数有限公司,规模指数,20041231,20190830,CSI
H21360.CSI,铁路债券(净),CSI,中证指数有限公司,债券指数,20111231,20191018,CSI
H21361.CSI,铁路债券0-1(净),CSI,中证指数有限公司,债券指数,20111231,20191018,CSI
H21362.CSI,铁路债券1-3(净),CSI,中证指数有限公司,债券指数,20111231,20191018,CSI
H21363.CSI,铁路债券1-5(净),CSI,中证指数有限公司,债券指数,20111231,20191018,CSI
H21365.CSI,铁路债券3-5(净),CSI,中证指数有限公司,债券指数,20111231,20191018,CSI
H21366.CSI,铁路债券5-7(净),CSI,中证指数有限公司,债券指数,20111231,20191018,CSI
H21367.CSI,铁路债券5-10(净),CSI,中证指数有限公司,债券指数,20111231,20191018,CSI
H21368.CSI,铁路债券7-10(净),CSI,中证指数有限公司,债券指数,20111231,20191018,CSI
H21369.CSI,铁路债券10+(净),CSI,中证指数有限公司,债券指数,20111231,20191018,CSI
H21370.CSI,交易所铁路债券(净),CSI,中证指数有限公司,债券指数,20111231,20191115,CSI
H30001.CSI,环渤海,CSI,中证指数有限公司、上海证券交易所,主题指数,20041231,20120927,CSI
H30002.CSI,长三角,CSI,中证指数有限公司、上海证券交易所,主题指数,20041231,20120927,CSI
H30004.CSI,中部崛起,CSI,中证指数有限公司、上海证券交易所,主题指数,20041231,20120927,CSI
H30005.CSI,西部开发,CSI,中证指数有限公司、上海证券交易所,主题指数,20041231,20120927,CSI
H30006.CSI,东北振兴,CSI,中证指数有限公司、上海证券交易所,主题指数,20041231,20120927,CSI
H30007.CSI,芯片产业,CSI,中证指数有限公司、上海证券交易所,主题指数,20151231,20121220,CSI
H30008.CSI,商品LCFI,CSI,中证指数有限公司,期货指数,20090331,20121127,CSI
H30009.CSI,商品CFI,CSI,中证指数有限公司,期货指数,20090331,20121127,CSI
H30011.CSI,800材料主题,CSI,中证指数有限公司,主题指数,20041231,20121221,CSI
H30012.CSI,800资本品,CSI,中证指数有限公司,主题指数,20041231,20121221,CSI
H30013.CSI,800商业,CSI,中证指数有限公司,行业指数,20041231,20121221,CSI
H30014.CSI,800运输,CSI,中证指数有限公司,行业指数,20041231,20121221,CSI
H30015.CSI,800汽车,CSI,中证指数有限公司,主题指数,20041231,20121221,CSI
H30016.CSI,800耐用,CSI,中证指数有限公司,行业指数,20041231,20121221,CSI
H30017.CSI,800服务,CSI,中证指数有限公司,行业指数,20041231,20121221,CSI
H30018.CSI,800传媒,CSI,中证指数有限公司,行业指数,20041231,20121221,CSI
H30019.CSI,800零售,CSI,中证指数有限公司,行业指数,20041231,20121221,CSI
H30020.CSI,800食品,CSI,中证指数有限公司,行业指数,20041231,20121221,CSI
H30022.CSI,800银行,CSI,中证指数有限公司,行业指数,20041231,20121221,CSI
H30023.CSI,800资本,CSI,中证指数有限公司,行业指数,20041231,20121221,CSI
H30024.CSI,800保险,CSI,中证指数有限公司,行业指数,20071231,20121221,CSI
H30031.CSI,800有色,CSI,中证指数有限公司,行业指数,20041231,20121221,CSI
H30034.CSI,300有色,CSI,中证指数有限公司,行业指数,20041231,20121221,CSI
H30035.CSI,300非银,CSI,中证指数有限公司,主题指数,20041231,20121221,CSI
H30036.CSI,AMAC餐饮,CSI,中证指数有限公司,行业指数,20081231,20130121,CSI
H30037.CSI,AMAC商务,CSI,中证指数有限公司,行业指数,20081231,20130121,CSI
H30038.CSI,AMAC科技,CSI,中证指数有限公司,行业指数,20081231,20130121,CSI
H30039.CSI,AMAC公共,CSI,中证指数有限公司,行业指数,20081231,20130121,CSI
H30040.CSI,AMAC社会,CSI,中证指数有限公司,行业指数,20081231,20130121,CSI
H30041.CSI,AMAC农副,CSI,中证指数有限公司,行业指数,20081231,20130121,CSI
H30042.CSI,AMAC食品,CSI,中证指数有限公司,行业指数,20081231,20130121,CSI
H30043.CSI,AMAC饮料,CSI,中证指数有限公司,行业指数,20081231,20130121,CSI
H30044.CSI,AMAC纺织,CSI,中证指数有限公司,行业指数,20081231,20130121,CSI
H30045.CSI,AMAC服装,CSI,中证指数有限公司,行业指数,20081231,20130121,CSI
H30046.CSI,AMAC皮革,CSI,中证指数有限公司,行业指数,20081231,20130121,CSI
H30047.CSI,AMAC木材,CSI,中证指数有限公司,行业指数,20081231,20130121,CSI
H30048.CSI,AMAC家具,CSI,中证指数有限公司,行业指数,20081231,20130121,CSI
H30049.CSI,AMAC造纸,CSI,中证指数有限公司,行业指数,20081231,20130121,CSI
H30050.CSI,AMAC印刷,CSI,中证指数有限公司,行业指数,20081231,20130121,CSI
H30051.CSI,AMAC文教,CSI,中证指数有限公司,行业指数,20081231,20130121,CSI
H30052.CSI,AMAC石化,CSI,中证指数有限公司,行业指数,20081231,20130121,CSI
H30053.CSI,AMAC化学,CSI,中证指数有限公司,行业指数,20081231,20130121,CSI
H30054.CSI,AMAC医药,CSI,中证指数有限公司,行业指数,20081231,20130121,CSI
H30055.CSI,AMAC化纤,CSI,中证指数有限公司,行业指数,20081231,20130121,CSI
H30056.CSI,AMAC橡胶,CSI,中证指数有限公司,行业指数,20081231,20130121,CSI
H30057.CSI,AMAC矿物,CSI,中证指数有限公司,行业指数,20081231,20130121,CSI
H30058.CSI,AMAC钢铁,CSI,中证指数有限公司,行业指数,20081231,20130121,CSI
H30059.CSI,AMAC有色,CSI,中证指数有限公司,行业指数,20081231,20130121,CSI
H30060.CSI,AMAC金属,CSI,中证指数有限公司,行业指数,20081231,20130121,CSI
H30061.CSI,AMAC通用,CSI,中证指数有限公司,行业指数,20081231,20130121,CSI
H30062.CSI,AMAC专用,CSI,中证指数有限公司,行业指数,20081231,20130121,CSI
H30063.CSI,AMAC汽车,CSI,中证指数有限公司,行业指数,20081231,20130121,CSI
H30064.CSI,AMAC运输,CSI,中证指数有限公司,行业指数,20081231,20130121,CSI
H30065.CSI,AMAC电气,CSI,中证指数有限公司,行业指数,20081231,20130121,CSI
H30066.CSI,AMAC电子,CSI,中证指数有限公司,行业指数,20081231,20130121,CSI
H30067.CSI,AMAC仪表,CSI,中证指数有限公司,行业指数,20081231,20130121,CSI
H30068.CSI,中证文化,CSI,中证指数有限公司、上海证券交易所,主题指数,20120629,20130326,CSI
H30069.CSI,农产CFI,CSI,中证指数有限公司,期货指数,20090331,20130221,CSI
H30070.CSI,工金CFI,CSI,中证指数有限公司,期货指数,20090331,20130221,CSI
H30071.CSI,能化CFI,CSI,中证指数有限公司,期货指数,20090331,20130221,CSI
H30072.CSI,贵金CFI,CSI,中证指数有限公司,期货指数,20090331,20130221,CSI
H30073.CSI,红利回报,CSI,中证指数有限公司、上海证券交易所,主题指数,20041231,20130327,CSI
H30074.CSI,中证服务,CSI,中证指数有限公司、上海证券交易所,主题指数,20041231,20130326,CSI
H30075.CSI,300期指,CSI,中证指数有限公司,期货指数,20100416,20130403,CSI
H30076.CSI,期指两倍,CSI,中证指数有限公司,期货指数,20100416,20130403,CSI
H30077.CSI,期指反向,CSI,中证指数有限公司,期货指数,20100416,20130403,CSI
H30078.CSI,期指反两,CSI,中证指数有限公司,期货指数,20100416,20130403,CSI
H30079.CSI,300信服,CSI,中证指数有限公司,主题指数,20041231,20130509,CSI
H30080.CSI,300消服,CSI,中证指数有限公司,主题指数,20041231,20130509,CSI
H30081.CSI,300公运,CSI,中证指数有限公司,主题指数,20041231,20130509,CSI
H30082.CSI,300两倍,CSI,中证指数有限公司,策略指数,20090630,20130403,CSI
H30083.CSI,300反向,CSI,中证指数有限公司,策略指数,20090630,20130403,CSI
H30084.CSI,300反两,CSI,中证指数有限公司,策略指数,20090630,20130403,CSI
H30085.CSI,一财理财(三个月内),CSI,中证指数有限公司,多资产指数,20130320,20130705,CSI
H30086.CSI,800金融,CSI,中证指数有限公司,行业指数,20041231,20130509,CSI
H30087.CSI,500动态,CSI,中证指数有限公司,策略指数,20041231,20130509,CSI
H30088.CSI,500稳定,CSI,中证指数有限公司,策略指数,20041231,20130509,CSI
H30089.CSI,红利潜力,CSI,中证指数有限公司、上海证券交易所,策略指数,20051230,20130702,CSI
H30090.CSI,能源红利,CSI,中证指数有限公司、上海证券交易所,策略指数,20051230,20130702,CSI
H30091.CSI,材料红利,CSI,中证指数有限公司、上海证券交易所,策略指数,20051230,20130702,CSI
H30092.CSI,工业红利,CSI,中证指数有限公司、上海证券交易所,策略指数,20051230,20130702,CSI
H30093.CSI,可选红利,CSI,中证指数有限公司、上海证券交易所,策略指数,20051230,20130702,CSI
H30094.CSI,消费红利,CSI,中证指数有限公司、上海证券交易所,策略指数,20051230,20130702,CSI
H30095.CSI,医药红利,CSI,中证指数有限公司、上海证券交易所,策略指数,20051230,20130702,CSI
H30096.CSI,金融红利,CSI,中证指数有限公司、上海证券交易所,策略指数,20051230,20130702,CSI
H30097.CSI,信息红利,CSI,中证指数有限公司、上海证券交易所,策略指数,20051230,20130702,CSI
H30098.CSI,通信红利,CSI,中证指数有限公司、上海证券交易所,策略指数,20051230,20130702,CSI
H30099.CSI,公用红利,CSI,中证指数有限公司、上海证券交易所,策略指数,20051230,20130702,CSI
H30100.CSI,港股通上游资源,CSI,中证指数有限公司,主题指数,20041231,20130521,CSI
H30101.CSI,H300中游,CSI,中证指数有限公司,主题指数,20041231,20130521,CSI
H30102.CSI,H300下游,CSI,中证指数有限公司,主题指数,20041231,20130521,CSI
H30103.CSI,H300周期,CSI,中证指数有限公司,主题指数,20041231,20130521,CSI
H30104.CSI,H300非周期,CSI,中证指数有限公司,主题指数,20041231,20130521,CSI
H30105.CSI,H300地产,CSI,中证指数有限公司,行业指数,20041231,20130521,CSI
H30106.CSI,港股通金融服务,CSI,中证指数有限公司,主题指数,20041231,20130521,CSI
H30107.CSI,H300现代服务,CSI,中证指数有限公司,主题指数,20041231,20130521,CSI
H30109.CSI,H300消费,CSI,中证指数有限公司,主题指数,20041231,20130521,CSI
H30110.CSI,港股通上游资源CNY,CSI,中证指数有限公司,主题指数,20041231,20130521,CSI
H30111.CSI,H300中游CNY,CSI,中证指数有限公司,主题指数,20041231,20130521,CSI
H30112.CSI,H300下游CNY,CSI,中证指数有限公司,主题指数,20041231,20130521,CSI
H30113.CSI,H300周期CNY,CSI,中证指数有限公司,主题指数,20041231,20130521,CSI
H30114.CSI,H300非周期CNY,CSI,中证指数有限公司,主题指数,20041231,20130521,CSI
H30115.CSI,H300地产CNY,CSI,中证指数有限公司,行业指数,20041231,20130521,CSI
H30116.CSI,港股通金融服务CNY,CSI,中证指数有限公司,主题指数,20041231,20130521,CSI
H30117.CSI,H300现代服务CNY,CSI,中证指数有限公司,主题指数,20041231,20130521,CSI
H30119.CSI,H300消费CNY,CSI,中证指数有限公司,主题指数,20041231,20130521,CSI
H30120.CSI,财通商品,CSI,中证指数有限公司,期货指数,20090331,20131220,CSI
H30121.CSI,财通资源,CSI,中证指数有限公司,期货指数,20090331,20131220,CSI
H30122.CSI,财通农产,CSI,中证指数有限公司,期货指数,20090331,20131220,CSI
H30123.CSI,财通贵金,CSI,中证指数有限公司,期货指数,20090331,20131220,CSI
H30124.CSI,安中动态,CSI,中证指数有限公司,策略指数,20071228,20130701,CSI
H30125.CSI,优化成长,CSI,中证指数有限公司,策略指数,20041231,20130703,CSI
H30126.CSI,优化价值,CSI,中证指数有限公司,策略指数,20041231,20130703,CSI
H30127.CSI,优化高贝,CSI,中证指数有限公司,策略指数,20041231,20130703,CSI
H30128.CSI,优化低贝,CSI,中证指数有限公司,策略指数,20041231,20130703,CSI
H30129.CSI,优化高波,CSI,中证指数有限公司,策略指数,20041231,20130703,CSI
H30130.CSI,优化低波,CSI,中证指数有限公司,策略指数,20041231,20130703,CSI
H30131.CSI,中国消费,CSI,中证指数有限公司,主题指数,20070629,20130605,CSI
H30132.CSI,中国消费USD,CSI,中证指数有限公司,主题指数,20070629,20130605,CSI
H30133.CSI,金砖DR,CSI,中证指数有限公司,规模指数,20051230,20130712,CSI
H30134.CSI,金砖DRU,CSI,中证指数有限公司,规模指数,20051230,20130712,CSI
H30135.CSI,金砖DR(HK),CSI,中证指数有限公司,规模指数,20051230,20130712,CSI
H30136.CSI,金砖DR(HK)U,CSI,中证指数有限公司,规模指数,20051230,20130712,CSI
H30137.CSI,中证城镇,CSI,中证指数有限公司、上海证券交易所,主题指数,20120629,20130826,CSI
H30138.CSI,智慧城镇,CSI,中证指数有限公司、上海证券交易所,主题指数,20120629,20130826,CSI
H30139.CSI,绿色城镇,CSI,中证指数有限公司、上海证券交易所,主题指数,20120629,20130826,CSI
H30140.CSI,城镇交通,CSI,中证指数有限公司、上海证券交易所,主题指数,20120629,20130826,CSI
H30141.CSI,智能交通,CSI,中证指数有限公司、上海证券交易所,主题指数,20120629,20130826,CSI
H30142.CSI,城镇消费,CSI,中证指数有限公司、上海证券交易所,主题指数,20120629,20130826,CSI
H30143.CSI,新基建,CSI,中证指数有限公司、上海证券交易所,主题指数,20141231,20130826,CSI
H30164.CSI,汽车汽配,CSI,中证指数有限公司,行业指数,20041231,20130715,CSI
H30166.CSI,机械制造,CSI,中证指数有限公司,行业指数,20041231,20130715,CSI
H30169.CSI,资本品,CSI,中证指数有限公司,主题指数,20041231,20130715,CSI
H30170.CSI,商业指数,CSI,中证指数有限公司,行业指数,20041231,20130715,CSI
H30171.CSI,运输指数,CSI,中证指数有限公司,行业指数,20041231,20130715,CSI
H30172.CSI,耐用服装,CSI,中证指数有限公司,主题指数,20041231,20130715,CSI
H30173.CSI,消费者,CSI,中证指数有限公司,行业指数,20041231,20130715,CSI
H30174.CSI,媒体指数,CSI,中证指数有限公司,行业指数,20041231,20130715,CSI
H30175.CSI,零售指数,CSI,中证指数有限公司,行业指数,20041231,20130715,CSI
H30176.CSI,食药零售,CSI,中证指数有限公司,主题指数,20041231,20130715,CSI
H30177.CSI,全指食品,CSI,中证指数有限公司,行业指数,20041231,20130715,CSI
H30178.CSI,医疗保健,CSI,中证指数有限公司,主题指数,20041231,20130715,CSI
H30179.CSI,制药生物,CSI,中证指数有限公司,行业指数,20041231,20130715,CSI
H30181.CSI,综合金融,CSI,中证指数有限公司,行业指数,20041231,20130715,CSI
H30182.CSI,计算机,CSI,中证指数有限公司,行业指数,20041231,20130715,CSI
H30183.CSI,电子,CSI,中证指数有限公司,行业指数,20041231,20130715,CSI
H30184.CSI,半导体,CSI,中证指数有限公司,主题指数,20041231,20130715,CSI
H30186.CSI,保险指数,CSI,中证指数有限公司,行业指数,20070629,20130715,CSI
H30187.CSI,全指化工,CSI,中证指数有限公司,行业指数,20041231,20130715,CSI
H30190.CSI,电子设备,CSI,中证指数有限公司,主题指数,20041231,20130715,CSI
H30192.CSI,食品,CSI,中证指数有限公司,行业指数,20041231,20130715,CSI
H30193.CSI,纺织服装,CSI,中证指数有限公司,行业指数,20041231,20130715,CSI
H30195.CSI,建筑工程,CSI,中证指数有限公司,行业指数,20041231,20130715,CSI
H30196.CSI,耐用消费品,CSI,中证指数有限公司,行业指数,20041231,20130715,CSI
H30197.CSI,一般零售,CSI,中证指数有限公司,行业指数,20041231,20130715,CSI
H30198.CSI,油气产业,CSI,中证指数有限公司,行业指数,20041231,20130715,CSI
H30199.CSI,电力指数,CSI,中证指数有限公司,行业指数,20041231,20130715,CSI
H30200.CSI,交通设施,CSI,中证指数有限公司,行业指数,20041231,20130715,CSI
H30201.CSI,贸易商,CSI,中证指数有限公司,行业指数,20041231,20130715,CSI
H30202.CSI,软件指数,CSI,中证指数有限公司,主题指数,20041231,20130715,CSI
H30203.CSI,信息服务,CSI,中证指数有限公司,行业指数,20041231,20130715,CSI
H30204.CSI,休闲服务,CSI,中证指数有限公司,行业指数,20041231,20130715,CSI
H30205.CSI,饮料指数,CSI,中证指数有限公司,行业指数,20041231,20130715,CSI
H30206.CSI,纸类林业,CSI,中证指数有限公司,行业指数,20041231,20130715,CSI
H30207.CSI,电脑设备,CSI,中证指数有限公司,行业指数,20041231,20130715,CSI
H30208.CSI,专营零售,CSI,中证指数有限公司,行业指数,20041231,20130715,CSI
H30209.CSI,建筑产品,CSI,中证指数有限公司,行业指数,20041231,20130715,CSI
H30211.CSI,资本市场,CSI,中证指数有限公司,行业指数,20070629,20130715,CSI
H30213.CSI,CS航空航天,CSI,中证指数有限公司,主题指数,20041231,20130715,CSI
H30214.CSI,油气开采服务,CSI,中证指数有限公司,行业指数,20041231,20130715,CSI
H30215.CSI,休闲用品,CSI,中证指数有限公司,行业指数,20041231,20130715,CSI
H30216.CSI,航运指数,CSI,中证指数有限公司,行业指数,20041231,20130715,CSI
H30217.CSI,医疗器械,CSI,中证指数有限公司,行业指数,20041231,20130715,CSI
H30218.CSI,水务指数,CSI,中证指数有限公司,行业指数,20041231,20130715,CSI
H30219.CSI,容器包装,CSI,中证指数有限公司,行业指数,20041231,20130715,CSI
H30220.CSI,文化娱乐,CSI,中证指数有限公司,行业指数,20041231,20130715,CSI
H30221.CSI,复合公用,CSI,中证指数有限公司,行业指数,20041231,20130715,CSI
H30222.CSI,运输业,CSI,中证指数有限公司,行业指数,20041231,20130715,CSI
H30223.CSI,航空运输,CSI,中证指数有限公司,行业指数,20041231,20130715,CSI
H30224.CSI,粮油CFI,CSI,中证指数有限公司,期货指数,20090331,20130815,CSI
H30225.CSI,有色CFI,CSI,中证指数有限公司,期货指数,20090331,20130815,CSI
H30226.CSI,化工CFI,CSI,中证指数有限公司,期货指数,20090331,20130815,CSI
H30227.CSI,工业CFI,CSI,中证指数有限公司,期货指数,20090331,20130815,CSI
H30228.CSI,商品OCFI,CSI,中证指数有限公司,期货指数,20090331,20130815,CSI
H30230.CSI,H300LV,CSI,中证指数有限公司,策略指数,20051230,20131015,CSI
H30231.CSI,H300LB,CSI,中证指数有限公司,策略指数,20051230,20131015,CSI
H30232.CSI,H300HB,CSI,中证指数有限公司,策略指数,20051230,20131015,CSI
H30233.CSI,H300稳定,CSI,中证指数有限公司,策略指数,20051230,20131015,CSI
H30234.CSI,H300动态,CSI,中证指数有限公司,策略指数,20051230,20131015,CSI
H30235.CSI,H300CNLV,CSI,中证指数有限公司,策略指数,20051230,20131015,CSI
H30236.CSI,H300CNLB,CSI,中证指数有限公司,策略指数,20051230,20131015,CSI
H30237.CSI,H300CNHB,CSI,中证指数有限公司,策略指数,20051230,20131015,CSI
H30238.CSI,HK100EW,CSI,中证指数有限公司,策略指数,20051230,20131015,CSI
H30239.CSI,HKCN50EW,CSI,中证指数有限公司,策略指数,20051230,20131015,CSI
H30240.CSI,H300LVCNY,CSI,中证指数有限公司,策略指数,20051230,20131015,CSI
H30241.CSI,H300LBCNY,CSI,中证指数有限公司,策略指数,20051230,20131015,CSI
H30242.CSI,H300HBCNY,CSI,中证指数有限公司,策略指数,20051230,20131015,CSI
H30243.CSI,H300稳定CNY,CSI,中证指数有限公司,策略指数,20051230,20131015,CSI
H30244.CSI,H300动态CNY,CSI,中证指数有限公司,策略指数,20051230,20131015,CSI
H30245.CSI,H300CNLVCNY,CSI,中证指数有限公司,策略指数,20051230,20131015,CSI
H30246.CSI,H300CNLBCNY,CSI,中证指数有限公司,策略指数,20051230,20131015,CSI
H30247.CSI,H300CNHBCNY,CSI,中证指数有限公司,策略指数,20051230,20131015,CSI
H30248.CSI,HK100EWCNY,CSI,中证指数有限公司,策略指数,20051230,20131015,CSI
H30249.CSI,HKCN50EWCNY,CSI,中证指数有限公司,策略指数,20051230,20131015,CSI
H30250.CSI,500能源,CSI,中证指数有限公司,行业指数,20041231,20131106,CSI
H30251.CSI,500原料,CSI,中证指数有限公司,行业指数,20041231,20131106,CSI
H30252.CSI,500工业,CSI,中证指数有限公司,行业指数,20041231,20131106,CSI
H30253.CSI,500可选,CSI,中证指数有限公司,行业指数,20041231,20131106,CSI
H30254.CSI,500消费,CSI,中证指数有限公司,行业指数,20041231,20131106,CSI
H30255.CSI,500医药,CSI,中证指数有限公司,行业指数,20041231,20131106,CSI
H30256.CSI,500金融地产,CSI,中证指数有限公司,主题指数,20041231,20131106,CSI
H30257.CSI,500信息,CSI,中证指数有限公司,行业指数,20041231,20131106,CSI
H30258.CSI,500通信,CSI,中证指数有限公司,行业指数,20041231,20131106,CSI
H30259.CSI,500公用,CSI,中证指数有限公司,行业指数,20041231,20131106,CSI
H30260.CSI,300动量,CSI,中证指数有限公司,策略指数,20041231,20131121,CSI
H30261.CSI,300ERC,CSI,中证指数有限公司,策略指数,20041231,20131121,CSI
H30263.CSI,腾讯济安,CSI,中证指数有限公司,策略指数,20130518,20131118,CSI
H30264.CSI,稳健股基,CSI,中证指数有限公司,基金指数,20111230,20140108,CSI
H30265.CSI,进取股基,CSI,中证指数有限公司,基金指数,20111230,20140108,CSI
H30266.CSI,进取债基,CSI,中证指数有限公司,基金指数,20111230,20140108,CSI
H30267.CSI,高收益债ETFs,CSI,中证指数有限公司,基金指数,20111230,20131218,CSI
H30268.CSI,高收益债ETFsCNY,CSI,中证指数有限公司,基金指数,20111230,20131218,CSI
H30269.CSI,红利低波,CSI,中证指数有限公司,策略指数,20051230,20131219,CSI
H30270.CSI,红利价值,CSI,中证指数有限公司,策略指数,20051230,20131219,CSI
H30271.CSI,A100动态,CSI,中证指数有限公司,策略指数,20041231,20140117,CSI
H30272.CSI,A100稳定,CSI,中证指数有限公司,策略指数,20041231,20140117,CSI
H30273.CSI,200动态,CSI,中证指数有限公司,策略指数,20041231,20140117,CSI
H30274.CSI,200稳定,CSI,中证指数有限公司,策略指数,20041231,20140117,CSI
H30275.CSI,一财理财(1个月),CSI,中证指数有限公司,多资产指数,20130320,20130705,CSI
H30276.CSI,一财理财(2个月),CSI,中证指数有限公司,多资产指数,20130320,20130705,CSI
H30277.CSI,一财理财(3个月),CSI,中证指数有限公司,多资产指数,20130320,20130705,CSI
H30310.CSI,中证500净收益美元,CSI,中证指数有限公司,规模指数,20041231,20140415,CSI
H30311.CSI,800可选净收益美元,CSI,中证指数有限公司,行业指数,20041231,20140415,CSI
H30312.CSI,800消费净收益美元,CSI,中证指数有限公司,行业指数,20041231,20140415,CSI
H30313.CSI,800医卫净收益美元,CSI,中证指数有限公司,行业指数,20041231,20140415,CSI
H30314.CSI,800金地净收益美元,CSI,中证指数有限公司,主题指数,20041231,20140415,CSI
H30315.CSI,800信息净收益美元,CSI,中证指数有限公司,行业指数,20041231,20140415,CSI
H30316.CSI,800工业净收益美元,CSI,中证指数有限公司,行业指数,20041231,20140415,CSI
H30317.CSI,800材料净收益美元,CSI,中证指数有限公司,行业指数,20041231,20140415,CSI
H30318.CSI,科技传媒通信150,CSI,中证指数有限公司,主题指数,20110630,20140415,CSI
H30322.CSI,股债RP,CSI,中证指数有限公司,多资产指数,20051231,20140609,CSI
H30324.CSI,H300银行,CSI,中证指数有限公司,主题指数,20041231,20140521,CSI
H30325.CSI,H300运输,CSI,中证指数有限公司,主题指数,20041231,20140521,CSI
H30326.CSI,港股通资源产业,CSI,中证指数有限公司,主题指数,20041231,20140521,CSI
H30327.CSI,H300基建,CSI,中证指数有限公司,主题指数,20041231,20140521,CSI
H30328.CSI,H300物流,CSI,中证指数有限公司,主题指数,20041231,20140521,CSI
H30329.CSI,H300休闲,CSI,中证指数有限公司,主题指数,20041231,20140521,CSI
H30330.CSI,HK细分龙头,CSI,中证指数有限公司,主题指数,20041231,20140521,CSI
H30331.CSI,HK行业龙头,CSI,中证指数有限公司,主题指数,20041231,20140521,CSI
H30332.CSI,香港50,CSI,中证指数有限公司,规模指数,20041231,20140521,CSI
H30334.CSI,H300银行CNY,CSI,中证指数有限公司,主题指数,20041231,20140521,CSI
H30335.CSI,H300运输CNY,CSI,中证指数有限公司,主题指数,20041231,20140521,CSI
H30336.CSI,港股通资源产业CNY,CSI,中证指数有限公司,主题指数,20041231,20140521,CSI
H30337.CSI,H300基建CNY,CSI,中证指数有限公司,主题指数,20041231,20140521,CSI
H30338.CSI,H300物流CNY,CSI,中证指数有限公司,主题指数,20041231,20140521,CSI
H30339.CSI,H300休闲CNY,CSI,中证指数有限公司,主题指数,20041231,20140521,CSI
H30340.CSI,HK细分龙头CNY,CSI,中证指数有限公司,主题指数,20041231,20140521,CSI
H30341.CSI,HK行业龙头CNY,CSI,中证指数有限公司,主题指数,20041231,20140521,CSI
H30342.CSI,香港50CNY,CSI,中证指数有限公司,规模指数,20041231,20140521,CSI
H30344.CSI,健康产业,CSI,中证指数有限公司、上海证券交易所,主题指数,20111230,20140606,CSI
H30345.CSI,300波控1,CSI,中证指数有限公司、上海证券交易所,多资产指数,20041231,20140708,CSI
H30346.CSI,300波控2,CSI,中证指数有限公司、上海证券交易所,多资产指数,20041231,20140708,CSI
H30347.CSI,500波控1,CSI,中证指数有限公司、上海证券交易所,多资产指数,20041231,20140708,CSI
H30348.CSI,500波控2,CSI,中证指数有限公司、上海证券交易所,多资产指数,20041231,20140708,CSI
H30350.CSI,辽宁股交中心市场发展指数,CSI,中证指数有限公司,其他指数,20131231,20140425,CSI
H30351.CSI,500成长,CSI,中证指数有限公司,风格指数,20041231,20140609,CSI
H30352.CSI,500价值,CSI,中证指数有限公司,风格指数,20041231,20140609,CSI
H30353.CSI,500R成长,CSI,中证指数有限公司,风格指数,20041231,20140609,CSI
H30354.CSI,500R价值,CSI,中证指数有限公司,风格指数,20041231,20140609,CSI
H30355.CSI,800成长,CSI,中证指数有限公司,风格指数,20041231,20140609,CSI
H30356.CSI,800价值,CSI,中证指数有限公司,风格指数,20041231,20140609,CSI
H30357.CSI,800R成长,CSI,中证指数有限公司,风格指数,20041231,20140609,CSI
H30358.CSI,800R价值,CSI,中证指数有限公司,风格指数,20041231,20140609,CSI
H30359.CSI,转型成长,CSI,中证指数有限公司、上海证券交易所,策略指数,20051230,20140711,CSI
H30360.CSI,一财理财(6个月),CSI,中证指数有限公司,多资产指数,20140402,20140606,CSI
H30361.CSI,一财理财(12个月),CSI,中证指数有限公司,多资产指数,20140402,20140606,CSI
H30362.CSI,基本300,CSI,中证指数有限公司,策略指数,20041231,20140722,CSI
H30363.CSI,基本500,CSI,中证指数有限公司,策略指数,20041231,20140722,CSI
H30364.CSI,300MV,CSI,中证指数有限公司,策略指数,20041231,20140708,CSI
H30365.CSI,文娱传媒,CSI,中证指数有限公司、上海证券交易所,主题指数,20131231,20140721,CSI
H30366.CSI,高息策略,CSI,中证指数有限公司、上海证券交易所,策略指数,20041231,20140721,CSI
H30368.CSI,中证高新,CSI,中证指数有限公司,主题指数,20140630,20140717,CSI
H30372.CSI,中证安全,CSI,中证指数有限公司、上海证券交易所,主题指数,20120629,20140721,CSI
H30373.CSI,百发100,CSI,中证指数有限公司,策略指数,20081231,20140730,CSI
H30374.CSI,中国内地全指,CSI,中证指数有限公司,规模指数,20041231,20140731,CSI
H30375.CSI,CN能源综合,CSI,中证指数有限公司,行业指数,20041231,20140731,CSI
H30376.CSI,CN材料综合,CSI,中证指数有限公司,行业指数,20041231,20140731,CSI
H30377.CSI,CN工业综合,CSI,中证指数有限公司,行业指数,20041231,20140731,CSI
H30378.CSI,CN可选综合,CSI,中证指数有限公司,行业指数,20041231,20140731,CSI
H30379.CSI,CN消费综合,CSI,中证指数有限公司,行业指数,20041231,20140731,CSI
H30380.CSI,CN医药综合,CSI,中证指数有限公司,行业指数,20041231,20140731,CSI
H30381.CSI,CN金融综合,CSI,中证指数有限公司,行业指数,20041231,20140731,CSI
H30382.CSI,CN信息综合,CSI,中证指数有限公司,行业指数,20041231,20140731,CSI
H30383.CSI,CN通信综合,CSI,中证指数有限公司,行业指数,20041231,20140731,CSI
H30384.CSI,CN公用综合,CSI,中证指数有限公司,行业指数,20041231,20140731,CSI
H30385.CSI,中国内地全指USD,CSI,中证指数有限公司,规模指数,20041231,20140731,CSI
H30386.CSI,CN能源综合USD,CSI,中证指数有限公司,行业指数,20041231,20140731,CSI
H30387.CSI,CN材料综合USD,CSI,中证指数有限公司,行业指数,20041231,20140731,CSI
H30388.CSI,CN工业综合USD,CSI,中证指数有限公司,行业指数,20041231,20140731,CSI
H30389.CSI,CN可选综合USD,CSI,中证指数有限公司,行业指数,20041231,20140731,CSI
H30390.CSI,CN消费综合USD,CSI,中证指数有限公司,行业指数,20041231,20140731,CSI
H30391.CSI,CN医药综合USD,CSI,中证指数有限公司,行业指数,20041231,20140731,CSI
H30392.CSI,CN金融综合USD,CSI,中证指数有限公司,行业指数,20041231,20140731,CSI
H30393.CSI,CN信息综合USD,CSI,中证指数有限公司,行业指数,20041231,20140731,CSI
H30394.CSI,CN通信综合USD,CSI,中证指数有限公司,行业指数,20041231,20140731,CSI
H30395.CSI,CN公用综合USD,CSI,中证指数有限公司,行业指数,20041231,20140731,CSI
H30396.CSI,高等级短融,CSI,中证指数有限公司,债券指数,20071231,20141105,CSI
H30397.CSI,高等级短融美元,CSI,中证指数有限公司,债券指数,20101231,20141201,CSI
H30398.CSI,高等级短融对冲,CSI,中证指数有限公司,债券指数,20101231,20141105,CSI
H30401.CSI,300股息点,CSI,中证指数有限公司、上海证券交易所,其他指数,20041231,20140925,CSI
H30402.CSI,500股息点,CSI,中证指数有限公司、上海证券交易所,其他指数,20041231,20140925,CSI
H30403.CSI,300日报酬两倍,CSI,中证指数有限公司,策略指数,20090630,20140902,CSI
H30404.CSI,300日报酬反向,CSI,中证指数有限公司,策略指数,20090630,20140902,CSI
H30405.CSI,300美元对冲,CSI,中证指数有限公司、上海证券交易所,策略指数,20101231,20141103,CSI
H30406.CSI,500美元对冲,CSI,中证指数有限公司、上海证券交易所,策略指数,20101231,20141103,CSI
H30418.CSI,香港100动量,CSI,中证指数有限公司,策略指数,20051230,20141024,CSI
H30419.CSI,香港200动量,CSI,中证指数有限公司,策略指数,20051230,20141024,CSI
H30420.CSI,香港50ERC,CSI,中证指数有限公司,策略指数,20051230,20141024,CSI
H30421.CSI,香港100ERC,CSI,中证指数有限公司,策略指数,20051230,20141024,CSI
H30422.CSI,香港50EW,CSI,中证指数有限公司,策略指数,20051230,20141024,CSI
H30434.CSI,香港100动量CNY,CSI,中证指数有限公司,策略指数,20051230,20141024,CSI
H30435.CSI,香港200动量CNY,CSI,中证指数有限公司,策略指数,20051230,20141024,CSI
H30436.CSI,香港50ERCCNY,CSI,中证指数有限公司,策略指数,20051230,20141024,CSI
H30437.CSI,香港100ERCCNY,CSI,中证指数有限公司,策略指数,20051230,20141024,CSI
H30438.CSI,香港50EWCNY,CSI,中证指数有限公司,策略指数,20051230,20141024,CSI
H30439.CSI,1000能源,CSI,中证指数有限公司,行业指数,20041231,20141017,CSI
H30440.CSI,1000材料,CSI,中证指数有限公司,行业指数,20041231,20141017,CSI
H30441.CSI,1000工业,CSI,中证指数有限公司,行业指数,20041231,20141017,CSI
H30442.CSI,1000可选,CSI,中证指数有限公司,行业指数,20041231,20141017,CSI
H30443.CSI,1000消费,CSI,中证指数有限公司,行业指数,20041231,20141017,CSI
H30444.CSI,1000医药,CSI,中证指数有限公司,行业指数,20041231,20141017,CSI
H30445.CSI,1000金融,CSI,中证指数有限公司,行业指数,20041231,20141017,CSI
H30446.CSI,1000信息,CSI,中证指数有限公司,行业指数,20041231,20141017,CSI
H30447.CSI,1000通信,CSI,中证指数有限公司,行业指数,20041231,20141017,CSI
H30448.CSI,1000公用,CSI,中证指数有限公司,行业指数,20041231,20141017,CSI
H30449.CSI,红利波控1,CSI,中证指数有限公司、上海证券交易所,多资产指数,20051230,20141119,CSI
H30450.CSI,红利波控2,CSI,中证指数有限公司、上海证券交易所,多资产指数,20051230,20141119,CSI
H30454.CSI,1000美元对冲,CSI,中证指数有限公司、上海证券交易所,策略指数,20101231,20141103,CSI
H30455.CSI,沪港深500,CSI,中证指数有限公司,规模指数,20041231,20141128,CSI
H30456.CSI,沪港深通中小,CSI,中证指数有限公司,规模指数,20041231,20141128,CSI
H30457.CSI,沪港深通综合,CSI,中证指数有限公司,规模指数,20041231,20141128,CSI
H30458.CSI,沪港深500能源,CSI,中证指数有限公司,行业指数,20041231,20141128,CSI
H30459.CSI,沪港深500材料,CSI,中证指数有限公司,行业指数,20041231,20141128,CSI
H30460.CSI,沪港深500工业,CSI,中证指数有限公司,行业指数,20041231,20141128,CSI
H30461.CSI,沪港深500可选,CSI,中证指数有限公司,行业指数,20041231,20141128,CSI
H30462.CSI,沪港深500消费,CSI,中证指数有限公司,行业指数,20041231,20141128,CSI
H30463.CSI,沪港深500医药,CSI,中证指数有限公司,行业指数,20041231,20141128,CSI
H30464.CSI,沪港深500金融,CSI,中证指数有限公司,行业指数,20041231,20141128,CSI
H30465.CSI,沪港深500信息,CSI,中证指数有限公司,行业指数,20041231,20141128,CSI
H30466.CSI,沪港深500通信,CSI,中证指数有限公司,行业指数,20041231,20141128,CSI
H30467.CSI,沪港深500公用,CSI,中证指数有限公司,行业指数,20041231,20141128,CSI
H30468.CSI,沪港深通中小能源综合,CSI,中证指数有限公司,行业指数,20041231,20141128,CSI
H30469.CSI,沪港深通中小材料综合,CSI,中证指数有限公司,行业指数,20041231,20141128,CSI
H30470.CSI,沪港深通中小工业综合,CSI,中证指数有限公司,行业指数,20041231,20141128,CSI
H30471.CSI,沪港深通中小可选综合,CSI,中证指数有限公司,行业指数,20041231,20141128,CSI
H30472.CSI,沪港深通中小消费综合,CSI,中证指数有限公司,行业指数,20041231,20141128,CSI
H30473.CSI,沪港深通中小医药综合,CSI,中证指数有限公司,行业指数,20041231,20141128,CSI
H30474.CSI,沪港深通中小金融综合,CSI,中证指数有限公司,行业指数,20041231,20141128,CSI
H30475.CSI,沪港深通中小信息综合,CSI,中证指数有限公司,行业指数,20041231,20141128,CSI
H30476.CSI,沪港深通中小通信综合,CSI,中证指数有限公司,行业指数,20041231,20141128,CSI
H30477.CSI,沪港深通中小公用综合,CSI,中证指数有限公司,行业指数,20041231,20141128,CSI
H30478.CSI,沪港深通能源综合,CSI,中证指数有限公司,行业指数,20041231,20141128,CSI
H30479.CSI,沪港深通材料综合,CSI,中证指数有限公司,行业指数,20041231,20141128,CSI
H30480.CSI,沪港深通工业综合,CSI,中证指数有限公司,行业指数,20041231,20141128,CSI
H30481.CSI,沪港深通可选综合,CSI,中证指数有限公司,行业指数,20041231,20141128,CSI
H30482.CSI,沪港深通消费综合,CSI,中证指数有限公司,行业指数,20041231,20141128,CSI
H30483.CSI,沪港深通医药综合,CSI,中证指数有限公司,行业指数,20041231,20141128,CSI
H30484.CSI,沪港深通金融综合,CSI,中证指数有限公司,行业指数,20041231,20141128,CSI
H30485.CSI,沪港深通信息综合,CSI,中证指数有限公司,行业指数,20041231,20141128,CSI
H30486.CSI,沪港深通通信综合,CSI,中证指数有限公司,行业指数,20041231,20141128,CSI
H30487.CSI,沪港深通公用综合,CSI,中证指数有限公司,行业指数,20041231,20141128,CSI
H30488.CSI,沪港深500HKD,CSI,中证指数有限公司,规模指数,20041231,20141128,CSI
H30489.CSI,沪港深通中小HKD,CSI,中证指数有限公司,规模指数,20041231,20141128,CSI
H30490.CSI,沪港深通综合HKD,CSI,中证指数有限公司,规模指数,20041231,20141128,CSI
H30491.CSI,沪港深500能源HKD,CSI,中证指数有限公司,行业指数,20041231,20141128,CSI
H30492.CSI,沪港深500材料HKD,CSI,中证指数有限公司,行业指数,20041231,20141128,CSI
H30493.CSI,沪港深500工业HKD,CSI,中证指数有限公司,行业指数,20041231,20141128,CSI
H30494.CSI,沪港深500可选HKD,CSI,中证指数有限公司,行业指数,20041231,20141128,CSI
H30495.CSI,沪港深500消费HKD,CSI,中证指数有限公司,行业指数,20041231,20141128,CSI
H30496.CSI,沪港深500医药HKD,CSI,中证指数有限公司,行业指数,20041231,20141128,CSI
H30497.CSI,沪港深500金融HKD,CSI,中证指数有限公司,行业指数,20041231,20141128,CSI
H30498.CSI,沪港深500信息HKD,CSI,中证指数有限公司,行业指数,20041231,20141128,CSI
H30499.CSI,沪港深500通信HKD,CSI,中证指数有限公司,行业指数,20041231,20141128,CSI
H30500.CSI,沪港深500公用HKD,CSI,中证指数有限公司,行业指数,20041231,20141128,CSI
H30501.CSI,沪港深通中小能源综合HKD,CSI,中证指数有限公司,行业指数,20041231,20141128,CSI
H30502.CSI,沪港深通中小材料综合HKD,CSI,中证指数有限公司,行业指数,20041231,20141128,CSI
H30503.CSI,沪港深通中小工业综合HKD,CSI,中证指数有限公司,行业指数,20041231,20141128,CSI
H30504.CSI,沪港深通中小可选综合HKD,CSI,中证指数有限公司,行业指数,20041231,20141128,CSI
H30505.CSI,沪港深通中小消费综合HKD,CSI,中证指数有限公司,行业指数,20041231,20141128,CSI
H30506.CSI,沪港深通中小医药综合HKD,CSI,中证指数有限公司,行业指数,20041231,20141128,CSI
H30507.CSI,沪港深通中小金融综合HKD,CSI,中证指数有限公司,行业指数,20041231,20141128,CSI
H30508.CSI,沪港深通中小信息综合HKD,CSI,中证指数有限公司,行业指数,20041231,20141128,CSI
H30509.CSI,沪港深通中小通信综合HKD,CSI,中证指数有限公司,行业指数,20041231,20141128,CSI
H30510.CSI,沪港深通中小公用综合HKD,CSI,中证指数有限公司,行业指数,20041231,20141128,CSI
H30511.CSI,沪港深通能源综合HKD,CSI,中证指数有限公司,行业指数,20041231,20141128,CSI
H30512.CSI,沪港深通材料综合HKD,CSI,中证指数有限公司,行业指数,20041231,20141128,CSI
H30513.CSI,沪港深通工业综合HKD,CSI,中证指数有限公司,行业指数,20041231,20141128,CSI
H30514.CSI,沪港深通可选综合HKD,CSI,中证指数有限公司,行业指数,20041231,20141128,CSI
H30515.CSI,沪港深通消费综合HKD,CSI,中证指数有限公司,行业指数,20041231,20141128,CSI
H30516.CSI,沪港深通医药综合HKD,CSI,中证指数有限公司,行业指数,20041231,20141128,CSI
H30517.CSI,沪港深通金融综合HKD,CSI,中证指数有限公司,行业指数,20041231,20141128,CSI
H30518.CSI,沪港深通信息综合HKD,CSI,中证指数有限公司,行业指数,20041231,20141128,CSI
H30519.CSI,沪港深通通信综合HKD,CSI,中证指数有限公司,行业指数,20041231,20141128,CSI
H30520.CSI,沪港深通公用综合HKD,CSI,中证指数有限公司,行业指数,20041231,20141128,CSI
H30521.CSI,中证中票100,CSI,中证指数有限公司,债券指数,20081231,20141125,CSI
H30524.CSI,500ERC,CSI,中证指数有限公司,策略指数,20041231,20150106,CSI
H30525.CSI,300SER,CSI,中证指数有限公司,策略指数,20041231,20150106,CSI
H30526.CSI,500SER,CSI,中证指数有限公司,策略指数,20041231,20150106,CSI
H30527.CSI,商品短期,CSI,中证指数有限公司,期货指数,20090331,20141231,CSI
H30528.CSI,商品中期,CSI,中证指数有限公司,期货指数,20090331,20141231,CSI
H30529.CSI,农产短期,CSI,中证指数有限公司,期货指数,20090331,20141231,CSI
H30530.CSI,农产中期,CSI,中证指数有限公司,期货指数,20090331,20141231,CSI
H30531.CSI,精工制造,CSI,中证指数有限公司,主题指数,20041231,20141218,CSI
H30532.CSI,资源优选,CSI,中证指数有限公司,主题指数,20041231,20141218,CSI
H30533.CSI,中国互联网50,CSI,中证指数有限公司,主题指数,20070629,20141229,CSI
H30534.CSI,中国互联网50USD,CSI,中证指数有限公司,主题指数,20070629,20141229,CSI
H30535.CSI,互联网,CSI,中证指数有限公司,主题指数,20120629,20150112,CSI
H30537.CSI,淘金100,CSI,中证指数有限公司,主题指数,20091231,20150121,CSI
H30544.CSI,沪港深通上游,CSI,中证指数有限公司,主题指数,20041231,20150313,CSI
H30545.CSI,沪港深通中游,CSI,中证指数有限公司,主题指数,20041231,20150313,CSI
H30546.CSI,沪港深通下游,CSI,中证指数有限公司,主题指数,20041231,20150313,CSI
H30547.CSI,沪港深通周期,CSI,中证指数有限公司,主题指数,20041231,20150313,CSI
H30548.CSI,沪港深通非周期,CSI,中证指数有限公司,主题指数,20041231,20150313,CSI
H30550.CSI,沪港深通金融服务,CSI,中证指数有限公司,主题指数,20041231,20150313,CSI
H30551.CSI,沪港深通现代服务,CSI,中证指数有限公司,主题指数,20041231,20150313,CSI
H30552.CSI,沪港深通TMT,CSI,中证指数有限公司,主题指数,20041231,20150313,CSI
H30554.CSI,沪港深通信息产业,CSI,中证指数有限公司,主题指数,20041231,20150313,CSI
H30555.CSI,沪港深通银行,CSI,中证指数有限公司,主题指数,20041231,20150313,CSI
H30556.CSI,沪港深通运输,CSI,中证指数有限公司,主题指数,20041231,20150313,CSI
H30557.CSI,沪港深通资源,CSI,中证指数有限公司,主题指数,20041231,20150313,CSI
H30558.CSI,沪港深通基建,CSI,中证指数有限公司,主题指数,20041231,20150313,CSI
H30559.CSI,沪港深通物流,CSI,中证指数有限公司,主题指数,20041231,20150313,CSI
H30560.CSI,沪港深通休闲,CSI,中证指数有限公司,主题指数,20041231,20150313,CSI
H30561.CSI,沪港深500上游,CSI,中证指数有限公司,主题指数,20041231,20150313,CSI
H30562.CSI,沪港深500中游,CSI,中证指数有限公司,主题指数,20041231,20150313,CSI
H30563.CSI,沪港深500下游,CSI,中证指数有限公司,主题指数,20041231,20150313,CSI
H30564.CSI,沪港深500周期,CSI,中证指数有限公司,主题指数,20041231,20150313,CSI
H30565.CSI,沪港深500非周期,CSI,中证指数有限公司,主题指数,20041231,20150313,CSI
H30566.CSI,沪港深通上游HKD,CSI,中证指数有限公司,主题指数,20041231,20150313,CSI
H30567.CSI,沪港深通中游HKD,CSI,中证指数有限公司,主题指数,20041231,20150313,CSI
H30568.CSI,沪港深通下游HKD,CSI,中证指数有限公司,主题指数,20041231,20150313,CSI
H30569.CSI,沪港深通周期HKD,CSI,中证指数有限公司,主题指数,20041231,20150313,CSI
H30570.CSI,沪港深通非周期HKD,CSI,中证指数有限公司,主题指数,20041231,20150313,CSI
H30572.CSI,沪港深通金融服务HKD,CSI,中证指数有限公司,主题指数,20041231,20150313,CSI
H30573.CSI,沪港深通现代服务HKD,CSI,中证指数有限公司,主题指数,20041231,20150313,CSI
H30574.CSI,沪港深通TMTHKD,CSI,中证指数有限公司,主题指数,20041231,20150313,CSI
H30576.CSI,沪港深通信息产业HKD,CSI,中证指数有限公司,主题指数,20041231,20150313,CSI
H30577.CSI,沪港深通银行HKD,CSI,中证指数有限公司,主题指数,20041231,20150313,CSI
H30578.CSI,沪港深通运输HKD,CSI,中证指数有限公司,主题指数,20041231,20150313,CSI
H30579.CSI,沪港深通资源HKD,CSI,中证指数有限公司,主题指数,20041231,20150313,CSI
H30580.CSI,沪港深通基建HKD,CSI,中证指数有限公司,主题指数,20041231,20150313,CSI
H30581.CSI,沪港深通物流HKD,CSI,中证指数有限公司,主题指数,20041231,20150313,CSI
H30582.CSI,沪港深通休闲HKD,CSI,中证指数有限公司,主题指数,20041231,20150313,CSI
H30583.CSI,沪港深500上游HKD,CSI,中证指数有限公司,主题指数,20041231,20150313,CSI
H30584.CSI,沪港深500中游HKD,CSI,中证指数有限公司,主题指数,20041231,20150313,CSI
H30585.CSI,沪港深500下游HKD,CSI,中证指数有限公司,主题指数,20041231,20150313,CSI
H30586.CSI,沪港深500周期HKD,CSI,中证指数有限公司,主题指数,20041231,20150313,CSI
H30587.CSI,沪港深500非周期HKD,CSI,中证指数有限公司,主题指数,20041231,20150313,CSI
H30588.CSI,中证证保,CSI,中证指数有限公司,主题指数,20091231,20150202,CSI
H30590.CSI,机器人,CSI,中证指数有限公司,主题指数,20101231,20150210,CSI
H30597.CSI,新材料,CSI,中证指数有限公司,主题指数,20081231,20150213,CSI
H40001.CSI,180能源全收益,CSI,中证指数有限公司、上海证券交易所,行业指数,20031231,20120629,CSI
H40002.CSI,180材料全收益,CSI,中证指数有限公司、上海证券交易所,行业指数,20031231,20120629,CSI
H40003.CSI,180工业全收益,CSI,中证指数有限公司、上海证券交易所,行业指数,20031231,20120629,CSI
H40004.CSI,180可选全收益,CSI,中证指数有限公司、上海证券交易所,行业指数,20031231,20120629,CSI
H40005.CSI,180消费全收益,CSI,中证指数有限公司、上海证券交易所,行业指数,20031231,20120629,CSI
H40006.CSI,180医药全收益,CSI,中证指数有限公司、上海证券交易所,行业指数,20031231,20120629,CSI
H40007.CSI,180金融地产全收益,CSI,中证指数有限公司、上海证券交易所,主题指数,20031231,20120629,CSI
H40008.CSI,180信息全收益,CSI,中证指数有限公司、上海证券交易所,行业指数,20031231,20120629,CSI
H40009.CSI,180通信全收益,CSI,中证指数有限公司、上海证券交易所,行业指数,20031231,20120629,CSI
H40010.CSI,180公用全收益,CSI,中证指数有限公司、上海证券交易所,行业指数,20031231,20120629,CSI
H40011.CSI,沪环渤海全收益,CSI,中证指数有限公司、上海证券交易所,主题指数,20031231,20120927,CSI
H40012.CSI,沪长三角全收益,CSI,中证指数有限公司、上海证券交易所,主题指数,20031231,20120927,CSI
H40013.CSI,沪珠三角全收益,CSI,中证指数有限公司、上海证券交易所,主题指数,20031231,20120927,CSI
H40014.CSI,沪中部全收益,CSI,中证指数有限公司、上海证券交易所,主题指数,20031231,20120927,CSI
H40015.CSI,沪西部全收益,CSI,中证指数有限公司、上海证券交易所,主题指数,20031231,20120927,CSI
H40016.CSI,沪东北全收益,CSI,中证指数有限公司、上海证券交易所,主题指数,20031231,20120927,CSI
H40017.CSI,沪信息业全收益,CSI,中证指数有限公司、上海证券交易所,主题指数,20051230,20121220,CSI
H40018.CSI,上证文化全收益,CSI,中证指数有限公司、上海证券交易所,主题指数,20120629,20130326,CSI
H40019.CSI,上红回报全收益,CSI,中证指数有限公司、上海证券交易所,策略指数,20051230,20130327,CSI
H40020.CSI,上红潜力全收益,CSI,中证指数有限公司、上海证券交易所,策略指数,20051230,20130702,CSI
H40021.CSI,沪能源红全收益,CSI,中证指数有限公司、上海证券交易所,策略指数,20051230,20130702,CSI
H40022.CSI,沪材料红全收益,CSI,中证指数有限公司、上海证券交易所,策略指数,20051230,20130702,CSI
H40023.CSI,沪工业红全收益,CSI,中证指数有限公司、上海证券交易所,策略指数,20051230,20130702,CSI
H40024.CSI,沪可选红全收益,CSI,中证指数有限公司、上海证券交易所,策略指数,20051230,20130702,CSI
H40025.CSI,沪消费红全收益,CSI,中证指数有限公司、上海证券交易所,策略指数,20051230,20130702,CSI
H40026.CSI,沪医药红全收益,CSI,中证指数有限公司、上海证券交易所,策略指数,20051230,20130702,CSI
H40027.CSI,沪金融红全收益,CSI,中证指数有限公司、上海证券交易所,策略指数,20051230,20130702,CSI
H40028.CSI,沪信息红全收益,CSI,中证指数有限公司、上海证券交易所,策略指数,20051230,20130702,CSI
H40029.CSI,沪通信红全收益,CSI,中证指数有限公司、上海证券交易所,策略指数,20051230,20130702,CSI
H40030.CSI,沪公用红全收益,CSI,中证指数有限公司、上海证券交易所,策略指数,20051230,20130702,CSI
H40031.CSI,沪绿色城全收益,CSI,中证指数有限公司、上海证券交易所,主题指数,20120629,20130826,CSI
H40032.CSI,沪城交通全收益,CSI,中证指数有限公司、上海证券交易所,主题指数,20120629,20130826,CSI
H40033.CSI,沪城消费全收益,CSI,中证指数有限公司、上海证券交易所,主题指数,20120629,20130826,CSI
H40034.CSI,沪城基建全收益,CSI,中证指数有限公司、上海证券交易所,主题指数,20120629,20130826,CSI
H40035.CSI,沪智交通全收益,CSI,中证指数有限公司、上海证券交易所,主题指数,20120629,20130826,CSI
H40036.CSI,上证军工全收益,CSI,中证指数有限公司、上海证券交易所,主题指数,20041231,20131226,CSI
H40037.CSI,上证城镇全收益,CSI,中证指数有限公司、上海证券交易所,主题指数,20120629,20130826,CSI
H40038.CSI,沪智慧城全收益,CSI,中证指数有限公司、上海证券交易所,主题指数,20120629,20130826,CSI
H40039.CSI,上证TMT全收益,CSI,中证指数有限公司、上海证券交易所,主题指数,20110630,20131225,CSI
H40040.CSI,上红低波全收益,CSI,中证指数有限公司、上海证券交易所,策略指数,20051230,20140321,CSI
H40041.CSI,上证投资级转债及可交换债(净),CSI,中证指数有限公司,债券指数,20081231,20190425,CSI
H40042.CSI,上红价值全收益,CSI,中证指数有限公司、上海证券交易所,策略指数,20051230,20140321,CSI
H40043.CSI,上证养老全收益,CSI,中证指数有限公司、上海证券交易所,主题指数,20051230,20140606,CSI
H40044.CSI,上证健康全收益,CSI,中证指数有限公司、上海证券交易所,主题指数,20131231,20140606,CSI
H40045.CSI,上证5年期地债(净),CSI,中证指数有限公司,债券指数,20131231,20190129,CSI
H40046.CSI,上证3年期地债(净),CSI,中证指数有限公司,债券指数,20131231,20190129,CSI
H40047.CSI,上证1-5年期地债(净),CSI,中证指数有限公司,债券指数,20131231,20190425,CSI
H40050.CSI,沪红利配置全收益,CSI,中证指数有限公司,多资产指数,20131231,20190422,CSI
H40051.CSI,沪转债L(净),CSI,中证指数有限公司、上海证券交易所,债券指数,20081231,20191115,CSI
H40052.CSI,上国改革全收益,CSI,中证指数有限公司、上海证券交易所,主题指数,20140331,20141028,CSI
H40053.CSI,上证移动全收益,CSI,中证指数有限公司、上海证券交易所,主题指数,20120629,20140711,CSI
H40054.CSI,上证休闲全收益,CSI,中证指数有限公司、上海证券交易所,主题指数,20131231,20140721,CSI
H40055.CSI,沪大农业全收益,CSI,中证指数有限公司,主题指数,20131231,20140722,CSI
H40056.CSI,沪智家居全收益,CSI,中证指数有限公司、上海证券交易所,主题指数,20120629,20140917,CSI
H40057.CSI,180动量全收益,CSI,中证指数有限公司、上海证券交易所,策略指数,20041231,20141113,CSI
H40058.CSI,380动量全收益,CSI,中证指数有限公司、上海证券交易所,策略指数,20041231,20141113,CSI
H40067.CSI,180ERC全收益,CSI,中证指数有限公司、上海证券交易所,策略指数,20041231,20150316,CSI
H40068.CSI,380ERC全收益,CSI,中证指数有限公司、上海证券交易所,策略指数,20041231,20150316,CSI
H40069.CSI,港股通全收益,CSI,中证指数有限公司、上海证券交易所,主题指数,20141114,20150216,CSI
H40070.CSI,上证汽车全收益,CSI,中证指数有限公司、上海证券交易所,主题指数,20041231,20150421,CSI
H40071.CSI,上证基建全收益,CSI,中证指数有限公司、上海证券交易所,主题指数,20041231,20150421,CSI
H40072.CSI,沪信安全全收益,CSI,中证指数有限公司、上海证券交易所,主题指数,20101231,20150713,CSI
H40073.CSI,沪互联网全收益,CSI,中证指数有限公司、上海证券交易所,主题指数,20120629,20150529,CSI
H40074.CSI,沪互金融全收益,CSI,中证指数有限公司、上海证券交易所,主题指数,20120629,20150529,CSI
H40075.CSI,沪现代农全收益,CSI,中证指数有限公司、上海证券交易所,主题指数,20101231,20150713,CSI
H40079.CSI,上证混改全收益,CSI,中证指数有限公司,主题指数,20131231,20150803,CSI
H40080.CSI,中小企改全收益,CSI,中证指数有限公司,主题指数,20131231,20150803,CSI
H40081.CSI,180碳效全收益,CSI,中证指数有限公司、上海证券交易所,主题指数,20130628,20151008,CSI
H40082.CSI,上海改革全收益,CSI,中证指数有限公司,主题指数,20111231,20150803,CSI
H40085.CSI,沪物联网全收益,CSI,中证指数有限公司、上海证券交易所,主题指数,20120629,20151029,CSI
H40086.CSI,沪自贸区全收益,CSI,中证指数有限公司,主题指数,20131231,20151127,CSI
H40087.CSI,上证海洋全收益,CSI,中证指数有限公司,主题指数,20091231,20151127,CSI
H40088.CSI,沪轻资产全收益,CSI,中证指数有限公司,主题指数,20041231,20151127,CSI
H40089.CSI,上证电子全收益,CSI,中证指数有限公司,主题指数,20041231,20151127,CSI
H40090.CSI,50AH优选(全),CSI,中证指数有限公司,策略指数,20041231,20151210,CSI
H40091.CSI,50AH优选(全)HKD,CSI,中证指数有限公司,策略指数,20041231,20151210,CSI
H40092.CSI,上证180优选(全),CSI,中证指数有限公司,策略指数,20041231,20151210,CSI
H40093.CSI,上证180优选(全)HKD,CSI,中证指数有限公司,策略指数,20041231,20151210,CSI
H40094.CSI,上证增持全收益,CSI,中证指数有限公司,策略指数,20111231,20160411,CSI
H40095.CSI,上证定增全收益,CSI,中证指数有限公司,策略指数,20111231,20160411,CSI
H40096.CSI,上海国企全收益,CSI,中证指数有限公司、上海证券交易所,主题指数,20121231,20160511,CSI
H40097.CSI,沪供给侧全收益,CSI,中证指数有限公司,主题指数,20131231,20160624,CSI
H40098.CSI,180SNLV全收益,CSI,中证指数有限公司,策略指数,20041231,20160624,CSI
H40099.CSI,380SNLV全收益,CSI,中证指数有限公司,策略指数,20041231,20160624,CSI
H40100.CSI,上高股息全收益,CSI,中证指数有限公司,策略指数,20041231,20160712,CSI
H40101.CSI,沪智能造全收益,CSI,中证指数有限公司,主题指数,20120629,20160720,CSI
H40102.CSI,上证周期债(净),CSI,中证指数有限公司、上海证券交易所,债券指数,20071231,20160819,CSI
801001.SI,申万50,SW,上海申银万国证券研究所有限公司,规模指数,19991230,20040921,SW
801002.SI,申万中小,SW,上海申银万国证券研究所有限公司,规模指数,20040705,20040921,SW
801003.SI,申万A指,SW,上海申银万国证券研究所有限公司,规模指数,19991230,20040921,SW
801004.SI,申万股改,SW,上海申银万国证券研究所有限公司,主题指数,20050815,20050815,SW
801005.SI,申万创业,SW,上海申银万国证券研究所有限公司,规模指数,20091105,20091106,SW
801006.SI,申万A股主板,SW,上海申银万国证券研究所有限公司,综合指数,19991231,,SW
801007.SI,申万宏源专精特新,SW,上海申银万国证券研究所有限公司,主题指数,20181231,20211222,SW
801010.SI,申万农林牧渔,SW,上海申银万国证券研究所有限公司,行业指数,19991230,20031015,SW
801011.SI,申万林业Ⅱ,SW,上海申银万国证券研究所有限公司,行业指数,19991230,20031015,SW
801012.SI,申万农产品加工,SW,上海申银万国证券研究所有限公司,行业指数,19991230,20031015,SW
801013.SI,申万农业综合Ⅱ,SW,上海申银万国证券研究所有限公司,行业指数,19991230,20031015,SW
801014.SI,申万饲料Ⅱ,SW,上海申银万国证券研究所有限公司,行业指数,19991230,20031015,SW
801015.SI,申万渔业,SW,上海申银万国证券研究所有限公司,行业指数,19991230,20031015,SW
801016.SI,申万种植业,SW,上海申银万国证券研究所有限公司,行业指数,19991230,20031015,SW
801017.SI,申万养殖业,SW,上海申银万国证券研究所有限公司,行业指数,19991230,20111010,SW
801018.SI,申万动物保健Ⅱ,SW,上海申银万国证券研究所有限公司,行业指数,19991230,20111010,SW
801019.SI,申万农业综合Ⅱ,SW,上海申银万国证券研究所有限公司,行业指数,19991230,20211213,SW
801020.SI,申万采掘,SW,上海申银万国证券研究所有限公司,行业指数,19991230,20031015,SW
801021.SI,申万煤炭开采Ⅱ,SW,上海申银万国证券研究所有限公司,行业指数,19991230,20031015,SW
801022.SI,申万其他采掘Ⅱ,SW,上海申银万国证券研究所有限公司,行业指数,19991230,20031015,SW
801023.SI,申万石油开采Ⅱ,SW,上海申银万国证券研究所有限公司,行业指数,19991230,20031015,SW
801024.SI,申万采掘服务,SW,上海申银万国证券研究所有限公司,行业指数,19991230,20111010,SW
801030.SI,申万基础化工Ⅰ,SW,上海申银万国证券研究所有限公司,行业指数,19991230,20031015,SW
801031.SI,申万化工新材料,SW,上海申银万国证券研究所有限公司,行业指数,19991230,20031015,SW
801032.SI,申万化学纤维,SW,上海申银万国证券研究所有限公司,行业指数,19991230,20031015,SW
801033.SI,申万化学原料,SW,上海申银万国证券研究所有限公司,行业指数,19991230,20031015,SW
801034.SI,申万化学制品,SW,上海申银万国证券研究所有限公司,行业指数,19991230,20031015,SW
801035.SI,申万石油化工,SW,上海申银万国证券研究所有限公司,行业指数,19991230,20031015,SW
801036.SI,申万塑料,SW,上海申银万国证券研究所有限公司,行业指数,19991230,20031015,SW
801037.SI,申万橡胶,SW,上海申银万国证券研究所有限公司,行业指数,19991230,20031015,SW
801038.SI,申万农化制品,SW,上海申银万国证券研究所有限公司,行业指数,19991230,20211213,SW
801039.SI,申万非金属材料Ⅱ,SW,上海申银万国证券研究所有限公司,行业指数,19991230,20211213,SW
801040.SI,申万钢铁Ⅰ,SW,上海申银万国证券研究所有限公司,行业指数,19991230,20031015,SW
801041.SI,申万钢铁Ⅱ,SW,上海申银万国证券研究所有限公司,行业指数,19991230,20031015,SW
801042.SI,申万金属制品Ⅱ,SW,上海申银万国证券研究所有限公司,行业指数,19991230,20031015,SW
801043.SI,申万冶钢原料,SW,上海申银万国证券研究所有限公司,行业指数,19991230,20211213,SW
801044.SI,申万普钢Ⅱ,SW,上海申银万国证券研究所有限公司,行业指数,19991230,20211213,SW
801045.SI,申万特钢Ⅱ,SW,上海申银万国证券研究所有限公司,行业指数,19991230,20211213,SW
801050.SI,申万有色金属,SW,上海申银万国证券研究所有限公司,行业指数,19991230,20031015,SW
801051.SI,申万金属新材料,SW,上海申银万国证券研究所有限公司,行业指数,19991230,20031015,SW
801052.SI,申万有色金属冶炼,SW,上海申银万国证券研究所有限公司,行业指数,19991230,20031015,SW
801053.SI,申万贵金属,SW,上海申银万国证券研究所有限公司,行业指数,19991230,20140221,SW
801054.SI,申万小金属Ⅱ,SW,上海申银万国证券研究所有限公司,行业指数,19991230,20140221,SW
801055.SI,申万工业金属,SW,上海申银万国证券研究所有限公司,行业指数,19991230,20140221,SW
801056.SI,申万能源金属,SW,上海申银万国证券研究所有限公司,行业指数,19991230,20211213,SW
801060.SI,申万建筑建材,SW,上海申银万国证券研究所有限公司,行业指数,19991230,20031015,SW
801061.SI,申万建筑材料Ⅱ,SW,上海申银万国证券研究所有限公司,行业指数,19991230,20031015,SW
801062.SI,申万建筑装饰Ⅱ,SW,上海申银万国证券研究所有限公司,行业指数,19991230,20031015,SW
801070.SI,申万机械设备Ⅰ,SW,上海申银万国证券研究所有限公司,行业指数,19991230,20031015,SW
801071.SI,申万电气设备,SW,上海申银万国证券研究所有限公司,行业指数,19991230,20031015,SW
801072.SI,申万通用设备,SW,上海申银万国证券研究所有限公司,行业指数,19991230,20031015,SW
801073.SI,申万仪器仪表Ⅱ,SW,上海申银万国证券研究所有限公司,行业指数,19991230,20031015,SW
801074.SI,申万专用设备,SW,上海申银万国证券研究所有限公司,行业指数,19991230,20031015,SW
801075.SI,申万金属制品Ⅱ,SW,上海申银万国证券研究所有限公司,行业指数,19991230,20031015,SW
801076.SI,申万轨交设备Ⅱ,SW,上海申银万国证券研究所有限公司,行业指数,19991230,20140221,SW
801077.SI,申万工程机械Ⅱ,SW,上海申银万国证券研究所有限公司,行业指数,19991230,20211213,SW
801078.SI,申万自动化设备,SW,上海申银万国证券研究所有限公司,行业指数,19991230,20211213,SW
801080.SI,申万电子,SW,上海申银万国证券研究所有限公司,行业指数,19991230,20031015,SW
801081.SI,申万半导体,SW,上海申银万国证券研究所有限公司,行业指数,19991230,20031015,SW
801082.SI,申万其他电子Ⅱ,SW,上海申银万国证券研究所有限公司,行业指数,19991230,20031015,SW
801083.SI,申万元件Ⅱ,SW,上海申银万国证券研究所有限公司,行业指数,19991230,20031015,SW
801084.SI,申万光学光电子,SW,上海申银万国证券研究所有限公司,行业指数,19991230,20031015,SW
801085.SI,申万消费电子,SW,上海申银万国证券研究所有限公司,行业指数,19991230,20111010,SW
801086.SI,申万电子化学品Ⅱ,SW,上海申银万国证券研究所有限公司,行业指数,19991230,20211213,SW
801090.SI,申万交运设备,SW,上海申银万国证券研究所有限公司,行业指数,19991230,20031015,SW
801091.SI,申万非汽车交运设备,SW,上海申银万国证券研究所有限公司,行业指数,19991230,20031015,SW
801092.SI,申万汽车服务Ⅱ,SW,上海申银万国证券研究所有限公司,行业指数,19991230,20031015,SW
801093.SI,申万汽车零部件Ⅱ,SW,上海申银万国证券研究所有限公司,行业指数,19991230,20031015,SW
801094.SI,申万汽车整车,SW,上海申银万国证券研究所有限公司,行业指数,19991230,20031015,SW
801095.SI,申万乘用车Ⅱ,SW,上海申银万国证券研究所有限公司,行业指数,19991230,20211213,SW
801096.SI,申万商用车,SW,上海申银万国证券研究所有限公司,行业指数,19991230,20211213,SW
801100.SI,申万信息设备,SW,上海申银万国证券研究所有限公司,行业指数,19991230,20031015,SW
801101.SI,申万计算机设备Ⅱ,SW,上海申银万国证券研究所有限公司,行业指数,19991230,20031015,SW
801102.SI,申万通信设备,SW,上海申银万国证券研究所有限公司,行业指数,19991230,20031015,SW
801103.SI,申万IT服务Ⅱ,SW,上海申银万国证券研究所有限公司,行业指数,19991230,20211213,SW
801104.SI,申万软件开发Ⅱ,SW,上海申银万国证券研究所有限公司,行业指数,19991230,20211213,SW
801110.SI,申万家用电器,SW,上海申银万国证券研究所有限公司,行业指数,19991230,20031015,SW
801111.SI,申万白色家电,SW,上海申银万国证券研究所有限公司,行业指数,19991230,20031015,SW
801112.SI,申万黑色家电,SW,上海申银万国证券研究所有限公司,行业指数,19991230,20031015,SW
801113.SI,申万小家电Ⅱ,SW,上海申银万国证券研究所有限公司,行业指数,19991230,20211213,SW
801114.SI,申万厨卫电器,SW,上海申银万国证券研究所有限公司,行业指数,19991230,20211213,SW
801115.SI,申万照明设备Ⅱ,SW,上海申银万国证券研究所有限公司,行业指数,19991230,20211213,SW
801116.SI,申万家电零部件Ⅱ,SW,上海申银万国证券研究所有限公司,行业指数,19991230,20211213,SW
801117.SI,申万其他家电Ⅱ,SW,上海申银万国证券研究所有限公司,行业指数,19991230,20211213,SW
801120.SI,申万食品饮料,SW,上海申银万国证券研究所有限公司,行业指数,19991230,20031015,SW
801121.SI,申万食品加工Ⅱ,SW,上海申银万国证券研究所有限公司,行业指数,19991230,20031015,SW
801122.SI,申万食品制造,SW,上海申银万国证券研究所有限公司,行业指数,19991230,20031015,SW
801123.SI,申万饮料制造,SW,上海申银万国证券研究所有限公司,行业指数,19991230,20031015,SW
801124.SI,申万食品加工Ⅱ,SW,上海申银万国证券研究所有限公司,行业指数,19991230,20111010,SW
801125.SI,申万白酒Ⅱ,SW,上海申银万国证券研究所有限公司,行业指数,19991230,20211213,SW
801126.SI,申万非白酒,SW,上海申银万国证券研究所有限公司,行业指数,19991230,20211213,SW
801127.SI,申万饮料乳品,SW,上海申银万国证券研究所有限公司,行业指数,19991230,20211213,SW
801128.SI,申万休闲食品,SW,上海申银万国证券研究所有限公司,行业指数,19991230,20211213,SW
801129.SI,申万调味发酵品Ⅱ,SW,上海申银万国证券研究所有限公司,行业指数,19991230,20211213,SW
801130.SI,申万纺织服饰,SW,上海申银万国证券研究所有限公司,行业指数,19991230,20031015,SW
801131.SI,申万纺织制造,SW,上海申银万国证券研究所有限公司,行业指数,19991230,20031015,SW
801132.SI,申万服装家纺,SW,上海申银万国证券研究所有限公司,行业指数,19991230,20031015,SW
801133.SI,申万饰品,SW,上海申银万国证券研究所有限公司,行业指数,19991230,20211213,SW
801140.SI,申万轻工制造,SW,上海申银万国证券研究所有限公司,行业指数,19991230,20031015,SW
801141.SI,申万包装印刷Ⅱ,SW,上海申银万国证券研究所有限公司,行业指数,19991230,20031015,SW
801142.SI,申万家居用品,SW,上海申银万国证券研究所有限公司,行业指数,19991230,20031015,SW
801143.SI,申万造纸Ⅱ,SW,上海申银万国证券研究所有限公司,行业指数,19991230,20031015,SW
801144.SI,申万其他轻工制造Ⅱ,SW,上海申银万国证券研究所有限公司,行业指数,19991230,20111010,SW
801145.SI,申万文娱用品Ⅱ,SW,上海申银万国证券研究所有限公司,行业指数,19991230,20211213,SW
801150.SI,申万医药生物,SW,上海申银万国证券研究所有限公司,行业指数,19991230,20031015,SW
801151.SI,申万化学制药,SW,上海申银万国证券研究所有限公司,行业指数,19991230,20031015,SW
801152.SI,申万生物制品Ⅱ,SW,上海申银万国证券研究所有限公司,行业指数,19991230,20031015,SW
801153.SI,申万医疗器械Ⅱ,SW,上海申银万国证券研究所有限公司,行业指数,19991230,20031015,SW
801154.SI,申万医药商业Ⅱ,SW,上海申银万国证券研究所有限公司,行业指数,19991230,20031015,SW
801155.SI,申万中药Ⅱ,SW,上海申银万国证券研究所有限公司,行业指数,19991230,20031015,SW
801156.SI,申万医疗服务Ⅱ,SW,上海申银万国证券研究所有限公司,行业指数,19991230,20070702,SW
801160.SI,申万公用事业,SW,上海申银万国证券研究所有限公司,行业指数,19991230,20031015,SW
801161.SI,申万电力,SW,上海申银万国证券研究所有限公司,行业指数,19991230,20031015,SW
801162.SI,申万环保工程及服务Ⅱ,SW,上海申银万国证券研究所有限公司,行业指数,19991230,20031015,SW
801163.SI,申万燃气Ⅱ,SW,上海申银万国证券研究所有限公司,行业指数,19991230,20031015,SW
801164.SI,申万水务Ⅱ,SW,上海申银万国证券研究所有限公司,行业指数,19991230,20031015,SW
801170.SI,申万交通运输,SW,上海申银万国证券研究所有限公司,行业指数,19991230,20031015,SW
801171.SI,申万港口Ⅱ,SW,上海申银万国证券研究所有限公司,行业指数,19991230,20031015,SW
801172.SI,申万公交Ⅱ,SW,上海申银万国证券研究所有限公司,行业指数,19991230,20031015,SW
801173.SI,申万航空运输Ⅱ,SW,上海申银万国证券研究所有限公司,行业指数,19991230,20031015,SW
801174.SI,申万机场Ⅱ,SW,上海申银万国证券研究所有限公司,行业指数,19991230,20031015,SW
801175.SI,申万高速公路Ⅱ,SW,上海申银万国证券研究所有限公司,行业指数,19991230,20031015,SW
801176.SI,申万航运Ⅱ,SW,上海申银万国证券研究所有限公司,行业指数,19991230,20031015,SW
801177.SI,申万铁路运输Ⅱ,SW,上海申银万国证券研究所有限公司,行业指数,19991230,20031015,SW
801178.SI,申万物流Ⅱ,SW,上海申银万国证券研究所有限公司,行业指数,19991230,20031015,SW
801179.SI,申万铁路公路,SW,上海申银万国证券研究所有限公司,行业指数,19991230,20211213,SW
801180.SI,申万房地产,SW,上海申银万国证券研究所有限公司,行业指数,19991230,20031015,SW
801181.SI,申万房地产开发,SW,上海申银万国证券研究所有限公司,行业指数,19991230,20031015,SW
801182.SI,申万园区开发Ⅱ,SW,上海申银万国证券研究所有限公司,行业指数,19991230,20031015,SW
801183.SI,申万房地产服务,SW,上海申银万国证券研究所有限公司,行业指数,19991230,20211213,SW
801190.SI,申万金融服务,SW,上海申银万国证券研究所有限公司,行业指数,19991230,20031015,SW
801191.SI,申万多元金融Ⅱ,SW,上海申银万国证券研究所有限公司,行业指数,19991230,20031015,SW
801192.SI,申万银行Ⅱ,SW,上海申银万国证券研究所有限公司,行业指数,19991230,20031015,SW
801193.SI,申万证券Ⅱ,SW,上海申银万国证券研究所有限公司,行业指数,19991230,20031015,SW
801194.SI,申万保险Ⅱ,SW,上海申银万国证券研究所有限公司,行业指数,19991230,20031015,SW
801200.SI,申万商贸零售,SW,上海申银万国证券研究所有限公司,行业指数,19991230,20031015,SW
801201.SI,申万零售,SW,上海申银万国证券研究所有限公司,行业指数,19991230,20031015,SW
801202.SI,申万贸易Ⅱ,SW,上海申银万国证券研究所有限公司,行业指数,19991230,20031015,SW
801203.SI,申万一般零售,SW,上海申银万国证券研究所有限公司,行业指数,19991230,20140221,SW
801204.SI,申万专业连锁Ⅱ,SW,上海申银万国证券研究所有限公司,行业指数,19991230,20140221,SW
801205.SI,申万商业物业经营Ⅱ,SW,上海申银万国证券研究所有限公司,行业指数,19991230,20140221,SW
801206.SI,申万互联网电商,SW,上海申银万国证券研究所有限公司,行业指数,19991230,20211213,SW
801207.SI,申万旅游零售Ⅱ,SW,上海申银万国证券研究所有限公司,行业指数,19991230,20211213,SW
801210.SI,申万社会服务,SW,上海申银万国证券研究所有限公司,行业指数,19991230,20031015,SW
801211.SI,申万餐饮Ⅱ,SW,上海申银万国证券研究所有限公司,行业指数,19991230,20031015,SW
801212.SI,申万景点,SW,上海申银万国证券研究所有限公司,行业指数,19991230,20031015,SW
801213.SI,申万酒店Ⅱ,SW,上海申银万国证券研究所有限公司,行业指数,19991230,20031015,SW
801214.SI,申万旅游综合Ⅱ,SW,上海申银万国证券研究所有限公司,行业指数,19991230,20031015,SW
801215.SI,申万其他休闲服务Ⅱ,SW,上海申银万国证券研究所有限公司,行业指数,19991230,20140221,SW
801216.SI,申万体育Ⅱ,SW,上海申银万国证券研究所有限公司,行业指数,19991230,20211213,SW
801217.SI,申万本地生活服务Ⅱ,SW,上海申银万国证券研究所有限公司,行业指数,19991230,20211213,SW
801218.SI,申万专业服务,SW,上海申银万国证券研究所有限公司,行业指数,19991230,20211213,SW
801219.SI,申万酒店餐饮,SW,上海申银万国证券研究所有限公司,行业指数,19991230,20211213,SW
801220.SI,申万信息服务,SW,上海申银万国证券研究所有限公司,行业指数,19991230,20031015,SW
801221.SI,申万传媒Ⅱ,SW,上海申银万国证券研究所有限公司,行业指数,19991230,20031016,SW
801222.SI,申万计算机应用Ⅱ,SW,上海申银万国证券研究所有限公司,行业指数,19991230,20031015,SW
801223.SI,申万通信服务,SW,上海申银万国证券研究所有限公司,行业指数,19991230,20031015,SW
801224.SI,申万网络服务,SW,上海申银万国证券研究所有限公司,行业指数,19991230,20031015,SW
801230.SI,申万综合,SW,上海申银万国证券研究所有限公司,行业指数,19991230,20031015,SW
801231.SI,申万综合Ⅱ,SW,上海申银万国证券研究所有限公司,行业指数,19991230,20031015,SW
801250.SI,申万制造,SW,上海申银万国证券研究所有限公司,主题指数,19991230,20110503,SW
801260.SI,申万消费,SW,上海申银万国证券研究所有限公司,主题指数,19991230,20110822,SW
801270.SI,申万投资,SW,上海申银万国证券研究所有限公司,主题指数,19991230,20110822,SW
801271.SI,大类风格-周期,SW,上海申银万国证券研究所有限公司,风格指数,20211210,20221228,SW
801272.SI,大类风格-先进制造,SW,上海申银万国证券研究所有限公司,风格指数,20211210,20221228,SW
801273.SI,大类风格-消费,SW,上海申银万国证券研究所有限公司,风格指数,20211210,20221228,SW
801274.SI,大类风格-医药医疗,SW,上海申银万国证券研究所有限公司,风格指数,20211210,20221228,SW
801275.SI,大类风格-科技(TMT),SW,上海申银万国证券研究所有限公司,风格指数,20211210,20221228,SW
801276.SI,大类风格-金融地产,SW,上海申银万国证券研究所有限公司,风格指数,20211210,20221228,SW
801280.SI,申万服务,SW,上海申银万国证券研究所有限公司,主题指数,19991230,20110822,SW
801290.SI,申万基础化工Ⅰ,SW,上海申银万国证券研究所有限公司,行业指数,19991230,20031015,SW
801300.SI,申万300指数,SW,上海申银万国证券研究所有限公司,规模指数,19991230,20031015,SW
801311.SI,申万300农林牧渔,SW,上海申银万国证券研究所有限公司,行业指数,19991230,20050527,SW
801321.SI,申万300采掘,SW,上海申银万国证券研究所有限公司,行业指数,19991230,20050527,SW
801322.SI,申万300化工,SW,上海申银万国证券研究所有限公司,行业指数,19991230,20050527,SW
801323.SI,申万300黑色金属,SW,上海申银万国证券研究所有限公司,行业指数,19991230,20050527,SW
801324.SI,申万300有色金属,SW,上海申银万国证券研究所有限公司,行业指数,19991230,20050527,SW
801325.SI,申万300建筑建材,SW,上海申银万国证券研究所有限公司,行业指数,19991230,20050527,SW
801326.SI,申万300机械设备,SW,上海申银万国证券研究所有限公司,行业指数,19991230,20050527,SW
801327.SI,申万300电子元器件,SW,上海申银万国证券研究所有限公司,行业指数,19991230,20050527,SW
801331.SI,申万300交运设备,SW,上海申银万国证券研究所有限公司,行业指数,19991230,20050527,SW
801332.SI,申万300信息设备,SW,上海申银万国证券研究所有限公司,行业指数,19991230,20050527,SW
801333.SI,申万300家用电器,SW,上海申银万国证券研究所有限公司,行业指数,19991230,20050527,SW
801334.SI,申万300食品饮料,SW,上海申银万国证券研究所有限公司,行业指数,19991230,20050527,SW
801335.SI,申万300纺织服装,SW,上海申银万国证券研究所有限公司,行业指数,19991230,20050527,SW
801336.SI,申万300轻工制造,SW,上海申银万国证券研究所有限公司,行业指数,19991230,20050527,SW
801337.SI,申万300医药生物,SW,上海申银万国证券研究所有限公司,行业指数,19991230,20050527,SW
801341.SI,申万300公用事业,SW,上海申银万国证券研究所有限公司,行业指数,19991230,20050527,SW
801342.SI,申万300交通运输,SW,上海申银万国证券研究所有限公司,行业指数,19991230,20050527,SW
801343.SI,申万300房地产,SW,上海申银万国证券研究所有限公司,行业指数,19991230,20050527,SW
801344.SI,申万300金融服务,SW,上海申银万国证券研究所有限公司,行业指数,19991230,20050527,SW
801345.SI,申万300商业贸易,SW,上海申银万国证券研究所有限公司,行业指数,19991230,20050527,SW
801346.SI,申万300餐饮旅游,SW,上海申银万国证券研究所有限公司,行业指数,19991230,20050527,SW
801347.SI,申万300信息服务,SW,上海申银万国证券研究所有限公司,行业指数,19991230,20050527,SW
801351.SI,申万300综合,SW,上海申银万国证券研究所有限公司,行业指数,19991230,20050527,SW
801615.SI,GJ稳健低波固收+,SW,上海申银万国证券研究所有限公司,基金指数,20251212,20251212,SW
801616.SI,申万宏源高夏普基金,SW,上海申银万国证券研究所有限公司,基金指数,20091231,20220304,SW
801630.SI,华安ETF稳健大类配置,SW,上海申银万国证券研究所有限公司,基金指数,20181228,20251231,SW
801631.SI,华安ETF积极大类配置,SW,上海申银万国证券研究所有限公司,基金指数,20181228,20251231,SW
801632.SI,华安ETF科技成长,SW,上海申银万国证券研究所有限公司,基金指数,20181228,20251231,SW
801636.SI,华安ETF价值均衡,SW,上海申银万国证券研究所有限公司,基金指数,20181228,20251231,SW
801637.SI,银华ETF行业轮动,SW,上海申银万国证券研究所有限公司,基金指数,20201231,20230815,SW
801638.SI,华安ETF行业配置,SW,上海申银万国证券研究所有限公司,基金指数,20181228,20251231,SW
801639.SI,华安ETF大类资产配置,SW,上海申银万国证券研究所有限公司,基金指数,20181228,20251231,SW
801710.SI,申万建筑材料Ⅰ,SW,上海申银万国证券研究所有限公司,行业指数,19991230,20140221,SW
801711.SI,申万水泥,SW,上海申银万国证券研究所有限公司,行业指数,19991230,20140221,SW
801712.SI,申万玻璃玻纤,SW,上海申银万国证券研究所有限公司,行业指数,19991230,20140221,SW
801713.SI,申万装修建材,SW,上海申银万国证券研究所有限公司,行业指数,19991230,20140221,SW
801720.SI,申万建筑装饰Ⅰ,SW,上海申银万国证券研究所有限公司,行业指数,19991230,20140221,SW
801721.SI,申万房屋建设Ⅱ,SW,上海申银万国证券研究所有限公司,行业指数,19991230,20140221,SW
801722.SI,申万装修装饰Ⅱ,SW,上海申银万国证券研究所有限公司,行业指数,19991230,20140221,SW
801723.SI,申万基础建设Ⅱ,SW,上海申银万国证券研究所有限公司,行业指数,19991230,20140221,SW
801724.SI,申万专业工程Ⅱ,SW,上海申银万国证券研究所有限公司,行业指数,19991230,20140221,SW
801725.SI,申万园林工程Ⅱ,SW,上海申银万国证券研究所有限公司,行业指数,19991230,20140221,SW
801726.SI,申万工程咨询服务Ⅱ,SW,上海申银万国证券研究所有限公司,行业指数,19991230,20211213,SW
801730.SI,申万电力设备,SW,上海申银万国证券研究所有限公司,行业指数,19991230,20140221,SW
801731.SI,申万电机Ⅱ,SW,上海申银万国证券研究所有限公司,行业指数,19991230,20140221,SW
801732.SI,申万电气自动化设备,SW,上海申银万国证券研究所有限公司,行业指数,19991230,20140221,SW
801733.SI,申万其他电源设备Ⅱ,SW,上海申银万国证券研究所有限公司,行业指数,19991230,20140221,SW
801734.SI,申万高低压设备,SW,上海申银万国证券研究所有限公司,行业指数,19991230,20140221,SW
801735.SI,申万光伏设备Ⅱ,SW,上海申银万国证券研究所有限公司,行业指数,19991230,20211213,SW
801736.SI,申万风电设备Ⅱ,SW,上海申银万国证券研究所有限公司,行业指数,19991230,20211213,SW
801737.SI,申万电池,SW,上海申银万国证券研究所有限公司,行业指数,19991230,20211213,SW
801738.SI,申万电网设备,SW,上海申银万国证券研究所有限公司,行业指数,19991230,20211213,SW
801740.SI,申万国防军工,SW,上海申银万国证券研究所有限公司,行业指数,19991230,20140221,SW
801741.SI,申万航天装备Ⅱ,SW,上海申银万国证券研究所有限公司,行业指数,19991230,20140221,SW
801742.SI,申万航空装备Ⅱ,SW,上海申银万国证券研究所有限公司,行业指数,19991230,20140221,SW
801743.SI,申万地面兵装Ⅱ,SW,上海申银万国证券研究所有限公司,行业指数,19991230,20140221,SW
801744.SI,申万航海装备Ⅱ,SW,上海申银万国证券研究所有限公司,行业指数,19991230,20140221,SW
801745.SI,申万军工电子Ⅱ,SW,上海申银万国证券研究所有限公司,行业指数,19991230,20211213,SW
801750.SI,申万计算机,SW,上海申银万国证券研究所有限公司,行业指数,19991230,20140221,SW
801751.SI,申万营销传播,SW,上海申银万国证券研究所有限公司,行业指数,19991230,20140221,SW
801752.SI,申万互联网传媒,SW,上海申银万国证券研究所有限公司,行业指数,19991230,20140221,SW
801760.SI,申万传媒Ⅰ,SW,上海申银万国证券研究所有限公司,行业指数,19991230,20140221,SW
801761.SI,申万文化传媒,SW,上海申银万国证券研究所有限公司,行业指数,19991230,20140221,SW
801764.SI,申万游戏Ⅱ,SW,上海申银万国证券研究所有限公司,行业指数,19991230,20211213,SW
801765.SI,申万广告营销,SW,上海申银万国证券研究所有限公司,行业指数,19991230,20211213,SW
801766.SI,申万影视院线,SW,上海申银万国证券研究所有限公司,行业指数,19991230,20211213,SW
801767.SI,申万数字媒体,SW,上海申银万国证券研究所有限公司,行业指数,19991230,20211213,SW
801768.SI,申万社交Ⅱ,SW,上海申银万国证券研究所有限公司,行业指数,19991230,20211213,SW
801769.SI,申万出版,SW,上海申银万国证券研究所有限公司,行业指数,19991230,20211213,SW
801770.SI,申万通信,SW,上海申银万国证券研究所有限公司,行业指数,19991230,20140221,SW
801780.SI,申万银行,SW,上海申银万国证券研究所有限公司,行业指数,19991230,20140221,SW
801782.SI,申万国有大型银行Ⅱ,SW,上海申银万国证券研究所有限公司,行业指数,19991230,20211213,SW
801783.SI,申万股份制银行Ⅱ,SW,上海申银万国证券研究所有限公司,行业指数,19991230,20211213,SW
801784.SI,申万城商行Ⅱ,SW,上海申银万国证券研究所有限公司,行业指数,19991230,20211213,SW
801785.SI,申万农商行Ⅱ,SW,上海申银万国证券研究所有限公司,行业指数,19991230,20211213,SW
801786.SI,申万其他银行Ⅱ,SW,上海申银万国证券研究所有限公司,行业指数,19991230,20211213,SW
801790.SI,申万非银金融,SW,上海申银万国证券研究所有限公司,行业指数,19991230,20140221,SW
801811.SI,申万大盘指数,SW,上海申银万国证券研究所有限公司,规模指数,19991230,20031015,SW
801812.SI,申万中盘指数,SW,上海申银万国证券研究所有限公司,规模指数,19991230,20031015,SW
801813.SI,申万小盘指数,SW,上海申银万国证券研究所有限公司,风格指数,19991230,20031015,SW
801821.SI,申万高市盈率指数,SW,上海申银万国证券研究所有限公司,风格指数,19991230,20031015,SW
801822.SI,申万中市盈率指数,SW,上海申银万国证券研究所有限公司,风格指数,19991230,20031015,SW
801823.SI,申万低市盈率指数,SW,上海申银万国证券研究所有限公司,风格指数,19991230,20031015,SW
801831.SI,申万高市净率指数,SW,上海申银万国证券研究所有限公司,风格指数,19991230,20031015,SW
801832.SI,申万中市净率指数,SW,上海申银万国证券研究所有限公司,风格指数,19991230,20031015,SW
801833.SI,申万低市净率指数,SW,上海申银万国证券研究所有限公司,风格指数,19991230,20031015,SW
801841.SI,申万高价股指数,SW,上海申银万国证券研究所有限公司,风格指数,19991230,20031015,SW
801842.SI,申万中价股指数,SW,上海申银万国证券研究所有限公司,风格指数,19991230,20031015,SW
801843.SI,申万低价股指数,SW,上海申银万国证券研究所有限公司,风格指数,19991230,20031015,SW
801851.SI,申万亏损股指数,SW,上海申银万国证券研究所有限公司,风格指数,19991230,20031015,SW
801852.SI,申万微利股指数,SW,上海申银万国证券研究所有限公司,风格指数,19991230,20031015,SW
801853.SI,申万绩优股指数,SW,上海申银万国证券研究所有限公司,风格指数,19991230,20031015,SW
801861.SI,申万配股指数,SW,上海申银万国证券研究所有限公司,策略指数,19991230,20040210,SW
801862.SI,申万活跃指数,SW,上海申银万国证券研究所有限公司,策略指数,19991230,20031015,SW
801863.SI,申万新股指数,SW,上海申银万国证券研究所有限公司,风格指数,19991230,20031015,SW
801880.SI,申万汽车,SW,上海申银万国证券研究所有限公司,行业指数,19991230,20140221,SW
801881.SI,申万摩托车及其他,SW,上海申银万国证券研究所有限公司,行业指数,19991230,20140221,SW
801890.SI,申万机械设备Ⅰ,SW,上海申银万国证券研究所有限公司,行业指数,19991230,20140221,SW
801901.SI,申万基金重仓,SW,上海申银万国证券研究所有限公司,主题指数,20021231,20051024,SW
801903.SI,申万基金核心,SW,上海申银万国证券研究所有限公司,主题指数,20021231,20051024,SW
801905.SI,申万重点,SW,上海申银万国证券研究所有限公司,主题指数,20020430,20051024,SW
801920.SI,申万Imp_农林牧渔,SW,上海申银万国证券研究所有限公司,行业指数,20020430,20051024,SW
801921.SI,申万Imp_采掘,SW,上海申银万国证券研究所有限公司,行业指数,20020430,20051024,SW
801922.SI,申万Imp_化工,SW,上海申银万国证券研究所有限公司,行业指数,20020430,20051024,SW
801923.SI,申万Imp_黑色金属,SW,上海申银万国证券研究所有限公司,行业指数,20020430,20051024,SW
801924.SI,申万Imp_有色金属,SW,上海申银万国证券研究所有限公司,行业指数,20020430,20051024,SW
801925.SI,申万Imp_建筑建材,SW,上海申银万国证券研究所有限公司,行业指数,20020430,20051024,SW
801926.SI,申万Imp_机械设备,SW,上海申银万国证券研究所有限公司,行业指数,20020430,20051024,SW
801927.SI,申万Imp_电子,SW,上海申银万国证券研究所有限公司,行业指数,20020430,20051024,SW
801928.SI,申万Imp_交运设备,SW,上海申银万国证券研究所有限公司,行业指数,20020430,20051024,SW
801929.SI,申万Imp_信息设备,SW,上海申银万国证券研究所有限公司,行业指数,20020430,20051024,SW
801930.SI,申万Imp_家用电器,SW,上海申银万国证券研究所有限公司,行业指数,20020430,20051024,SW
801931.SI,申万Imp_食品饮料,SW,上海申银万国证券研究所有限公司,行业指数,20020430,20051024,SW
801932.SI,申万Imp_纺织服装,SW,上海申银万国证券研究所有限公司,行业指数,20020430,20051024,SW
801933.SI,申万Imp_轻工制造,SW,上海申银万国证券研究所有限公司,行业指数,20020430,20051024,SW
801934.SI,申万Imp_医药生物,SW,上海申银万国证券研究所有限公司,行业指数,20020430,20051024,SW
801935.SI,申万Imp_公用事业,SW,上海申银万国证券研究所有限公司,行业指数,20020430,20051024,SW
801936.SI,申万Imp_交通运输,SW,上海申银万国证券研究所有限公司,行业指数,20020430,20051024,SW
801937.SI,申万Imp_房地产,SW,上海申银万国证券研究所有限公司,行业指数,20020430,20051024,SW
801938.SI,申万Imp_金融服务,SW,上海申银万国证券研究所有限公司,行业指数,20020430,20051024,SW
801939.SI,申万Imp_商业贸易,SW,上海申银万国证券研究所有限公司,行业指数,20020430,20051024,SW
801940.SI,申万Imp_餐饮旅游,SW,上海申银万国证券研究所有限公司,行业指数,20020430,20051024,SW
801941.SI,申万Imp_信息服务,SW,上海申银万国证券研究所有限公司,行业指数,20020430,20051024,SW
801942.SI,申万Imp_综合,SW,上海申银万国证券研究所有限公司,行业指数,20020430,20051024,SW
801950.SI,申万煤炭,SW,上海申银万国证券研究所有限公司,行业指数,19991230,20211213,SW
801951.SI,申万煤炭开采,SW,上海申银万国证券研究所有限公司,行业指数,19991230,20211213,SW
801952.SI,申万焦炭Ⅱ,SW,上海申银万国证券研究所有限公司,行业指数,19991230,20211213,SW
801960.SI,申万石油石化,SW,上海申银万国证券研究所有限公司,行业指数,19991230,20211213,SW
801961.SI,申万油气开采Ⅱ,SW,上海申银万国证券研究所有限公司,行业指数,19991230,20211213,SW
801962.SI,申万油服工程,SW,上海申银万国证券研究所有限公司,行业指数,19991230,20211213,SW
801963.SI,申万炼化及贸易,SW,上海申银万国证券研究所有限公司,行业指数,19991230,20211213,SW
801970.SI,申万环保,SW,上海申银万国证券研究所有限公司,行业指数,19991230,20211213,SW
801971.SI,申万环境治理,SW,上海申银万国证券研究所有限公司,行业指数,19991230,20211213,SW
801972.SI,申万环保设备Ⅱ,SW,上海申银万国证券研究所有限公司,行业指数,19991230,20211213,SW
801980.SI,申万美容护理,SW,上海申银万国证券研究所有限公司,行业指数,19991230,20211213,SW
801981.SI,申万个护用品,SW,上海申银万国证券研究所有限公司,行业指数,19991230,20211213,SW
801982.SI,申万化妆品,SW,上海申银万国证券研究所有限公司,行业指数,19991230,20211213,SW
801983.SI,申万医疗美容,SW,上海申银万国证券研究所有限公司,行业指数,19991230,20211213,SW
801991.SI,申万航空机场,SW,上海申银万国证券研究所有限公司,行业指数,19991230,20211213,SW
801992.SI,申万航运港口,SW,上海申银万国证券研究所有限公司,行业指数,19991230,20211213,SW
801993.SI,申万旅游及景区,SW,上海申银万国证券研究所有限公司,行业指数,19991230,20211213,SW
801994.SI,申万教育,SW,上海申银万国证券研究所有限公司,行业指数,19991230,20211213,SW
801995.SI,申万电视广播Ⅱ,SW,上海申银万国证券研究所有限公司,行业指数,19991230,20211213,SW
802002.SI,SW医药生物P,SW,上海申银万国证券研究所有限公司,行业指数,,,SW
802600.SI,装备制造,SW,上海申银万国证券研究所有限公司,主题指数,20041231,20110218,SW
802601.SI,申万碳中和,SW,上海申银万国证券研究所有限公司,主题指数,20101231,20211222,SW
802602.SI,申万宏源航空科技,SW,上海申银万国证券研究所有限公司,主题指数,20101231,20221025,SW
802603.SI,SWHY绿色金融,SW,上海申银万国证券研究所有限公司,主题指数,20181228,20250930,SW
802604.SI,SWHY养老金融,SW,上海申银万国证券研究所有限公司,主题指数,20181228,20250930,SW
802605.SI,SWHY数字金融,SW,上海申银万国证券研究所有限公司,主题指数,20181228,20250930,SW
802606.SI,SWHY反内卷,SW,上海申银万国证券研究所有限公司,主题指数,20181228,20250930,SW
802607.SI,SWHY一带一路,SW,上海申银万国证券研究所有限公司,主题指数,20181228,20250930,SW
802611.SI,申万传媒,SW,上海申银万国证券研究所有限公司,主题指数,20041231,20140929,SW
802612.SI,申万电子,SW,上海申银万国证券研究所有限公司,主题指数,20041231,20140929,SW
802613.SI,养老指数,SW,上海申银万国证券研究所有限公司,主题指数,20161230,20170103,SW
802813.SI,养老指数R,SW,上海申银万国证券研究所有限公司,主题指数,,,SW
803611.SI,申万价值优势,SW,上海申银万国证券研究所有限公司,策略指数,20041231,20100331,SW
803612.SI,申万价值发现,SW,上海申银万国证券研究所有限公司,策略指数,20041231,20100816,SW
803613.SI,申万价值稳健,SW,上海申银万国证券研究所有限公司,策略指数,20041231,20100816,SW
803614.SI,SWHY红利增长,SW,上海申银万国证券研究所有限公司,策略指数,20121231,20240506,SW
803615.SI,盛世价值,SW,上海申银万国证券研究所有限公司,策略指数,20151231,20260204,SW
803616.SI,盛世价值TR,SW,上海申银万国证券研究所有限公司,策略指数,20151231,20260204,SW
803811.SI,申万价值优势收益指数,SW,上海申银万国证券研究所有限公司,策略指数,20041231,20100331,SW
805001.SI,申万商品,SW,上海申银万国证券研究所有限公司,期货指数,20041231,20120702,SW
805002.SI,申万商品S,SW,上海申银万国证券研究所有限公司,期货指数,20041231,20120702,SW
805003.SI,申万农业,SW,上海申银万国证券研究所有限公司,期货指数,20041231,20121126,SW
805004.SI,申万农业S,SW,上海申银万国证券研究所有限公司,期货指数,20041231,20121126,SW
805005.SI,申万工业,SW,上海申银万国证券研究所有限公司,期货指数,20041231,20121126,SW
805006.SI,申万工业S,SW,上海申银万国证券研究所有限公司,期货指数,20041231,20121126,SW
805007.SI,申万贵金,SW,上海申银万国证券研究所有限公司,期货指数,20081231,20121126,SW
805008.SI,申万贵金S,SW,上海申银万国证券研究所有限公司,期货指数,20081231,20121126,SW
806001.SI,申万三板做市,SW,上海申银万国证券研究所有限公司,其他指数,20140829,20150331,SW
806010.SI,申万三板计算机,SW,上海申银万国证券研究所有限公司,行业指数,20141231,20151229,SW
806020.SI,申万三板机械,SW,上海申银万国证券研究所有限公司,行业指数,20141231,20151229,SW
806030.SI,申万三板化工,SW,上海申银万国证券研究所有限公司,行业指数,20141231,20151229,SW
806040.SI,申万三板传媒,SW,上海申银万国证券研究所有限公司,行业指数,20141231,20151229,SW
806050.SI,申万三板电气,SW,上海申银万国证券研究所有限公司,行业指数,20141231,20151229,SW
806060.SI,申万三板电子,SW,上海申银万国证券研究所有限公司,行业指数,20141231,20151229,SW
806070.SI,申万三板建筑装饰,SW,上海申银万国证券研究所有限公司,行业指数,20141231,20151229,SW
806080.SI,申万三板医药生物,SW,上海申银万国证券研究所有限公司,行业指数,20141231,20151229,SW
806090.SI,申万三板通信,SW,上海申银万国证券研究所有限公司,行业指数,20150630,20161107,SW
806100.SI,申万三板农林牧渔,SW,上海申银万国证券研究所有限公司,行业指数,20150630,20161107,SW
806110.SI,申万三板公用事业,SW,上海申银万国证券研究所有限公司,行业指数,20150630,20161107,SW
806120.SI,申万三板休闲服务,SW,上海申银万国证券研究所有限公司,行业指数,20150630,20161107,SW
806130.SI,申万三板有色金属,SW,上海申银万国证券研究所有限公司,行业指数,20150630,20161107,SW
806140.SI,申万三板汽车,SW,上海申银万国证券研究所有限公司,行业指数,20150630,20161107,SW
806150.SI,申万三板轻工制造,SW,上海申银万国证券研究所有限公司,行业指数,20150630,20161107,SW
806160.SI,申万三板建筑材料,SW,上海申银万国证券研究所有限公司,行业指数,20150630,20161107,SW
806170.SI,申万三板非银金融,SW,上海申银万国证券研究所有限公司,行业指数,20150630,20161107,SW
806180.SI,申万三板食品饮料,SW,上海申银万国证券研究所有限公司,行业指数,20150630,20161107,SW
806190.SI,申万三板商业贸易,SW,上海申银万国证券研究所有限公司,行业指数,20150630,20161107,SW
806200.SI,申万三板交通运输,SW,上海申银万国证券研究所有限公司,行业指数,20150630,20161107,SW
807100.SI,权益基金,SW,上海申银万国证券研究所有限公司,基金指数,20220630,20240328,SW
807110.SI,主动股基,SW,上海申银万国证券研究所有限公司,基金指数,20220630,20240328,SW
807111.SI,中高股基,SW,上海申银万国证券研究所有限公司,基金指数,20220630,20240328,SW
807112.SI,高仓股基,SW,上海申银万国证券研究所有限公司,基金指数,20220630,20240328,SW
807113.SI,灵活股基,SW,上海申银万国证券研究所有限公司,基金指数,20220630,20240328,SW
807120.SI,标准指基,SW,上海申银万国证券研究所有限公司,基金指数,20220630,20240328,SW
807121.SI,300标准指基,SW,上海申银万国证券研究所有限公司,基金指数,20220630,20240328,SW
807122.SI,500标准指基,SW,上海申银万国证券研究所有限公司,基金指数,20220630,20240328,SW
807123.SI,1000标准指基,SW,上海申银万国证券研究所有限公司,基金指数,20220630,20240328,SW
807124.SI,其他标准指基,SW,上海申银万国证券研究所有限公司,基金指数,20220630,20240328,SW
807130.SI,增强指基,SW,上海申银万国证券研究所有限公司,基金指数,20220630,20240328,SW
807131.SI,300增强指基,SW,上海申银万国证券研究所有限公司,基金指数,20220630,20240328,SW
807132.SI,500增强指基,SW,上海申银万国证券研究所有限公司,基金指数,20220630,20240328,SW
807133.SI,1000增强指基,SW,上海申银万国证券研究所有限公司,基金指数,20220630,20240328,SW
807134.SI,其他增强指基,SW,上海申银万国证券研究所有限公司,基金指数,20220630,20240328,SW
807140.SI,主题股基,SW,上海申银万国证券研究所有限公司,基金指数,20220630,20240328,SW
807141.SI,消费基金,SW,上海申银万国证券研究所有限公司,基金指数,20220630,20240328,SW
807142.SI,医药基金,SW,上海申银万国证券研究所有限公司,基金指数,20220630,20240328,SW
807143.SI,周期基金,SW,上海申银万国证券研究所有限公司,基金指数,20220630,20240328,SW
807144.SI,金地基金,SW,上海申银万国证券研究所有限公司,基金指数,20220630,20240328,SW
807145.SI,制造基金,SW,上海申银万国证券研究所有限公司,基金指数,20220630,20240328,SW
807146.SI,科技基金,SW,上海申银万国证券研究所有限公司,基金指数,20220630,20240328,SW
807147.SI,北交所基金,SW,上海申银万国证券研究所有限公司,基金指数,20220630,20240328,SW
807148.SI,港股通基金,SW,上海申银万国证券研究所有限公司,基金指数,20220630,20240328,SW
807200.SI,债券基金,SW,上海申银万国证券研究所有限公司,基金指数,20220630,20240328,SW
807210.SI,纯债指基,SW,上海申银万国证券研究所有限公司,基金指数,20220630,20240328,SW
807211.SI,利率指基,SW,上海申银万国证券研究所有限公司,基金指数,20220630,20240328,SW
807212.SI,信用指基,SW,上海申银万国证券研究所有限公司,基金指数,20220630,20240328,SW
807213.SI,存单指基,SW,上海申银万国证券研究所有限公司,基金指数,20220630,20240328,SW
807214.SI,混债指基,SW,上海申银万国证券研究所有限公司,基金指数,20220630,20240328,SW
807220.SI,短债基金,SW,上海申银万国证券研究所有限公司,基金指数,20220630,20240328,SW
807221.SI,1年以内债基,SW,上海申银万国证券研究所有限公司,基金指数,20220630,20240328,SW
807222.SI,其他短期债基,SW,上海申银万国证券研究所有限公司,基金指数,20220630,20240328,SW
807230.SI,中长债基,SW,上海申银万国证券研究所有限公司,基金指数,20220630,20240328,SW
807231.SI,利率债基,SW,上海申银万国证券研究所有限公司,基金指数,20220630,20240328,SW
807232.SI,利率金融债基,SW,上海申银万国证券研究所有限公司,基金指数,20220630,20240328,SW
807233.SI,信用债基,SW,上海申银万国证券研究所有限公司,基金指数,20220630,20240328,SW
807234.SI,混债基金,SW,上海申银万国证券研究所有限公司,基金指数,20220630,20240328,SW
807240.SI,债增基金,SW,上海申银万国证券研究所有限公司,基金指数,20220630,20240328,SW
807241.SI,中低债增,SW,上海申银万国证券研究所有限公司,基金指数,20220630,20240328,SW
807242.SI,低仓债增,SW,上海申银万国证券研究所有限公司,基金指数,20220630,20240328,SW
807300.SI,混合基金,SW,上海申银万国证券研究所有限公司,基金指数,20220630,20240328,SW
807310.SI,转债基金,SW,上海申银万国证券研究所有限公司,基金指数,20220630,20240328,SW
807311.SI,主动转债基金,SW,上海申银万国证券研究所有限公司,基金指数,20220630,20240328,SW
807312.SI,被动转债基金,SW,上海申银万国证券研究所有限公司,基金指数,20220630,20240328,SW
807320.SI,平衡混基Ⅱ,SW,上海申银万国证券研究所有限公司,基金指数,20220630,20240328,SW
807321.SI,平衡混基Ⅲ,SW,上海申银万国证券研究所有限公司,基金指数,20220630,20240328,SW
807330.SI,偏债混基,SW,上海申银万国证券研究所有限公司,基金指数,20220630,20240328,SW
807331.SI,高仓偏债混基,SW,上海申银万国证券研究所有限公司,基金指数,20220630,20240328,SW
807332.SI,中仓偏债混基,SW,上海申银万国证券研究所有限公司,基金指数,20220630,20240328,SW
807333.SI,低仓偏债混基,SW,上海申银万国证券研究所有限公司,基金指数,20220630,20240328,SW
807340.SI,其他混基Ⅱ,SW,上海申银万国证券研究所有限公司,基金指数,20220630,20240328,SW
807341.SI,其他混基Ⅲ,SW,上海申银万国证券研究所有限公司,基金指数,20220630,20240328,SW
807400.SI,货币基金,SW,上海申银万国证券研究所有限公司,基金指数,20220630,20240328,SW
807410.SI,货币基金Ⅱ,SW,上海申银万国证券研究所有限公司,基金指数,20220630,20240328,SW
807411.SI,传统货基,SW,上海申银万国证券研究所有限公司,基金指数,20220630,20240328,SW
807412.SI,浮动货基,SW,上海申银万国证券研究所有限公司,基金指数,20220630,20240328,SW
807500.SI,另类基金,SW,上海申银万国证券研究所有限公司,基金指数,20220630,20240328,SW
807510.SI,商品基金,SW,上海申银万国证券研究所有限公司,基金指数,20220630,20240328,SW
807511.SI,黄金基金,SW,上海申银万国证券研究所有限公司,基金指数,20220630,20240328,SW
807512.SI,其他商品基金,SW,上海申银万国证券研究所有限公司,基金指数,20220630,20240328,SW
807520.SI,股票多空Ⅱ,SW,上海申银万国证券研究所有限公司,基金指数,20220630,20240328,SW
807521.SI,股票多空Ⅲ,SW,上海申银万国证券研究所有限公司,基金指数,20220630,20240328,SW
807530.SI,REITs基金,SW,上海申银万国证券研究所有限公司,基金指数,20220630,20240328,SW
807531.SI,经营REITs,SW,上海申银万国证券研究所有限公司,基金指数,20220630,20240328,SW
807532.SI,产权REITs,SW,上海申银万国证券研究所有限公司,基金指数,20220630,20240328,SW
807540.SI,其他另类基金Ⅱ,SW,上海申银万国证券研究所有限公司,基金指数,20220630,20240328,SW
807541.SI,其他另类基金Ⅲ,SW,上海申银万国证券研究所有限公司,基金指数,20220630,20240328,SW
807600.SI,组合基金,SW,上海申银万国证券研究所有限公司,基金指数,20220630,20240328,SW
807610.SI,权益FOF,SW,上海申银万国证券研究所有限公司,基金指数,20220630,20240328,SW
807611.SI,高仓股FOF,SW,上海申银万国证券研究所有限公司,基金指数,20220630,20240328,SW
807612.SI,中高股FOF,SW,上海申银万国证券研究所有限公司,基金指数,20220630,20240328,SW
807620.SI,平衡FOFⅡ,SW,上海申银万国证券研究所有限公司,基金指数,20220630,20240328,SW
807621.SI,平衡FOFⅢ,SW,上海申银万国证券研究所有限公司,基金指数,20220630,20240328,SW
807630.SI,偏债FOF,SW,上海申银万国证券研究所有限公司,基金指数,20220630,20240328,SW
807631.SI,高仓偏债FOF,SW,上海申银万国证券研究所有限公司,基金指数,20220630,20240328,SW
807632.SI,中仓偏债FOF,SW,上海申银万国证券研究所有限公司,基金指数,20220630,20240328,SW
807633.SI,低仓偏债FOF,SW,上海申银万国证券研究所有限公司,基金指数,20220630,20240328,SW
807640.SI,债券FOF,SW,上海申银万国证券研究所有限公司,基金指数,20220630,20240328,SW
807641.SI,债增FOF,SW,上海申银万国证券研究所有限公司,基金指数,20220630,20240328,SW
807642.SI,纯债FOF,SW,上海申银万国证券研究所有限公司,基金指数,20220630,20240328,SW
807650.SI,其他组合基金Ⅱ,SW,上海申银万国证券研究所有限公司,基金指数,20220630,20240328,SW
807651.SI,其他组合基金Ⅲ,SW,上海申银万国证券研究所有限公司,基金指数,20220630,20240328,SW
807700.SI,QDII基金,SW,上海申银万国证券研究所有限公司,基金指数,20220630,20240328,SW
807710.SI,QDII权益,SW,上海申银万国证券研究所有限公司,基金指数,20220630,20240328,SW
807711.SI,QDII主题股基,SW,上海申银万国证券研究所有限公司,基金指数,20220630,20240328,SW
807712.SI,QDII大中华股基,SW,上海申银万国证券研究所有限公司,基金指数,20220630,20240328,SW
807713.SI,QDII亚太股基,SW,上海申银万国证券研究所有限公司,基金指数,20220630,20240328,SW
807714.SI,QDII美国股基,SW,上海申银万国证券研究所有限公司,基金指数,20220630,20240328,SW
807715.SI,QDII香港股基,SW,上海申银万国证券研究所有限公司,基金指数,20220630,20240328,SW
807716.SI,QDII欧洲股基,SW,上海申银万国证券研究所有限公司,基金指数,20220630,20240328,SW
807717.SI,QDII全球股基,SW,上海申银万国证券研究所有限公司,基金指数,20220630,20240328,SW
807718.SI,QDII其他股基,SW,上海申银万国证券研究所有限公司,基金指数,20220630,20240328,SW
807720.SI,QDII债券,SW,上海申银万国证券研究所有限公司,基金指数,20220630,20240328,SW
807721.SI,QDII全球债基,SW,上海申银万国证券研究所有限公司,基金指数,20220630,20240328,SW
807722.SI,QDII亚太债基,SW,上海申银万国证券研究所有限公司,基金指数,20220630,20240328,SW
807723.SI,QDII其他债基,SW,上海申银万国证券研究所有限公司,基金指数,20220630,20240328,SW
807730.SI,QDII混合Ⅱ,SW,上海申银万国证券研究所有限公司,基金指数,20220630,20240328,SW
807731.SI,QDII混基Ⅲ,SW,上海申银万国证券研究所有限公司,基金指数,20220630,20240328,SW
807740.SI,QDII商品,SW,上海申银万国证券研究所有限公司,基金指数,20220630,20240328,SW
807741.SI,QDII黄金,SW,上海申银万国证券研究所有限公司,基金指数,20220630,20240328,SW
807742.SI,QDII原油,SW,上海申银万国证券研究所有限公司,基金指数,20220630,20240328,SW
807743.SI,QDII其他商品,SW,上海申银万国证券研究所有限公司,基金指数,20220630,20240328,SW
807750.SI,QDII其他,SW,上海申银万国证券研究所有限公司,基金指数,20220630,20240328,SW
807751.SI,QDII其他,SW,上海申银万国证券研究所有限公司,基金指数,20220630,20240328,SW
850111.SI,申万种子,SW,上海申银万国证券研究所有限公司,行业指数,19991230,20031015,SW
850112.SI,申万粮食种植,SW,上海申银万国证券研究所有限公司,行业指数,19991230,20031015,SW
850113.SI,申万其他种植业,SW,上海申银万国证券研究所有限公司,行业指数,19991230,20031015,SW
850114.SI,申万食用菌,SW,上海申银万国证券研究所有限公司,行业指数,19991230,20211213,SW
850121.SI,申万海洋捕捞,SW,上海申银万国证券研究所有限公司,行业指数,19991230,20031015,SW
850122.SI,申万水产养殖,SW,上海申银万国证券研究所有限公司,行业指数,19991230,20031015,SW
850131.SI,申万林业Ⅲ,SW,上海申银万国证券研究所有限公司,行业指数,19991230,20031015,SW
850135.SI,申万食品及饲料添加剂,SW,上海申银万国证券研究所有限公司,行业指数,19991230,20211213,SW
850136.SI,申万有机硅,SW,上海申银万国证券研究所有限公司,行业指数,19991230,20211213,SW
850137.SI,申万胶黏剂及胶带,SW,上海申银万国证券研究所有限公司,行业指数,19991230,20211213,SW
850141.SI,申万饲料Ⅲ,SW,上海申银万国证券研究所有限公司,行业指数,19991230,20031015,SW
850142.SI,申万畜禽饲料,SW,上海申银万国证券研究所有限公司,行业指数,19991230,20211213,SW
850143.SI,申万水产饲料,SW,上海申银万国证券研究所有限公司,行业指数,19991230,20211213,SW
850144.SI,申万宠物食品,SW,上海申银万国证券研究所有限公司,行业指数,19991230,20211213,SW
850151.SI,申万果蔬加工,SW,上海申银万国证券研究所有限公司,行业指数,19991230,20031015,SW
850152.SI,申万粮油加工,SW,上海申银万国证券研究所有限公司,行业指数,19991230,20031015,SW
850153.SI,申万畜禽加工,SW,上海申银万国证券研究所有限公司,行业指数,19991230,20031015,SW
850154.SI,申万其他农产品加工,SW,上海申银万国证券研究所有限公司,行业指数,19991230,20111010,SW
850161.SI,申万农业综合Ⅲ,SW,上海申银万国证券研究所有限公司,行业指数,19991230,20031015,SW
850171.SI,申万畜禽养殖,SW,上海申银万国证券研究所有限公司,行业指数,19991230,20111010,SW
850172.SI,申万生猪养殖,SW,上海申银万国证券研究所有限公司,行业指数,19991230,20211213,SW
850173.SI,申万肉鸡养殖,SW,上海申银万国证券研究所有限公司,行业指数,19991230,20211213,SW
850174.SI,申万其他养殖,SW,上海申银万国证券研究所有限公司,行业指数,19991230,20211213,SW
850181.SI,申万动物保健Ⅲ,SW,上海申银万国证券研究所有限公司,行业指数,19991230,20111010,SW
850191.SI,申万农业综合Ⅲ,SW,上海申银万国证券研究所有限公司,行业指数,19991230,20211213,SW
850211.SI,申万石油开采Ⅲ,SW,上海申银万国证券研究所有限公司,行业指数,19991230,20031015,SW
850221.SI,申万煤炭开采Ⅲ,SW,上海申银万国证券研究所有限公司,行业指数,19991230,20031015,SW
850222.SI,申万焦炭加工,SW,上海申银万国证券研究所有限公司,行业指数,19991230,20031015,SW
850231.SI,申万其他采掘Ⅲ,SW,上海申银万国证券研究所有限公司,行业指数,19991230,20031015,SW
850232.SI,申万汽车经销商,SW,上海申银万国证券研究所有限公司,行业指数,19991230,20211213,SW
850233.SI,申万汽车综合服务,SW,上海申银万国证券研究所有限公司,行业指数,19991230,20211213,SW
850241.SI,申万油气钻采服务,SW,上海申银万国证券研究所有限公司,行业指数,19991230,20111010,SW
850242.SI,申万其他采掘服务,SW,上海申银万国证券研究所有限公司,行业指数,19991230,20111010,SW
850311.SI,申万石油加工,SW,上海申银万国证券研究所有限公司,行业指数,19991230,20031015,SW
850312.SI,申万炼焦业,SW,上海申银万国证券研究所有限公司,行业指数,19991230,20031016,SW
850313.SI,申万石油贸易,SW,上海申银万国证券研究所有限公司,行业指数,19991230,20031015,SW
850321.SI,申万纯碱,SW,上海申银万国证券研究所有限公司,行业指数,19991230,20031015,SW
850322.SI,申万氯碱,SW,上海申银万国证券研究所有限公司,行业指数,19991230,20031015,SW
850323.SI,申万无机盐,SW,上海申银万国证券研究所有限公司,行业指数,19991230,20031015,SW
850324.SI,申万其他化学原料,SW,上海申银万国证券研究所有限公司,行业指数,19991230,20070702,SW
850325.SI,申万煤化工,SW,上海申银万国证券研究所有限公司,行业指数,19991230,20211213,SW
850326.SI,申万钛白粉,SW,上海申银万国证券研究所有限公司,行业指数,19991230,20211213,SW
850331.SI,申万氮肥,SW,上海申银万国证券研究所有限公司,行业指数,19991230,20031015,SW
850332.SI,申万磷肥及磷化工,SW,上海申银万国证券研究所有限公司,行业指数,19991230,20031015,SW
850333.SI,申万农药,SW,上海申银万国证券研究所有限公司,行业指数,19991230,20031015,SW
850334.SI,申万日用化学产品,SW,上海申银万国证券研究所有限公司,行业指数,19991230,20031015,SW
850335.SI,申万涂料油墨,SW,上海申银万国证券研究所有限公司,行业指数,19991230,20031015,SW
850336.SI,申万钾肥,SW,上海申银万国证券研究所有限公司,行业指数,19991230,20031015,SW
850337.SI,申万民爆制品,SW,上海申银万国证券研究所有限公司,行业指数,19991230,20080602,SW
850338.SI,申万纺织化学制品,SW,上海申银万国证券研究所有限公司,行业指数,19991230,20080602,SW
850339.SI,申万其他化学制品,SW,上海申银万国证券研究所有限公司,行业指数,19991230,20080602,SW
850341.SI,申万涤纶,SW,上海申银万国证券研究所有限公司,行业指数,19991230,20031015,SW
850342.SI,申万维纶,SW,上海申银万国证券研究所有限公司,行业指数,19991230,20031015,SW
850343.SI,申万粘胶,SW,上海申银万国证券研究所有限公司,行业指数,19991230,20031015,SW
850344.SI,申万其他化学纤维,SW,上海申银万国证券研究所有限公司,行业指数,19991230,20031015,SW
850345.SI,申万氨纶,SW,上海申银万国证券研究所有限公司,行业指数,19991230,20080602,SW
850346.SI,申万锦纶,SW,上海申银万国证券研究所有限公司,行业指数,19991230,20211213,SW
850351.SI,申万其他塑料制品,SW,上海申银万国证券研究所有限公司,行业指数,19991230,20031015,SW
850352.SI,申万合成革,SW,上海申银万国证券研究所有限公司,行业指数,19991230,20111010,SW
850353.SI,申万改性塑料,SW,上海申银万国证券研究所有限公司,行业指数,19991230,20111010,SW
850354.SI,申万合成树脂,SW,上海申银万国证券研究所有限公司,行业指数,19991230,20211213,SW
850355.SI,申万膜材料,SW,上海申银万国证券研究所有限公司,行业指数,19991230,20211213,SW
850361.SI,申万轮胎,SW,上海申银万国证券研究所有限公司,行业指数,19991230,20031015,SW
850362.SI,申万其他橡胶制品,SW,上海申银万国证券研究所有限公司,行业指数,19991230,20080602,SW
850363.SI,申万炭黑,SW,上海申银万国证券研究所有限公司,行业指数,19991230,20111010,SW
850364.SI,申万橡胶助剂,SW,上海申银万国证券研究所有限公司,行业指数,19991230,20211213,SW
850371.SI,申万其他化工新材料,SW,上海申银万国证券研究所有限公司,行业指数,19991230,20031015,SW
850372.SI,申万聚氨酯,SW,上海申银万国证券研究所有限公司,行业指数,19991230,20111010,SW
850373.SI,申万玻纤,SW,上海申银万国证券研究所有限公司,行业指数,19991230,20111010,SW
850381.SI,申万复合肥,SW,上海申银万国证券研究所有限公司,行业指数,19991230,20111010,SW
850382.SI,申万氟化工,SW,上海申银万国证券研究所有限公司,行业指数,19991230,20111010,SW
850383.SI,申万磷化工及磷酸盐,SW,上海申银万国证券研究所有限公司,行业指数,19991230,20111010,SW
850411.SI,申万普钢Ⅲ,SW,上海申银万国证券研究所有限公司,行业指数,19991230,20031015,SW
850412.SI,申万特钢Ⅲ,SW,上海申银万国证券研究所有限公司,行业指数,19991230,20031015,SW
850421.SI,申万金属制品Ⅲ,SW,上海申银万国证券研究所有限公司,行业指数,19991230,20031015,SW
850431.SI,申万铁矿石,SW,上海申银万国证券研究所有限公司,行业指数,19991230,20211213,SW
850432.SI,申万冶钢辅料,SW,上海申银万国证券研究所有限公司,行业指数,19991230,20211213,SW
850441.SI,申万长材,SW,上海申银万国证券研究所有限公司,行业指数,19991230,20211213,SW
850442.SI,申万板材,SW,上海申银万国证券研究所有限公司,行业指数,19991230,20211213,SW
850443.SI,申万钢铁管材,SW,上海申银万国证券研究所有限公司,行业指数,19991230,20211213,SW
850511.SI,申万有色金属冶炼Ⅲ,SW,上海申银万国证券研究所有限公司,行业指数,19991230,20031016,SW
850512.SI,申万铝Ⅲ,SW,上海申银万国证券研究所有限公司,行业指数,19991230,20070702,SW
850513.SI,申万铜Ⅲ,SW,上海申银万国证券研究所有限公司,行业指数,19991230,20070702,SW
850514.SI,申万铅锌Ⅲ,SW,上海申银万国证券研究所有限公司,行业指数,19991230,20070702,SW
850515.SI,申万黄金Ⅲ,SW,上海申银万国证券研究所有限公司,行业指数,19991230,20070702,SW
850516.SI,申万小金属Ⅲ,SW,上海申银万国证券研究所有限公司,行业指数,19991230,20070702,SW
850521.SI,申万其他金属新材料,SW,上海申银万国证券研究所有限公司,行业指数,19991230,20031015,SW
850522.SI,申万磁性材料,SW,上海申银万国证券研究所有限公司,行业指数,19991230,20080602,SW
850523.SI,申万非金属材料Ⅲ,SW,上海申银万国证券研究所有限公司,行业指数,19991230,20080602,SW
850531.SI,申万黄金Ⅲ,SW,上海申银万国证券研究所有限公司,行业指数,19991230,20140221,SW
850532.SI,申万白银,SW,上海申银万国证券研究所有限公司,行业指数,19991230,20211213,SW
850541.SI,申万稀土,SW,上海申银万国证券研究所有限公司,行业指数,19991230,20140221,SW
850542.SI,申万钨,SW,上海申银万国证券研究所有限公司,行业指数,19991230,20140221,SW
850543.SI,申万锂,SW,上海申银万国证券研究所有限公司,行业指数,19991230,20140221,SW
850544.SI,申万其他小金属,SW,上海申银万国证券研究所有限公司,行业指数,19991230,20140221,SW
850545.SI,申万钼,SW,上海申银万国证券研究所有限公司,行业指数,19991230,20211213,SW
850551.SI,申万铝Ⅲ,SW,上海申银万国证券研究所有限公司,行业指数,19991230,20140221,SW
850552.SI,申万铜Ⅲ,SW,上海申银万国证券研究所有限公司,行业指数,19991230,20140221,SW
850553.SI,申万铅锌Ⅲ,SW,上海申银万国证券研究所有限公司,行业指数,19991230,20140221,SW
850561.SI,申万钴,SW,上海申银万国证券研究所有限公司,行业指数,19991230,20211213,SW
850562.SI,申万镍,SW,上海申银万国证券研究所有限公司,行业指数,19991230,20211213,SW
850611.SI,申万玻璃制造Ⅲ,SW,上海申银万国证券研究所有限公司,行业指数,19991230,20031015,SW
850612.SI,申万水泥制造Ⅲ,SW,上海申银万国证券研究所有限公司,行业指数,19991230,20031015,SW
850613.SI,申万陶瓷制造,SW,上海申银万国证券研究所有限公司,行业指数,19991230,20031015,SW
850614.SI,申万其他建材,SW,上海申银万国证券研究所有限公司,行业指数,19991230,20031015,SW
850615.SI,申万耐火材料,SW,上海申银万国证券研究所有限公司,行业指数,19991230,20111010,SW
850616.SI,申万管材,SW,上海申银万国证券研究所有限公司,行业指数,19991230,20111010,SW
850617.SI,申万防水材料,SW,上海申银万国证券研究所有限公司,行业指数,19991230,20211213,SW
850618.SI,申万涂料,SW,上海申银万国证券研究所有限公司,行业指数,19991230,20211213,SW
850621.SI,申万建筑施工,SW,上海申银万国证券研究所有限公司,行业指数,19991230,20031015,SW
850622.SI,申万装饰园林,SW,上海申银万国证券研究所有限公司,行业指数,19991230,20031015,SW
850623.SI,申万房屋建设Ⅲ,SW,上海申银万国证券研究所有限公司,行业指数,19991230,20111010,SW
850624.SI,申万基础建设Ⅲ,SW,上海申银万国证券研究所有限公司,行业指数,19991230,20111010,SW
850625.SI,申万专业工程Ⅲ,SW,上海申银万国证券研究所有限公司,行业指数,19991230,20111010,SW
850702.SI,申万安防设备,SW,上海申银万国证券研究所有限公司,行业指数,19991230,20211213,SW
850703.SI,申万其他计算机设备,SW,上海申银万国证券研究所有限公司,行业指数,19991230,20211213,SW
850711.SI,申万机床工具,SW,上海申银万国证券研究所有限公司,行业指数,19991230,20031015,SW
850712.SI,申万机械基础件,SW,上海申银万国证券研究所有限公司,行业指数,19991230,20031015,SW
850713.SI,申万磨具磨料,SW,上海申银万国证券研究所有限公司,行业指数,19991230,20031015,SW
850714.SI,申万内燃机,SW,上海申银万国证券研究所有限公司,行业指数,19991230,20031015,SW
850715.SI,申万制冷空调设备,SW,上海申银万国证券研究所有限公司,行业指数,19991230,20031015,SW
850716.SI,申万其他通用设备,SW,上海申银万国证券研究所有限公司,行业指数,19991230,20031015,SW
850721.SI,申万纺织服装设备,SW,上海申银万国证券研究所有限公司,行业指数,19991230,20031015,SW
850722.SI,申万工程机械Ⅲ,SW,上海申银万国证券研究所有限公司,行业指数,19991230,20031015,SW
850723.SI,申万农用机械,SW,上海申银万国证券研究所有限公司,行业指数,19991230,20031015,SW
850724.SI,申万重型机械,SW,上海申银万国证券研究所有限公司,行业指数,19991230,20031015,SW
850725.SI,申万能源及重型设备,SW,上海申银万国证券研究所有限公司,行业指数,19991230,20031015,SW
850726.SI,申万印刷包装机械,SW,上海申银万国证券研究所有限公司,行业指数,19991230,20031015,SW
850727.SI,申万其他专用设备,SW,上海申银万国证券研究所有限公司,行业指数,19991230,20031015,SW
850728.SI,申万楼宇设备,SW,上海申银万国证券研究所有限公司,行业指数,19991230,20111010,SW
850729.SI,申万环保设备,SW,上海申银万国证券研究所有限公司,行业指数,19991230,20111010,SW
850731.SI,申万仪器仪表Ⅲ,SW,上海申银万国证券研究所有限公司,行业指数,19991230,20031015,SW
850741.SI,申万电机Ⅲ,SW,上海申银万国证券研究所有限公司,行业指数,19991230,20031015,SW
850742.SI,申万电气自控设备,SW,上海申银万国证券研究所有限公司,行业指数,19991230,20031015,SW
850743.SI,申万电源设备,SW,上海申银万国证券研究所有限公司,行业指数,19991230,20031015,SW
850744.SI,申万输变电设备Ⅲ,SW,上海申银万国证券研究所有限公司,行业指数,19991230,20031015,SW
850745.SI,申万其他电力设备,SW,上海申银万国证券研究所有限公司,行业指数,19991230,20031015,SW
850751.SI,申万金属制品Ⅲ,SW,上海申银万国证券研究所有限公司,行业指数,19991230,20080602,SW
850771.SI,申万工程机械整机,SW,上海申银万国证券研究所有限公司,行业指数,19991230,20211213,SW
850772.SI,申万工程机械器件,SW,上海申银万国证券研究所有限公司,行业指数,19991230,20211213,SW
850781.SI,申万机器人,SW,上海申银万国证券研究所有限公司,行业指数,19991230,20211213,SW
850782.SI,申万工控设备,SW,上海申银万国证券研究所有限公司,行业指数,19991230,20211213,SW
850783.SI,申万激光设备,SW,上海申银万国证券研究所有限公司,行业指数,19991230,20211213,SW
850784.SI,申万其他自动化设备,SW,上海申银万国证券研究所有限公司,行业指数,19991230,20211213,SW
850811.SI,申万集成电路,SW,上海申银万国证券研究所有限公司,行业指数,19991230,20031015,SW
850812.SI,申万分立器件,SW,上海申银万国证券研究所有限公司,行业指数,19991230,20070702,SW
850813.SI,申万半导体材料,SW,上海申银万国证券研究所有限公司,行业指数,19991230,20070702,SW
850814.SI,申万数字芯片设计,SW,上海申银万国证券研究所有限公司,行业指数,19991230,20211213,SW
850815.SI,申万模拟芯片设计,SW,上海申银万国证券研究所有限公司,行业指数,19991230,20211213,SW
850816.SI,申万集成电路制造,SW,上海申银万国证券研究所有限公司,行业指数,19991230,20211213,SW
850817.SI,申万集成电路封测,SW,上海申银万国证券研究所有限公司,行业指数,19991230,20211213,SW
850818.SI,申万半导体设备,SW,上海申银万国证券研究所有限公司,行业指数,19991230,20211213,SW
850821.SI,申万元件Ⅲ,SW,上海申银万国证券研究所有限公司,行业指数,19991230,20031015,SW
850822.SI,申万印制电路板,SW,上海申银万国证券研究所有限公司,行业指数,19991230,20111010,SW
850823.SI,申万被动元件,SW,上海申银万国证券研究所有限公司,行业指数,19991230,20111010,SW
850831.SI,申万面板,SW,上海申银万国证券研究所有限公司,行业指数,19991230,20031015,SW
850832.SI,申万LED,SW,上海申银万国证券研究所有限公司,行业指数,19991230,20111010,SW
850833.SI,申万光学元件,SW,上海申银万国证券研究所有限公司,行业指数,19991230,20111010,SW
850841.SI,申万其他电子Ⅲ,SW,上海申银万国证券研究所有限公司,行业指数,19991230,20031015,SW
850851.SI,申万电子系统组装,SW,上海申银万国证券研究所有限公司,行业指数,19991230,20111010,SW
850852.SI,申万电子零部件制造,SW,上海申银万国证券研究所有限公司,行业指数,19991230,20111010,SW
850853.SI,申万品牌消费电子,SW,上海申银万国证券研究所有限公司,行业指数,19991230,20211213,SW
850854.SI,申万消费电子零部件及组装,SW,上海申银万国证券研究所有限公司,行业指数,19991230,20211213,SW
850861.SI,申万电子化学品Ⅲ,SW,上海申银万国证券研究所有限公司,行业指数,19991230,20211213,SW
850911.SI,申万乘用车Ⅲ,SW,上海申银万国证券研究所有限公司,行业指数,19991230,20031015,SW
850912.SI,申万商用载货车,SW,上海申银万国证券研究所有限公司,行业指数,19991230,20031015,SW
850913.SI,申万商用载客车,SW,上海申银万国证券研究所有限公司,行业指数,19991230,20031015,SW
850914.SI,申万专用汽车,SW,上海申银万国证券研究所有限公司,行业指数,19991230,20031015,SW
850921.SI,申万汽车零部件Ⅲ,SW,上海申银万国证券研究所有限公司,行业指数,19991230,20031015,SW
850922.SI,申万车身附件及饰件,SW,上海申银万国证券研究所有限公司,行业指数,19991230,20211213,SW
850923.SI,申万底盘与发动机系统,SW,上海申银万国证券研究所有限公司,行业指数,19991230,20211213,SW
850924.SI,申万轮胎轮毂,SW,上海申银万国证券研究所有限公司,行业指数,19991230,20211213,SW
850925.SI,申万其他汽车零部件,SW,上海申银万国证券研究所有限公司,行业指数,19991230,20211213,SW
850926.SI,申万汽车电子电气系统,SW,上海申银万国证券研究所有限公司,行业指数,19991230,20211213,SW
850931.SI,申万摩托车Ⅲ,SW,上海申银万国证券研究所有限公司,行业指数,19991230,20031015,SW
850932.SI,申万农机设备,SW,上海申银万国证券研究所有限公司,行业指数,19991230,20031015,SW
850933.SI,申万其他交运设备,SW,上海申银万国证券研究所有限公司,行业指数,19991230,20031016,SW
850934.SI,申万航空航天设备,SW,上海申银万国证券研究所有限公司,行业指数,19991230,20070702,SW
850935.SI,申万航海装备Ⅲ,SW,上海申银万国证券研究所有限公司,行业指数,19991230,20070702,SW
850936.SI,申万轨交设备Ⅲ,SW,上海申银万国证券研究所有限公司,行业指数,19991230,20070702,SW
850937.SI,申万其他交运设备,SW,上海申银万国证券研究所有限公司,行业指数,19991230,20111010,SW
850941.SI,申万汽车服务Ⅲ,SW,上海申银万国证券研究所有限公司,行业指数,19991230,20031015,SW
850942.SI,申万其他交运设备服务,SW,上海申银万国证券研究所有限公司,行业指数,19991230,20111010,SW
850951.SI,申万电动乘用车,SW,上海申银万国证券研究所有限公司,行业指数,19991230,20211213,SW
850952.SI,申万综合乘用车,SW,上海申银万国证券研究所有限公司,行业指数,19991230,20211213,SW
851011.SI,申万交换设备,SW,上海申银万国证券研究所有限公司,行业指数,19991230,20031015,SW
851012.SI,申万终端设备,SW,上海申银万国证券研究所有限公司,行业指数,19991230,20031015,SW
851013.SI,申万通信传输设备,SW,上海申银万国证券研究所有限公司,行业指数,19991230,20031015,SW
851014.SI,申万通信配套服务,SW,上海申银万国证券研究所有限公司,行业指数,19991230,20031015,SW
851021.SI,申万计算机设备Ⅲ,SW,上海申银万国证券研究所有限公司,行业指数,19991230,20031015,SW
851024.SI,申万通信网络设备及器件,SW,上海申银万国证券研究所有限公司,行业指数,19991230,20211213,SW
851025.SI,申万通信线缆及配套,SW,上海申银万国证券研究所有限公司,行业指数,19991230,20211213,SW
851026.SI,申万通信终端及配件,SW,上海申银万国证券研究所有限公司,行业指数,19991230,20211213,SW
851027.SI,申万其他通信设备,SW,上海申银万国证券研究所有限公司,行业指数,19991230,20211213,SW
851041.SI,申万垂直应用软件,SW,上海申银万国证券研究所有限公司,行业指数,19991230,20211213,SW
851042.SI,申万横向通用软件,SW,上海申银万国证券研究所有限公司,行业指数,19991230,20211213,SW
851111.SI,申万冰箱,SW,上海申银万国证券研究所有限公司,行业指数,19991230,20031015,SW
851112.SI,申万空调,SW,上海申银万国证券研究所有限公司,行业指数,19991230,20031015,SW
851113.SI,申万洗衣机,SW,上海申银万国证券研究所有限公司,行业指数,19991230,20031015,SW
851114.SI,申万小家电Ⅲ,SW,上海申银万国证券研究所有限公司,行业指数,19991230,20031015,SW
851115.SI,申万家电零部件,SW,上海申银万国证券研究所有限公司,行业指数,19991230,20031015,SW
851116.SI,申万冰洗,SW,上海申银万国证券研究所有限公司,行业指数,19991230,20211213,SW
851121.SI,申万彩电,SW,上海申银万国证券研究所有限公司,行业指数,19991230,20031015,SW
851122.SI,申万其他黑色家电,SW,上海申银万国证券研究所有限公司,行业指数,19991230,20031015,SW
851131.SI,申万厨房小家电,SW,上海申银万国证券研究所有限公司,行业指数,19991230,20211213,SW
851132.SI,申万清洁小家电,SW,上海申银万国证券研究所有限公司,行业指数,19991230,20211213,SW
851133.SI,申万个护小家电,SW,上海申银万国证券研究所有限公司,行业指数,19991230,20211213,SW
851141.SI,申万厨房电器,SW,上海申银万国证券研究所有限公司,行业指数,19991230,20211213,SW
851142.SI,申万卫浴电器,SW,上海申银万国证券研究所有限公司,行业指数,19991230,20211213,SW
851151.SI,申万照明设备Ⅲ,SW,上海申银万国证券研究所有限公司,行业指数,19991230,20211213,SW
851161.SI,申万家电零部件Ⅲ,SW,上海申银万国证券研究所有限公司,行业指数,19991230,20211213,SW
851171.SI,申万其他家电Ⅲ,SW,上海申银万国证券研究所有限公司,行业指数,19991230,20211213,SW
851211.SI,申万肉制品Ⅲ,SW,上海申银万国证券研究所有限公司,行业指数,19991230,20031015,SW
851212.SI,申万制糖,SW,上海申银万国证券研究所有限公司,行业指数,19991230,20031015,SW
851213.SI,申万食品综合,SW,上海申银万国证券研究所有限公司,行业指数,19991230,20070702,SW
851221.SI,申万调味发酵品,SW,上海申银万国证券研究所有限公司,行业指数,19991230,20031015,SW
851222.SI,申万乳品Ⅲ,SW,上海申银万国证券研究所有限公司,行业指数,19991230,20031015,SW
851231.SI,申万白酒,SW,上海申银万国证券研究所有限公司,行业指数,19991230,20031015,SW
851232.SI,申万啤酒,SW,上海申银万国证券研究所有限公司,行业指数,19991230,20031015,SW
851233.SI,申万其他酒类,SW,上海申银万国证券研究所有限公司,行业指数,19991230,20031015,SW
851234.SI,申万软饮料Ⅲ,SW,上海申银万国证券研究所有限公司,行业指数,19991230,20031015,SW
851235.SI,申万葡萄酒,SW,上海申银万国证券研究所有限公司,行业指数,19991230,20070702,SW
851236.SI,申万黄酒,SW,上海申银万国证券研究所有限公司,行业指数,19991230,20080602,SW
851241.SI,申万肉制品Ⅲ,SW,上海申银万国证券研究所有限公司,行业指数,19991230,20111010,SW
851242.SI,申万调味发酵品Ⅲ,SW,上海申银万国证券研究所有限公司,行业指数,19991230,20111010,SW
851243.SI,申万乳品Ⅲ,SW,上海申银万国证券研究所有限公司,行业指数,19991230,20111010,SW
851244.SI,申万其他食品,SW,上海申银万国证券研究所有限公司,行业指数,19991230,20111010,SW
851246.SI,申万预加工食品,SW,上海申银万国证券研究所有限公司,行业指数,19991230,20211213,SW
851247.SI,申万保健品,SW,上海申银万国证券研究所有限公司,行业指数,19991230,20211213,SW
851251.SI,申万白酒Ⅲ,SW,上海申银万国证券研究所有限公司,行业指数,19991230,20211213,SW
851271.SI,申万软饮料Ⅲ,SW,上海申银万国证券研究所有限公司,行业指数,19991230,20211213,SW
851281.SI,申万零食,SW,上海申银万国证券研究所有限公司,行业指数,19991230,20211213,SW
851282.SI,申万烘焙食品,SW,上海申银万国证券研究所有限公司,行业指数,19991230,20211213,SW
851283.SI,申万熟食,SW,上海申银万国证券研究所有限公司,行业指数,19991230,20211213,SW
851311.SI,申万毛纺,SW,上海申银万国证券研究所有限公司,行业指数,19991230,20031015,SW
851312.SI,申万棉纺,SW,上海申银万国证券研究所有限公司,行业指数,19991230,20031015,SW
851313.SI,申万丝绸,SW,上海申银万国证券研究所有限公司,行业指数,19991230,20031015,SW
851314.SI,申万印染,SW,上海申银万国证券研究所有限公司,行业指数,19991230,20031015,SW
851315.SI,申万辅料,SW,上海申银万国证券研究所有限公司,行业指数,19991230,20111010,SW
851316.SI,申万其他纺织,SW,上海申银万国证券研究所有限公司,行业指数,19991230,20111010,SW
851317.SI,申万纺织鞋类制造,SW,上海申银万国证券研究所有限公司,行业指数,19991230,20211213,SW
851321.SI,申万服装,SW,上海申银万国证券研究所有限公司,行业指数,19991230,20031015,SW
851322.SI,申万男装,SW,上海申银万国证券研究所有限公司,行业指数,19991230,20111010,SW
851323.SI,申万女装,SW,上海申银万国证券研究所有限公司,行业指数,19991230,20111010,SW
851324.SI,申万休闲服装,SW,上海申银万国证券研究所有限公司,行业指数,19991230,20111010,SW
851325.SI,申万鞋帽及其他,SW,上海申银万国证券研究所有限公司,行业指数,19991230,20111010,SW
851326.SI,申万家纺,SW,上海申银万国证券研究所有限公司,行业指数,19991230,20111010,SW
851327.SI,申万其他服装,SW,上海申银万国证券研究所有限公司,行业指数,19991230,20111010,SW
851328.SI,申万运动服装,SW,上海申银万国证券研究所有限公司,行业指数,19991230,20211213,SW
851329.SI,申万非运动服装,SW,上海申银万国证券研究所有限公司,行业指数,19991230,20211213,SW
851331.SI,申万钟表珠宝,SW,上海申银万国证券研究所有限公司,行业指数,19991230,20211213,SW
851332.SI,申万多品类奢侈品,SW,上海申银万国证券研究所有限公司,行业指数,19991230,20211213,SW
851333.SI,申万其他饰品,SW,上海申银万国证券研究所有限公司,行业指数,19991230,20211213,SW
851411.SI,申万造纸Ⅲ,SW,上海申银万国证券研究所有限公司,行业指数,19991230,20031015,SW
851412.SI,申万大宗用纸,SW,上海申银万国证券研究所有限公司,行业指数,19991230,20211213,SW
851413.SI,申万特种纸,SW,上海申银万国证券研究所有限公司,行业指数,19991230,20211213,SW
851421.SI,申万包装印刷Ⅲ,SW,上海申银万国证券研究所有限公司,行业指数,19991230,20031015,SW
851422.SI,申万印刷,SW,上海申银万国证券研究所有限公司,行业指数,19991230,20211213,SW
851423.SI,申万金属包装,SW,上海申银万国证券研究所有限公司,行业指数,19991230,20211213,SW
851424.SI,申万塑料包装,SW,上海申银万国证券研究所有限公司,行业指数,19991230,20211213,SW
851425.SI,申万纸包装,SW,上海申银万国证券研究所有限公司,行业指数,19991230,20211213,SW
851426.SI,申万综合包装,SW,上海申银万国证券研究所有限公司,行业指数,19991230,20211213,SW
851431.SI,申万其他轻工制造,SW,上海申银万国证券研究所有限公司,行业指数,19991230,20031015,SW
851432.SI,申万家具,SW,上海申银万国证券研究所有限公司,行业指数,19991230,20070702,SW
851433.SI,申万其他家用轻工,SW,上海申银万国证券研究所有限公司,行业指数,19991230,20070702,SW
851434.SI,申万珠宝首饰,SW,上海申银万国证券研究所有限公司,行业指数,19991230,20111010,SW
851435.SI,申万文娱用品Ⅲ,SW,上海申银万国证券研究所有限公司,行业指数,19991230,20111010,SW
851436.SI,申万瓷砖地板,SW,上海申银万国证券研究所有限公司,行业指数,19991230,20211213,SW
851437.SI,申万成品家居,SW,上海申银万国证券研究所有限公司,行业指数,19991230,20211213,SW
851438.SI,申万定制家居,SW,上海申银万国证券研究所有限公司,行业指数,19991230,20211213,SW
851439.SI,申万卫浴制品,SW,上海申银万国证券研究所有限公司,行业指数,19991230,20211213,SW
851441.SI,申万其他轻工制造Ⅲ,SW,上海申银万国证券研究所有限公司,行业指数,19991230,20111010,SW
851451.SI,申万文化用品,SW,上海申银万国证券研究所有限公司,行业指数,19991230,20211213,SW
851452.SI,申万娱乐用品,SW,上海申银万国证券研究所有限公司,行业指数,19991230,20211213,SW
851491.SI,申万其他家居用品,SW,上海申银万国证券研究所有限公司,行业指数,19991230,20211213,SW
851511.SI,申万原料药,SW,上海申银万国证券研究所有限公司,行业指数,19991230,20031015,SW
851512.SI,申万化学制剂,SW,上海申银万国证券研究所有限公司,行业指数,19991230,20031015,SW
851513.SI,申万化学药,SW,上海申银万国证券研究所有限公司,行业指数,19991230,20031015,SW
851521.SI,申万中药Ⅲ,SW,上海申银万国证券研究所有限公司,行业指数,19991230,20031015,SW
851522.SI,申万血液制品,SW,上海申银万国证券研究所有限公司,行业指数,19991230,20211213,SW
851523.SI,申万疫苗,SW,上海申银万国证券研究所有限公司,行业指数,19991230,20211213,SW
851524.SI,申万其他生物制品,SW,上海申银万国证券研究所有限公司,行业指数,19991230,20211213,SW
851531.SI,申万生物制品Ⅲ,SW,上海申银万国证券研究所有限公司,行业指数,19991230,20031015,SW
851532.SI,申万医疗设备,SW,上海申银万国证券研究所有限公司,行业指数,19991230,20211213,SW
851533.SI,申万医疗耗材,SW,上海申银万国证券研究所有限公司,行业指数,19991230,20211213,SW
851534.SI,申万体外诊断,SW,上海申银万国证券研究所有限公司,行业指数,19991230,20211213,SW
851541.SI,申万医药商业Ⅲ,SW,上海申银万国证券研究所有限公司,行业指数,19991230,20031015,SW
851542.SI,申万医药流通,SW,上海申银万国证券研究所有限公司,行业指数,19991230,20211213,SW
851543.SI,申万线下药店,SW,上海申银万国证券研究所有限公司,行业指数,19991230,20211213,SW
851544.SI,申万互联网药店,SW,上海申银万国证券研究所有限公司,行业指数,19991230,20211213,SW
851551.SI,申万医疗器械Ⅲ,SW,上海申银万国证券研究所有限公司,行业指数,19991230,20031015,SW
851561.SI,申万医疗服务Ⅲ,SW,上海申银万国证券研究所有限公司,行业指数,19991230,20070702,SW
851562.SI,申万诊断服务,SW,上海申银万国证券研究所有限公司,行业指数,19991230,20211213,SW
851563.SI,申万医疗研发外包,SW,上海申银万国证券研究所有限公司,行业指数,19991230,20211213,SW
851564.SI,申万医院,SW,上海申银万国证券研究所有限公司,行业指数,19991230,20211213,SW
851565.SI,申万其他医疗服务,SW,上海申银万国证券研究所有限公司,行业指数,19991230,20211213,SW
851610.SI,申万电能综合服务,SW,上海申银万国证券研究所有限公司,行业指数,19991230,20211213,SW
851611.SI,申万火力发电,SW,上海申银万国证券研究所有限公司,行业指数,19991230,20031015,SW
851612.SI,申万水力发电,SW,上海申银万国证券研究所有限公司,行业指数,19991230,20031015,SW
851613.SI,申万燃机发电,SW,上海申银万国证券研究所有限公司,行业指数,19991230,20031015,SW
851614.SI,申万热力服务,SW,上海申银万国证券研究所有限公司,行业指数,19991230,20031015,SW
851615.SI,申万新能源发电,SW,上海申银万国证券研究所有限公司,行业指数,19991230,20140221,SW
851616.SI,申万光伏发电,SW,上海申银万国证券研究所有限公司,行业指数,19991230,20211213,SW
851617.SI,申万风力发电,SW,上海申银万国证券研究所有限公司,行业指数,19991230,20211213,SW
851618.SI,申万核力发电,SW,上海申银万国证券研究所有限公司,行业指数,19991230,20211213,SW
851619.SI,申万其他能源发电,SW,上海申银万国证券研究所有限公司,行业指数,19991230,20211213,SW
851621.SI,申万水务Ⅲ,SW,上海申银万国证券研究所有限公司,行业指数,19991230,20031015,SW
851631.SI,申万燃气Ⅲ,SW,上海申银万国证券研究所有限公司,行业指数,19991230,20031015,SW
851641.SI,申万环保工程及服务Ⅲ,SW,上海申银万国证券研究所有限公司,行业指数,19991230,20031015,SW
851711.SI,申万港口Ⅲ,SW,上海申银万国证券研究所有限公司,行业指数,19991230,20031015,SW
851721.SI,申万公交Ⅲ,SW,上海申银万国证券研究所有限公司,行业指数,19991230,20031015,SW
851731.SI,申万高速公路Ⅲ,SW,上海申银万国证券研究所有限公司,行业指数,19991230,20031015,SW
851741.SI,申万航空运输Ⅲ,SW,上海申银万国证券研究所有限公司,行业指数,19991230,20031015,SW
851751.SI,申万机场Ⅲ,SW,上海申银万国证券研究所有限公司,行业指数,19991230,20031015,SW
851761.SI,申万航运Ⅲ,SW,上海申银万国证券研究所有限公司,行业指数,19991230,20031015,SW
851771.SI,申万铁路运输Ⅲ,SW,上海申银万国证券研究所有限公司,行业指数,19991230,20031015,SW
851781.SI,申万物流Ⅲ,SW,上海申银万国证券研究所有限公司,行业指数,19991230,20031015,SW
851782.SI,申万原材料供应链服务,SW,上海申银万国证券研究所有限公司,行业指数,19991230,20211213,SW
851783.SI,申万中间产品及消费品供应链服务,SW,上海申银万国证券研究所有限公司,行业指数,19991230,20211213,SW
851784.SI,申万快递,SW,上海申银万国证券研究所有限公司,行业指数,19991230,20211213,SW
851785.SI,申万跨境物流,SW,上海申银万国证券研究所有限公司,行业指数,19991230,20211213,SW
851786.SI,申万仓储物流,SW,上海申银万国证券研究所有限公司,行业指数,19991230,20211213,SW
851787.SI,申万公路货运,SW,上海申银万国证券研究所有限公司,行业指数,19991230,20211213,SW
851811.SI,申万住宅开发,SW,上海申银万国证券研究所有限公司,行业指数,19991230,20031015,SW
851812.SI,申万商业地产,SW,上海申银万国证券研究所有限公司,行业指数,19991230,20211213,SW
851813.SI,申万产业地产,SW,上海申银万国证券研究所有限公司,行业指数,19991230,20211213,SW
851821.SI,申万园区开发Ⅲ,SW,上海申银万国证券研究所有限公司,行业指数,19991230,20031015,SW
851831.SI,申万物业管理,SW,上海申银万国证券研究所有限公司,行业指数,19991230,20211213,SW
851832.SI,申万房产租赁经纪,SW,上海申银万国证券研究所有限公司,行业指数,19991230,20211213,SW
851833.SI,申万房地产综合服务,SW,上海申银万国证券研究所有限公司,行业指数,19991230,20211213,SW
851911.SI,申万银行Ⅲ,SW,上海申银万国证券研究所有限公司,行业指数,19991230,20031015,SW
851921.SI,申万多元金融Ⅲ,SW,上海申银万国证券研究所有限公司,行业指数,19991230,20031015,SW
851922.SI,申万金融控股,SW,上海申银万国证券研究所有限公司,行业指数,19991230,20211213,SW
851923.SI,申万期货,SW,上海申银万国证券研究所有限公司,行业指数,19991230,20211213,SW
851924.SI,申万信托,SW,上海申银万国证券研究所有限公司,行业指数,19991230,20211213,SW
851925.SI,申万租赁,SW,上海申银万国证券研究所有限公司,行业指数,19991230,20211213,SW
851926.SI,申万金融信息服务,SW,上海申银万国证券研究所有限公司,行业指数,19991230,20211213,SW
851927.SI,申万资产管理,SW,上海申银万国证券研究所有限公司,行业指数,19991230,20211213,SW
851928.SI,申万其他多元金融,SW,上海申银万国证券研究所有限公司,行业指数,19991230,20211213,SW
851931.SI,申万证券Ⅲ,SW,上海申银万国证券研究所有限公司,行业指数,19991230,20031015,SW
851941.SI,申万保险Ⅲ,SW,上海申银万国证券研究所有限公司,行业指数,19991230,20031015,SW
852011.SI,申万百货零售,SW,上海申银万国证券研究所有限公司,行业指数,19991230,20031015,SW
852012.SI,申万专业连锁,SW,上海申银万国证券研究所有限公司,行业指数,19991230,20031015,SW
852013.SI,申万商业物业经营Ⅲ,SW,上海申银万国证券研究所有限公司,行业指数,19991230,20070702,SW
852021.SI,申万贸易Ⅲ,SW,上海申银万国证券研究所有限公司,行业指数,19991230,20031015,SW
852031.SI,申万百货,SW,上海申银万国证券研究所有限公司,行业指数,19991230,20140221,SW
852032.SI,申万超市,SW,上海申银万国证券研究所有限公司,行业指数,19991230,20140221,SW
852033.SI,申万多业态零售,SW,上海申银万国证券研究所有限公司,行业指数,19991230,20140221,SW
852034.SI,申万商业物业经营Ⅲ,SW,上海申银万国证券研究所有限公司,行业指数,19991230,20211213,SW
852041.SI,申万专业连锁Ⅲ,SW,上海申银万国证券研究所有限公司,行业指数,19991230,20140221,SW
852051.SI,申万一般物业经营,SW,上海申银万国证券研究所有限公司,行业指数,19991230,20140221,SW
852052.SI,申万专业市场,SW,上海申银万国证券研究所有限公司,行业指数,19991230,20140221,SW
852061.SI,申万综合电商,SW,上海申银万国证券研究所有限公司,行业指数,19991230,20211213,SW
852062.SI,申万跨境电商,SW,上海申银万国证券研究所有限公司,行业指数,19991230,20211213,SW
852063.SI,申万电商服务,SW,上海申银万国证券研究所有限公司,行业指数,19991230,20211213,SW
852071.SI,申万旅游零售Ⅲ,SW,上海申银万国证券研究所有限公司,行业指数,19991230,20211213,SW
852111.SI,申万人工景区,SW,上海申银万国证券研究所有限公司,行业指数,19991230,20031015,SW
852112.SI,申万自然景区,SW,上海申银万国证券研究所有限公司,行业指数,19991230,20031015,SW
852121.SI,申万酒店Ⅲ,SW,上海申银万国证券研究所有限公司,行业指数,19991230,20031015,SW
852131.SI,申万旅游综合Ⅲ,SW,上海申银万国证券研究所有限公司,行业指数,19991230,20031015,SW
852141.SI,申万餐饮Ⅲ,SW,上海申银万国证券研究所有限公司,行业指数,19991230,20031015,SW
852151.SI,申万其他休闲服务Ⅲ,SW,上海申银万国证券研究所有限公司,行业指数,19991230,20140221,SW
852161.SI,申万体育Ⅲ,SW,上海申银万国证券研究所有限公司,行业指数,19991230,20211213,SW
852171.SI,申万本地生活服务Ⅲ,SW,上海申银万国证券研究所有限公司,行业指数,19991230,20211213,SW
852181.SI,申万人力资源服务,SW,上海申银万国证券研究所有限公司,行业指数,19991230,20211213,SW
852182.SI,申万检测服务,SW,上海申银万国证券研究所有限公司,行业指数,19991230,20211213,SW
852183.SI,申万会展服务,SW,上海申银万国证券研究所有限公司,行业指数,19991230,20211213,SW
852184.SI,申万其他专业服务,SW,上海申银万国证券研究所有限公司,行业指数,19991230,20211213,SW
852211.SI,申万通信运营,SW,上海申银万国证券研究所有限公司,行业指数,19991230,20031015,SW
852212.SI,申万电信运营商,SW,上海申银万国证券研究所有限公司,行业指数,19991230,20211213,SW
852213.SI,申万通信工程及服务,SW,上海申银万国证券研究所有限公司,行业指数,19991230,20211213,SW
852214.SI,申万通信应用增值服务,SW,上海申银万国证券研究所有限公司,行业指数,19991230,20211213,SW
852221.SI,申万互联网信息服务,SW,上海申银万国证券研究所有限公司,行业指数,19991230,20031015,SW
852222.SI,申万移动互联网服务,SW,上海申银万国证券研究所有限公司,行业指数,19991230,20031015,SW
852223.SI,申万其他互联网服务,SW,上海申银万国证券研究所有限公司,行业指数,19991230,20031015,SW
852224.SI,申万有线电视网络,SW,上海申银万国证券研究所有限公司,行业指数,19991230,20031015,SW
852225.SI,申万软件开发Ⅲ,SW,上海申银万国证券研究所有限公司,行业指数,19991230,20140221,SW
852226.SI,申万IT服务Ⅲ,SW,上海申银万国证券研究所有限公司,行业指数,19991230,20140221,SW
852231.SI,申万计算机应用Ⅲ,SW,上海申银万国证券研究所有限公司,行业指数,19991230,20031015,SW
852232.SI,申万软件开发及服务,SW,上海申银万国证券研究所有限公司,行业指数,19991230,20080602,SW
852233.SI,申万系统集成,SW,上海申银万国证券研究所有限公司,行业指数,19991230,20080602,SW
852241.SI,申万平面媒体,SW,上海申银万国证券研究所有限公司,行业指数,19991230,20031015,SW
852242.SI,申万影视动漫,SW,上海申银万国证券研究所有限公司,行业指数,19991230,20031015,SW
852243.SI,申万营销服务,SW,上海申银万国证券研究所有限公司,行业指数,19991230,20031015,SW
852244.SI,申万其他文化传媒,SW,上海申银万国证券研究所有限公司,行业指数,19991230,20031015,SW
852311.SI,申万综合Ⅲ,SW,上海申银万国证券研究所有限公司,行业指数,19991230,20031015,SW
857111.SI,申万水泥制造Ⅲ,SW,上海申银万国证券研究所有限公司,行业指数,19991230,20211213,SW
857112.SI,申万水泥制品,SW,上海申银万国证券研究所有限公司,行业指数,19991230,20211213,SW
857121.SI,申万玻璃制造Ⅲ,SW,上海申银万国证券研究所有限公司,行业指数,19991230,20211213,SW
857122.SI,申万玻纤制造,SW,上海申银万国证券研究所有限公司,行业指数,19991230,20211213,SW
857221.SI,申万装修装饰Ⅲ,SW,上海申银万国证券研究所有限公司,行业指数,19991230,20140221,SW
857231.SI,申万城轨建设,SW,上海申银万国证券研究所有限公司,行业指数,19991230,20140221,SW
857232.SI,申万路桥施工,SW,上海申银万国证券研究所有限公司,行业指数,19991230,20140221,SW
857233.SI,申万水利工程,SW,上海申银万国证券研究所有限公司,行业指数,19991230,20140221,SW
857234.SI,申万铁路建设,SW,上海申银万国证券研究所有限公司,行业指数,19991230,20140221,SW
857235.SI,申万其他基础建设,SW,上海申银万国证券研究所有限公司,行业指数,19991230,20140221,SW
857236.SI,申万基建市政工程,SW,上海申银万国证券研究所有限公司,行业指数,19991230,20211213,SW
857241.SI,申万钢结构,SW,上海申银万国证券研究所有限公司,行业指数,19991230,20140221,SW
857242.SI,申万化学工程,SW,上海申银万国证券研究所有限公司,行业指数,19991230,20140221,SW
857243.SI,申万国际工程,SW,上海申银万国证券研究所有限公司,行业指数,19991230,20140221,SW
857244.SI,申万其他专业工程,SW,上海申银万国证券研究所有限公司,行业指数,19991230,20140221,SW
857251.SI,申万园林工程Ⅲ,SW,上海申银万国证券研究所有限公司,行业指数,19991230,20140221,SW
857261.SI,申万工程咨询服务Ⅲ,SW,上海申银万国证券研究所有限公司,行业指数,19991230,20211213,SW
857321.SI,申万电网自动化设备,SW,上海申银万国证券研究所有限公司,行业指数,19991230,20140221,SW
857322.SI,申万工控自动化,SW,上海申银万国证券研究所有限公司,行业指数,19991230,20140221,SW
857323.SI,申万电工仪器仪表,SW,上海申银万国证券研究所有限公司,行业指数,19991230,20140221,SW
857331.SI,申万综合电力设备商,SW,上海申银万国证券研究所有限公司,行业指数,19991230,20140221,SW
857332.SI,申万风电设备Ⅲ,SW,上海申银万国证券研究所有限公司,行业指数,19991230,20140221,SW
857333.SI,申万光伏设备Ⅲ,SW,上海申银万国证券研究所有限公司,行业指数,19991230,20140221,SW
857334.SI,申万火电设备,SW,上海申银万国证券研究所有限公司,行业指数,19991230,20140221,SW
857335.SI,申万储能设备,SW,上海申银万国证券研究所有限公司,行业指数,19991230,20140221,SW
857336.SI,申万其他电源设备Ⅲ,SW,上海申银万国证券研究所有限公司,行业指数,19991230,20140221,SW
857341.SI,申万高压设备,SW,上海申银万国证券研究所有限公司,行业指数,19991230,20140221,SW
857342.SI,申万中压设备,SW,上海申银万国证券研究所有限公司,行业指数,19991230,20140221,SW
857343.SI,申万低压设备,SW,上海申银万国证券研究所有限公司,行业指数,19991230,20140221,SW
857344.SI,申万线缆部件及其他,SW,上海申银万国证券研究所有限公司,行业指数,19991230,20140221,SW
857351.SI,申万硅料硅片,SW,上海申银万国证券研究所有限公司,行业指数,19991230,20211213,SW
857352.SI,申万光伏电池组件,SW,上海申银万国证券研究所有限公司,行业指数,19991230,20211213,SW
857353.SI,申万逆变器,SW,上海申银万国证券研究所有限公司,行业指数,19991230,20211213,SW
857354.SI,申万光伏辅材,SW,上海申银万国证券研究所有限公司,行业指数,19991230,20211213,SW
857355.SI,申万光伏加工设备,SW,上海申银万国证券研究所有限公司,行业指数,19991230,20211213,SW
857361.SI,申万风电整机,SW,上海申银万国证券研究所有限公司,行业指数,19991230,20211213,SW
857362.SI,申万风电零部件,SW,上海申银万国证券研究所有限公司,行业指数,19991230,20211213,SW
857371.SI,申万锂电池,SW,上海申银万国证券研究所有限公司,行业指数,19991230,20211213,SW
857372.SI,申万电池化学品,SW,上海申银万国证券研究所有限公司,行业指数,19991230,20211213,SW
857373.SI,申万锂电专用设备,SW,上海申银万国证券研究所有限公司,行业指数,19991230,20211213,SW
857374.SI,申万燃料电池,SW,上海申银万国证券研究所有限公司,行业指数,19991230,20211213,SW
857375.SI,申万蓄电池及其他电池,SW,上海申银万国证券研究所有限公司,行业指数,19991230,20211213,SW
857381.SI,申万输变电设备Ⅲ,SW,上海申银万国证券研究所有限公司,行业指数,19991230,20211213,SW
857382.SI,申万配电设备,SW,上海申银万国证券研究所有限公司,行业指数,19991230,20211213,SW
857411.SI,申万航天装备Ⅲ,SW,上海申银万国证券研究所有限公司,行业指数,19991230,20140221,SW
857421.SI,申万航空装备Ⅲ,SW,上海申银万国证券研究所有限公司,行业指数,19991230,20140221,SW
857431.SI,申万地面兵装Ⅲ,SW,上海申银万国证券研究所有限公司,行业指数,19991230,20140221,SW
857451.SI,申万军工电子Ⅲ,SW,上海申银万国证券研究所有限公司,行业指数,19991230,20211213,SW
857641.SI,申万游戏Ⅲ,SW,上海申银万国证券研究所有限公司,行业指数,19991230,20211213,SW
857651.SI,申万营销代理,SW,上海申银万国证券研究所有限公司,行业指数,19991230,20211213,SW
857652.SI,申万广告媒体,SW,上海申银万国证券研究所有限公司,行业指数,19991230,20211213,SW
857661.SI,申万影视动漫制作,SW,上海申银万国证券研究所有限公司,行业指数,19991230,20211213,SW
857662.SI,申万院线,SW,上海申银万国证券研究所有限公司,行业指数,19991230,20211213,SW
857671.SI,申万视频媒体,SW,上海申银万国证券研究所有限公司,行业指数,19991230,20211213,SW
857672.SI,申万音频媒体,SW,上海申银万国证券研究所有限公司,行业指数,19991230,20211213,SW
857673.SI,申万图片媒体,SW,上海申银万国证券研究所有限公司,行业指数,19991230,20211213,SW
857674.SI,申万门户网站,SW,上海申银万国证券研究所有限公司,行业指数,19991230,20211213,SW
857675.SI,申万文字媒体,SW,上海申银万国证券研究所有限公司,行业指数,19991230,20211213,SW
857676.SI,申万其他数字媒体,SW,上海申银万国证券研究所有限公司,行业指数,19991230,20211213,SW
857681.SI,申万社交Ⅲ,SW,上海申银万国证券研究所有限公司,行业指数,19991230,20211213,SW
857691.SI,申万教育出版,SW,上海申银万国证券研究所有限公司,行业指数,19991230,20211213,SW
857692.SI,申万大众出版,SW,上海申银万国证券研究所有限公司,行业指数,19991230,20211213,SW
857693.SI,申万其他出版,SW,上海申银万国证券研究所有限公司,行业指数,19991230,20211213,SW
857821.SI,申万国有大型银行Ⅲ,SW,上海申银万国证券研究所有限公司,行业指数,19991230,20211213,SW
857831.SI,申万股份制银行Ⅲ,SW,上海申银万国证券研究所有限公司,行业指数,19991230,20211213,SW
857841.SI,申万城商行Ⅲ,SW,上海申银万国证券研究所有限公司,行业指数,19991230,20211213,SW
857851.SI,申万农商行Ⅲ,SW,上海申银万国证券研究所有限公司,行业指数,19991230,20211213,SW
857861.SI,申万其他银行Ⅲ,SW,上海申银万国证券研究所有限公司,行业指数,19991230,20211213,SW
858811.SI,申万其他运输设备,SW,上海申银万国证券研究所有限公司,行业指数,19991230,20140221,SW
858812.SI,申万摩托车Ⅲ,SW,上海申银万国证券研究所有限公司,行业指数,19991230,20211213,SW
859511.SI,申万动力煤,SW,上海申银万国证券研究所有限公司,行业指数,19991230,20211213,SW
859512.SI,申万焦煤,SW,上海申银万国证券研究所有限公司,行业指数,19991230,20211213,SW
859521.SI,申万焦炭Ⅲ,SW,上海申银万国证券研究所有限公司,行业指数,19991230,20211213,SW
859611.SI,申万油气开采Ⅲ,SW,上海申银万国证券研究所有限公司,行业指数,19991230,20211213,SW
859621.SI,申万油田服务,SW,上海申银万国证券研究所有限公司,行业指数,19991230,20211213,SW
859622.SI,申万油气及炼化工程,SW,上海申银万国证券研究所有限公司,行业指数,19991230,20211213,SW
859631.SI,申万炼油化工,SW,上海申银万国证券研究所有限公司,行业指数,19991230,20211213,SW
859632.SI,申万油品石化贸易,SW,上海申银万国证券研究所有限公司,行业指数,19991230,20211213,SW
859633.SI,申万其他石化,SW,上海申银万国证券研究所有限公司,行业指数,19991230,20211213,SW
859711.SI,申万大气治理,SW,上海申银万国证券研究所有限公司,行业指数,19991230,20211213,SW
859712.SI,申万水务及水治理,SW,上海申银万国证券研究所有限公司,行业指数,19991230,20211213,SW
859713.SI,申万固废治理,SW,上海申银万国证券研究所有限公司,行业指数,19991230,20211213,SW
859714.SI,申万综合环境治理,SW,上海申银万国证券研究所有限公司,行业指数,19991230,20211213,SW
859721.SI,申万环保设备Ⅲ,SW,上海申银万国证券研究所有限公司,行业指数,19991230,20211213,SW
859811.SI,申万生活用纸,SW,上海申银万国证券研究所有限公司,行业指数,19991230,20211213,SW
859812.SI,申万洗护用品,SW,上海申银万国证券研究所有限公司,行业指数,19991230,20211213,SW
859821.SI,申万化妆品制造及其他,SW,上海申银万国证券研究所有限公司,行业指数,19991230,20211213,SW
859822.SI,申万品牌化妆品,SW,上海申银万国证券研究所有限公司,行业指数,19991230,20211213,SW
859831.SI,申万医美耗材,SW,上海申银万国证券研究所有限公司,行业指数,19991230,20211213,SW
859832.SI,申万医美服务,SW,上海申银万国证券研究所有限公司,行业指数,19991230,20211213,SW
859851.SI,申万学历教育,SW,上海申银万国证券研究所有限公司,行业指数,19991230,20211213,SW
859852.SI,申万培训教育,SW,上海申银万国证券研究所有限公司,行业指数,19991230,20211213,SW
859853.SI,申万教育运营及其他,SW,上海申银万国证券研究所有限公司,行业指数,19991230,20211213,SW
859931.SI,申万博彩,SW,上海申银万国证券研究所有限公司,行业指数,19991230,20211213,SW
859951.SI,申万电视广播Ⅲ,SW,上海申银万国证券研究所有限公司,行业指数,19991230,20211213,SW
