date,return,nav
20150105,0.02400208362021862,1.0240020836202186
20150106,-0.001427724069636157,1.0225400911980764
20150107,0.0024801110579714338,1.025076104185476
20150108,-0.006857599541839412,1.0180465427630632
20150109,-0.019086628884346424,0.9986154662143527
20150112,0.019508215686324496,1.0180966721169618
20150113,-0.0025192380737016126,1.0155318442178558
20150114,0.006887693904239743,1.0225265167108364
20150115,0.01430708801361186,1.0371558935816703
20150116,-0.01742828655715719,1.0190800434638845
20150119,0.03913258430839411,1.0589592791817368
20150120,0.02497450664436078,1.0854062647357685
20150121,0.01837855794564455,1.1053544666667805
20150122,-0.008016598318518994,1.0964932839079322
20150123,0.02073842386619022,1.1192328263960458
20150126,0.01049144653137395,1.1309751977503384
20150127,0.0025495076752132207,1.1338586276974785
20150128,-0.0026032528645887443,1.1309069069768865
20150129,-0.008020238749863155,1.1218367635790625
20150130,0.001560293352279106,1.1235871580236172
20150202,0.018729801236512765,1.1446317221652977
20150203,0.0009167791570440385,1.1456810966706703
20150204,-0.0038243417379704016,1.141299620634269
20150205,-0.01920721611560998,1.1193784321680829
20150206,-0.007653998100176612,1.1108107117748895
20150209,0.008119206218600785,1.1198296130136207
20150210,0.012746430336461485,1.1341034431646055
20150211,0.01291979876508924,1.148755831429087
20150212,0.018208491873667285,1.1696729426504917
20150213,0.019789111553590297,1.1928197309938184
20150216,0.003942584641977444,1.1975225237458822
20150217,0.005510618777197399,1.204121613851353
20150225,0.012715979452629214,1.2194331995515537
20150226,0.01609496950189496,1.2390599397079343
20150227,0.02348050375465218,1.2681536912744855
20150302,-0.0010464066932926357,1.2668266867638123
20150303,0.023494429657730232,1.2965900572445201
20150304,0.014049495872600345,1.3148064939022317
20150305,-0.006374008507835286,1.3064259061239418
20150306,0.014775382159172972,1.3257288481495668
20150309,0.01584909507438426,1.3467404507067433
20150310,0.004096122660493015,1.3522568647846858
20150311,-0.005225967023847765,1.3451900150015492
20150312,0.016843053928031183,1.3678471229676692
20150313,0.031930799926690186,1.4115235757814486
20150316,0.015774260839673947,1.4337893168471745
20150317,0.022834799840912766,1.4665296089114188
20150318,0.012806819951944534,1.4853111895669429
20150319,0.01498630768579673,1.50757052006295
20150320,0.02823579060917004,1.550137965596005
20150323,0.0011224702488615945,1.5518779493440176
20150324,0.02217765089199526,1.5862949567315547
20150325,-0.0013805923300871312,1.5841049300810353
20150326,0.019804293623380154,1.6154770092466042
20150327,0.007745917993215257,1.6279903616801532
20150330,0.0060859486129539245,1.6378982273637228
20150331,0.02834477331155703,1.6843240813257485
20150401,0.03152112132974147,1.7374158650518228
20150402,0.03133859468242273,1.7918640366414926
20150403,0.025276259444850225,1.8371556569215395
20150407,-0.009893363947212396,1.8189800073799347
20150408,-0.007499468828522268,1.8053386235148836
20150409,0.031489335405216055,1.862187536950735
20150410,0.030809179504440648,1.9195600070475827
20150413,0.00480468967138515,1.9287828971870482
20150414,-0.0391627365764015,1.8532464806714435
20150415,0.010564289157514341,1.8728247123734025
20150416,0.004464375265541296,1.881185704696017
20150417,-0.024519778715881884,1.8350594474933903
20150420,0.04316435136649254,1.9142685982633967
20150421,0.032868028590471554,1.9771868332809597
20150422,0.01819743410421979,2.013166560391321
20150423,0.011259612258240088,2.035834035272582
20150424,0.017204985516089424,2.0708605303626086
20150427,-0.024776013243534102,2.0195528624368326
20150428,0.03274289613411878,2.085678872048964
20150429,0.009048084449127686,2.104550270617024
20150430,0.018531434142901374,2.143550605357389
20150504,-0.01709487730856141,2.106906870754112
20150505,-0.006501467576912861,2.093208884046329
20150506,-0.02314643090741859,2.044758569236956
20150507,0.05080406482996177,2.14864061615009
20150508,0.05238932763408797,2.2612064533574854
20150511,0.028267975007805073,2.325126180868482
20150512,0.018928894178449174,2.369138248297683
20150513,0.029269556938603645,2.4384818751516555
20150514,0.004773497989462136,2.4501219634800315
20150515,0.0418468000024994,2.5526517272675115
20150518,0.032642726294981994,2.635977238927118
20150519,0.026753835734598427,2.7064997409775144
20150520,0.043562298759244424,2.8244010912857944
20150521,0.02866425228144219,2.905360436710391
20150522,0.03771917128331803,3.014948224662446
20150525,0.053554198023998356,3.176411358918121
20150526,0.03825757435588532,3.2979331526668094
20150527,-0.0428611373449328,3.15657998685595
20150528,0.02058388970847899,3.221554681161385
20150529,0.06541317183870768,3.4322867911079875
20150601,0.05869495029021307,3.6337446936938256
20150602,0.01981944805830577,3.7057635079076348
20150603,0.0006249093529779702,3.7080792741836506
20150604,0.030198635265899335,3.8200582077217637
20150605,-0.0016405099354522366,3.81379136427799
20150608,0.007469714450387244,3.8422792967424995
20150609,0.03607041383504492,3.980871901045827
20150610,0.040080358492001936,4.140426673950481
20150611,0.03216610496593226,4.273608072948518
20150612,-0.009401784428079088,4.233428531116558
20150615,-0.03300889234411258,4.093687744486437
20150616,0.03236229726446505,4.226168884181405
20150617,-0.031551803272035016,4.092825634953318
20150618,-0.06914047810596358,3.8098457137483015
20150619,0.007364785692846827,3.837904410952869
20150623,0.0315187431810505,3.958870334435113
20150624,-0.03669566662993336,3.8135969484115493
20150625,-0.08687026369145595,3.482308775890106
20150626,-0.0860248341471222,3.182743740995092
20150629,0.04469251893320287,3.324988575899048
20150630,-0.0669792463701817,3.1022833468958657
20150701,-0.07837237078277072,2.859150046159728
20150702,-0.07687692893768913,2.639347371238916
20150703,-0.06661263859828265,2.463533478663251
20150706,-0.09137463223176912,2.2384290130597453
20150707,-0.06968250809602863,2.082449665234824
20150708,0.09789223011312546,2.286305307062993
20150709,0.09785438709985,2.5100303116087765
20150710,0.09626630914454515,2.7516616655482857
20150713,0.05958599059863673,2.9156221516822747
20150714,-0.056047589493865235,2.7522085582055666
20150715,0.01905105641505095,2.804641038713927
20150716,0.07638108769391067,3.018862571841876
20150717,0.029855397902533356,3.1089919151372802
20150720,0.038900642993496874,3.2299336996977037
20150721,0.020502596522510595,3.2961557271370654
20150722,0.055516770655341705,3.4791476486848247
20150723,-0.010295383099782373,3.443328490780907
20150724,-0.08797513819743526,3.1404011909452905
20150727,-0.0564560183804208,2.9631066435873876
20150728,0.07560340588917339,3.187127597855431
20150729,-0.024508576405139017,3.1090156376104643
20150730,-0.014259712884275442,3.0646819672654164
20150731,-0.05767430876729543,2.8879285532117884
20150803,0.08239229917396546,3.125871626561051
20150804,0.006776301882541486,3.1470534763486997
20150805,0.007467297778441044,3.1705534617812736
20150806,0.04789721645338064,3.3224141472172266
20150807,0.06030960516030856,3.5227876326149206
20150810,0.014957465035148023,3.5754796054560103
20150811,-0.012756244163081607,3.5298699146086947
20150812,0.03731458406301831,3.6615855422688797
20150813,0.01775462577065984,3.726595623299122
20150814,0.02539363667410641,3.821227438588495
20150817,-0.08715267199570698,3.488197257012196
20150818,0.029068491004899288,3.5895938876009694
20150819,-0.03437933328032418,3.466186042998121
20150820,-0.06720434153933412,3.2332432923256023
20150821,-0.09612209968589948,2.9224571582719148
20150824,-0.09146215023766659,2.655162942598905
20150825,-0.04003062104229278,2.548875121038189
20150826,0.04462917051543774,2.6626293034375594
20150827,0.0799442332368988,2.8754911614949727
20150828,-0.05047023495624012,2.7303644469597295
20150831,-0.07908799914832475,2.5144253859039623
20150901,-0.05303211496908405,2.38108008975752
20150902,0.031010684875144755,2.454919014083472
20150907,0.07105480137358855,2.629352797017419
20150908,0.055263127398578415,2.7746590556148014
20150909,-0.017376865801892932,2.726444177559376
20150910,0.016601765666050653,2.771707964896785
20150911,-0.09044124530895843,2.5210312449187606
20150914,-0.07079657742834354,2.342550861188596
20150915,0.09418097377750773,2.5631745824186773
20150916,-0.020275844922382654,2.5112040520765633
20150917,0.022628759010831972,2.568029483398029
20150918,0.05098226193578546,2.6989534351794466
20150921,0.010640775932513447,2.727672393935478
20150922,-0.005381365259862622,2.7129937924744674
20150923,0.027851361422009228,2.7885543631243412
20150924,-0.04507687665755507,2.662855042044898
20150925,0.03671249709387017,2.760615100037369
20150928,-0.01786876320866358,2.7112863225045403
20150929,0.008215950562028956,2.733562116889743
20150930,0.050920452801092225,2.8727563376416807
20151008,0.023945036483100843,2.94154459295357
20151009,0.05274295065960418,3.096690334282746
20151012,0.020181679866509854,3.1591867472549557
20151013,-0.011242787571576233,3.1236686817566293
20151014,0.04123474379542038,3.252472359550642
20151015,0.01950396320584798,3.3159084607793554
20151016,0.0005688741615106972,3.317794795424627
20151019,0.02633226243826225,3.405159838694049
20151020,-0.07789592024944596,3.1399117794625213
20151021,0.046847684042845235,3.2870093744291897
20151022,0.041718421570890854,3.4241382172190966
20151023,0.01798059550779133,3.4857062614656833
20151026,0.011657923735425796,3.5263423592259464
20151027,-0.018009526037685318,3.462834604689674
20151028,0.015142155944920672,3.515269386285353
20151029,0.0006597827570729126,3.5175887004128903
20151030,-0.0139598787281713,3.4684835887395407
20151102,0.010550410169412563,3.5050775132666185
20151103,0.05655203485152406,3.7032967789541655
20151104,0.001981951703925215,3.7106365343153547
20151105,0.0335383718460974,3.8350852421889368
20151106,0.01998706488148501,3.911737339750593
20151109,0.01268333691325965,3.961351222346828
20151110,0.033327871763257605,4.093374627894427
20151111,0.013258280823222115,4.147645738225704
20151112,-0.02576052324660125,4.040800213767475
20151113,0.032230292103686824,4.171036384989841
20151116,-0.00645143722797815,4.144127205576466
20151117,-0.020088317266489103,4.0608786634781575
20151118,0.033271954313542754,4.195992032842243
20151119,0.02232845025003547,4.289682032197106
20151120,-0.0025668953716635402,4.278670867242751
20151123,0.025452286999754978,4.387572826133304
20151124,0.023799251985576527,4.491993777427518
20151125,0.000662297178851267,4.494968812233726
20151126,-0.06739364931587617,4.1920364604162454
20151127,0.014263885102827044,4.251831186834484
20151130,0.011768374555281381,4.301868328786979
20151201,-0.012087583922206272,4.249869134340485
20151202,0.03499902250037303,4.398610399796909
20151203,0.0071386673233741925,4.430010616126193
20151204,0.022902190686316087,4.5314675639991195
20151207,-0.018496438948225648,4.4476515508557455
20151208,-0.005998895483655216,4.420970554054445
20151209,-0.0024982011288353775,4.409926080425758
20151210,-0.0024713155528121185,4.39902776151645
20151211,0.02670707254925706,4.516512915089466
20151214,0.015682875561757716,4.587344825109886
20151215,0.01730958756717887,4.66674987206097
20151216,0.03606021666584808,4.835033883572808
20151217,0.0029599377488858177,4.849345282881937
20151218,0.01575781917046102,4.925760388944719
20151221,0.016634904896802877,5.007699944559253
20151222,-0.005866400891911506,4.978322769138066
20151223,0.010810248873750138,5.032139677246304
20151224,0.022018986829601177,5.142942294524304
20151225,-0.02265562593979033,5.0264257176696345
20151228,0.022382230099319923,5.1389283346596555
20151229,0.016701368808730195,5.22475547205844
20151230,-0.01603406076221321,5.140981425351749
20151231,-0.08676874377053596,4.694904925326319
20160104,-0.023005383110354084,4.586896838852499
20160105,0.03467606531631615,4.745952373235752
20160106,-0.08854511080252048,4.325721494484107
20160107,0.007066757781157046,4.35629032051437
20160108,-0.0838231943617718,3.991132150281589
20160111,0.00016069707868346912,3.9917735135587784
20160112,-0.04512147688302963,3.811658797244446
20160113,0.04311001856852199,3.9759794787705243
20160114,-0.041889552026165296,3.809427479539601
20160115,0.028897494862289583,3.919510390557861
20160118,0.05042895799645849,4.117167215409986
20160119,0.0009562514810572258,4.121104262657482
20160120,-0.04523071407438484,3.934703774082493
20160121,0.021662284407644825,4.019938446296502
20160122,0.0211718716475941,4.105048067112721
20160125,-0.08700690213699454,3.7478805516697853
20160126,-0.016007337514583355,3.687886962714864
20160127,-0.05240229041850258,3.4946332390640706
20160128,0.04666439631763801,3.6577081895165477
20160129,-0.008284992585634943,3.627404104285987
20160201,0.04373218993196739,3.7860384295346194
20160202,0.011658463549441143,3.8301778205621324
20160203,0.030178495444074773,3.945766824469963
20160204,-0.006775951564826942,3.9190304995812535
20160205,0.0025847688942481684,3.929160287712181
20160215,0.04756248361467118,4.116040909515908
20160216,0.01657405309618357,4.184260390096288
20160217,-4.5415250226176786e-05,4.18407036086366
20160218,0.009653490715167244,4.224461245243864
20160219,0.027846620438976913,4.342098214099337
20160222,-0.0023041385002344336,4.332093418432431
20160223,0.00833704771251169,4.368210287956961
20160224,-0.08833290948054494,3.9823535639988736
20160225,-0.0023415256124993287,3.973028781130742
20160226,-0.07269139680216218,3.6842237694951567
20160229,0.027218098137684645,3.7845013336144664
20160301,0.05646832667065247,3.9982057912065283
20160302,0.005980284619462641,4.022116199805127
20160303,-0.04151589687227182,3.855134438445723
20160304,0.03423268840481189,3.987106054435695
20160307,0.01609344816369956,4.051272339045928
20160308,-0.023296516953509396,3.956891804316061
20160309,-0.0168081732858697,3.890383681195679
20160310,0.0026729948637418755,3.9007826567935
20160311,0.0440101843616485,4.072456820673703
20160314,-0.003914238901537073,4.056516251761392
20160315,-0.0008168629881848285,4.053202633774358
20160316,0.039420470188484005,4.212981787366945
20160317,0.04161804003592838,4.388317832064219
20160318,0.028465608944348377,4.5132339713952705
20160321,-8.646876356267577e-05,4.5128437176340945
20160322,0.012243049370966564,4.568094686072546
20160323,-0.016464397831926204,4.49288375782714
20160324,0.013801864553666806,4.554893930908039
20160325,-0.003142068068504279,4.540582144132309
20160328,-0.023824420118758263,4.432405407546769
20160329,0.04329131394146868,4.62429006156074
20160330,0.01144176143555925,4.677200085253945
20160331,-0.00010771547219638496,4.676696278438206
20160401,0.03435195307586654,4.837349929545194
20160405,0.011122667960982519,4.891154166622608
20160406,-0.013873578279933846,4.823296356412745
20160407,-0.0019123462716232,4.814072543608625
20160408,0.030083777462690045,4.958898030699793
20160411,-0.002977144792175042,4.944134673252768
20160412,0.01580974396924252,5.0223001765863495
20160413,0.021929886177177355,5.132438647806506
20160414,0.010993808356281606,5.1888636947008635
20160415,-0.011158143227581352,5.130965610406994
20160418,0.007474129417619734,5.169315111416532
20160419,-0.0504471299852273,4.908538000056303
20160420,-0.010354219187277271,4.85771392171464
20160421,0.012105731891893517,4.916520104058437
20160422,-0.001231812734917436,4.91046387198278
20160425,0.02065589188695589,5.01189388283726
20160426,0.004018378063964635,5.032033567274972
20160427,-0.0003988565290940556,5.030026507832043
20160428,0.0027358910340040954,5.043788112255624
20160429,0.03291487546747936,5.20980376985487
20160503,0.003988134304937645,5.2305811669914215
20160504,0.010208580579153553,5.283977976310457
20160505,-0.047414223406372635,5.03344226406732
20160506,-0.05252200788242932,4.769075769798223
20160509,-0.0037401150026141884,4.751238877962997
20160510,-0.01184916732726445,4.694940653486209
20160511,-0.011722201552094408,4.639905612870922
20160512,0.0006222490815577697,4.642792789877046
20160513,0.028126407882494747,4.773377873599033
20160516,0.0008965619973117456,4.777657502799311
20160517,-0.04243055546571425,4.574938841130599
20160518,0.008029107346626903,4.61167151619029
20160519,0.01529107059497669,4.682188910905199
20160520,0.023259686050319816,4.791095155001143
20160523,-0.0046990331258643355,4.768581640158625
20160524,0.0009913655471494398,4.773309047705448
20160525,0.007146391877269957,4.80742098471167
20160526,0.003989488980146637,4.826600137753103
20160527,-0.0007977455765683447,4.8227497388433465
20160530,0.04513721113321682,5.040435212048185
20160531,0.010668323031989311,5.094208203112128
20160601,0.013692781655936754,5.163962083747224
20160602,0.005709547971916639,5.1934459729895375
20160603,0.007907615006582734,5.234513744301426
20160606,0.005294879725846111,5.26222986500079
20160607,-0.0001267380362690715,5.261562940321303
20160608,-0.05473557182222633,4.973568284104182
20160613,0.006621845033595991,5.006502482545528
20160614,0.03938382040215904,5.203677677161065
20160615,0.004227722078589561,5.225677380166663
20160616,0.012303428165450084,5.289971126429361
20160617,0.0011990913801336667,5.296314285208218
20160620,-0.01193718052325778,5.233091225477779
20160621,0.021864237472010065,5.347508774744317
20160622,-0.0010213123350129184,5.342047298071081
20160623,-0.010532929171136905,5.285779892251635
20160624,0.0278959509652034,5.433231748938745
20160627,0.017069541485629915,5.525974523678296
20160628,0.005971066041486881,5.558970482502753
20160629,0.00405430710236089,5.581508256011778
20160630,0.0010188890456177824,5.587195193631854
20160701,0.022146911729903573,5.71093431240296
20160704,0.009794713743704187,5.766871279202046
20160705,0.009967298569983636,5.824351407056516
20160706,0.005386856577754481,5.855726352744771
20160707,0.0034448530011324,5.8758984692448335
20160708,-0.004898011832916983,5.8471182490134535
20160711,0.010121812226269336,5.906301681994761
20160712,0.009055846198714345,5.959788241630113
20160713,0.005420846053760206,5.992095336200999
20160714,-0.0013553264777982615,5.983974090734355
20160715,-0.0028433509601354582,5.96695955225804
20160718,0.007505493853791828,6.011744530503337
20160719,0.0066150417207979885,6.051512471387395
20160720,0.004274549920708975,6.077379963542134
20160721,-0.008490663867876955,6.025778973074327
20160722,0.004203101962668022,6.051105936502659
20160725,0.016512982332550705,6.15102774192452
20160726,-0.04999631516385758,5.843499020357631
20160727,0.0014283360294124095,5.851845500546244
20160728,-0.005273141244841486,5.8209878926788745
20160729,-0.016305897764349802,5.726071459213335
20160801,0.01415263159188122,5.807110439044367
20160802,0.010696813814228236,5.869228018209486
20160803,0.009133429680868775,5.922834199594787
20160804,-0.003775933140721977,5.900469973653535
20160805,0.01333735551901071,5.9791666394214
20160808,0.012731879265854916,6.05529266718494
20160809,-0.0001472527857497663,6.054401008471166
20160810,-0.014151098538459523,5.968724583208942
20160811,0.012865759507197537,6.045516758261206
20160812,0.02280927027112033,6.183410583928972
20160815,0.01081268274178915,6.250269840835217
20160816,0.007409610285207712,6.296581904533193
20160817,0.004977618601068861,6.327923887744351
20160818,0.0044839433951765996,6.356297940265983
20160819,-0.006576593986562868,6.314495149455228
20160822,0.007378132237612107,6.361084329681669
20160823,0.00941529866720417,6.420975838492894
20160824,-0.0031596534367622437,6.4006877801174324
20160825,0.010582901123113053,6.468425626014334
20160826,0.010667157040024168,6.537425337968744
20160829,0.002963290740629117,6.556797629940302
20160830,0.004185146820980428,6.584238790697058
20160831,-0.0002850321554778509,6.582362070922365
20160901,0.0026363298112845684,6.599715348278607
20160902,0.010116876375409305,6.666483852570033
20160905,0.018040263339000735,6.786748976815592
20160906,0.006451469952098663,6.830533483911954
20160907,0.011141773268560695,6.9066377392930125
20160908,-0.0022098009020389193,6.891375444986667
20160909,-0.033401843848481466,6.661190798471963
20160912,0.015710764230943475,6.765843196604086
20160913,0.004184218890475267,6.794152965517311
20160914,0.018581764644906823,6.9204003168840496
20160919,0.005249288489109305,6.956727494607498
20160920,0.006998309917064136,7.005412829623322
20160921,0.008407784432062165,7.064312830552398
20160922,0.002818450064945883,7.084223243508466
20160923,-0.02245413134771825,6.925153164302169
20160926,0.010345541981738607,6.996797627093428
20160927,0.00148309979552419,7.007174576223494
20160928,0.010162484609575497,7.078384880010974
20160929,0.00831054885207957,7.137210143350127
20160930,0.02396161155554553,7.308229200395381
20161010,0.013074970265910948,7.403784079887013
20161011,0.006543123943353669,7.4522279567715435
20161012,0.00737150863020577,7.507162119469146
20161013,0.0017093940210465512,7.519994817511194
20161014,-0.008376871134893394,7.457000789989837
20161017,0.01911172238882121,7.599516918941344
20161018,0.006646906464197445,7.650030197074632
20161019,0.006498265270123724,7.69974212261968
20161020,-0.0022478543465757634,7.682434223821836
20161021,0.011644965192425982,7.771895902951344
20161024,0.010368389891682726,7.852477949870714
20161025,0.0012256666116657485,7.8621024699127116
20161026,0.004035060219348676,7.893826526829499
20161027,-0.010349432009328615,7.812129905896643
20161028,0.003735376116283325,7.841311149364431
20161031,0.01791890460492615,7.981818855827436
20161101,0.0006698361074242626,7.987165366299989
20161102,0.01371063492893952,8.096674474754398
20161103,0.0052636751070558475,8.139292738637097
20161104,0.007170068998074348,8.19765202916865
20161107,0.01189837135326096,8.295190737236512
20161108,-0.0025377261947538135,8.274139814412148
20161109,0.023612652091775183,8.469514199208568
20161110,0.011480257794292013,8.5667464056079
20161111,0.008383292191630457,8.63856394385771
20161114,0.009911165372068192,8.72418217968247
20161115,0.006578913745503972,8.781577821742664
20161116,0.0014486058914699633,8.794298867111642
20161117,0.00333910142017958,8.823663922948299
20161118,0.010107298063346988,8.91284732422834
20161121,0.015689485857693503,9.052685316273601
20161122,-0.0018654510641208078,9.035797974817207
20161123,-0.003554030001894183,9.003684477723652
20161124,0.002268892201000329,9.024112867215427
20161125,0.002049142040270857,9.042604556267788
20161128,-0.015012136433458015,8.906855742955287
20161129,-0.0010921031892774918,8.897128537391971
20161130,0.010808359289599093,8.993291899269849
20161201,-0.01768112864729345,8.834280348236197
20161202,-0.001115039277631522,8.824429778658304
20161205,0.009008309352539472,8.90392297196422
20161206,0.017602610896653482,9.06065526349348
20161207,-0.0024891342102952314,9.038102076509427
20161208,0.0015568640518269115,9.052173172729086
20161209,-0.05877173201885669,8.520161276833168
20161212,0.008540069286884382,8.592924044472753
20161213,0.00254308644705755,8.614776593150845
20161214,0.018326870231603683,8.772658485847778
20161215,0.021975825528779823,8.965444898156338
20161216,0.006792722233823892,9.026344675052169
20161219,0.008147833796268815,9.09988983125233
20161220,0.015277318038244319,9.238911742317358
20161221,0.004868938820252448,9.283895438356414
20161222,-0.010796446395805676,9.183662358911933
20161223,0.011049053257226238,9.285133133411936
20161226,0.012688532776886516,9.402947849512987
20161227,0.0022248009918232332,9.423867537214647
20161228,0.0032636907360835466,9.454624126393933
20161229,0.005861590466354954,9.510043261036174
20161230,0.017890819368206044,9.680185727203197
20170103,0.013524417727242347,9.811104602655183
20170104,0.005673375847382319,9.866766686544029
20170105,-0.005857685098459477,9.808970274354284
20170106,0.00664886755833124,9.874188818592073
20170109,0.0027891677784987415,9.901729587883702
20170110,-0.011942610096675164,9.783477092132895
20170111,-0.004151839128281836,9.742857669131128
20170112,-0.017679360572247373,9.570610175394473
20170113,-0.050837087771959236,9.084068225876738
20170116,0.019373035490489524,9.260054202014675
20170117,-0.00478800045782379,9.215717058255956
20170118,-0.0008320410726924682,9.208049203149175
20170119,0.02587369152713106,9.446295427798102
20170120,0.018910467839638297,9.6249292936892
20170123,-0.00017991472656587294,9.62319762716711
20170124,0.010470153318389621,9.723953981736713
20170125,0.013553766215072933,9.855750180691299
20170126,0.0017954061033076585,9.873445254718387
20170203,0.024829030056811297,10.118593323712071
20170206,0.0077531772889653,10.197044571665753
20170207,0.01673778526006553,10.36772051399361
20170208,0.016099613337623237,10.534636805461451
20170209,0.0031087951184702407,10.567386832937126
20170210,0.016487995586573354,10.741621860400207
20170213,0.006548534579751765,10.811963742595655
20170214,0.0011231421007006218,10.824107114266212
20170215,0.012110287838749057,10.955190167017427
20170216,-0.005435061486287865,10.895648034865712
20170217,0.006403542682780194,10.965418782113524
20170220,0.019856853339428986,11.183157494675372
20170221,0.009136377241257342,11.285331040295121
20170222,0.007295690571671229,11.36766532356399
20170223,0.013621317011465107,11.522507896616496
20170224,-0.0010342605925290633,11.51059062077192
20170227,0.00861932766649941,11.609804172967287
20170228,0.006806674972378827,11.688828336465642
20170301,-0.0033517678316648176,11.649650097657625
20170302,0.00414117985811792,11.697893393996166
20170303,0.018616380074001057,11.915665823483945
20170306,0.009348059864551459,12.027054180927863
20170307,-0.000776869456627195,12.017710729881498
20170308,-0.004705593984172762,11.96116026256744
20170309,0.0012051406621992479,11.975575143166942
20170310,0.010288362742621265,12.098784204291363
20170313,0.003181644208032115,12.137278230979177
20170314,0.0032424336772108346,12.176632550664982
20170315,0.017811874665515603,12.393521203505465
20170316,-0.003357209628052678,12.351913554795582
20170317,0.011881114990715229,12.498668060095481
20170320,0.007457908398154916,12.591881981586619
20170321,-0.0018344005567773774,12.568783426268721
20170322,0.002582998365121271,12.601248573310338
20170323,0.006056731193412367,12.677570948620248
20170324,0.001408731682705647,12.695430244475318
20170327,0.0019762206214012728,12.720519215522012
20170328,-0.014663456891649747,12.533992430365803
20170329,-0.029482301485980324,12.164461486710763
20170330,0.0015594876809019353,12.183431814544095
20170331,0.025831346559860597,12.498146264034014
20170405,0.008855066462590868,12.608818179861217
20170406,-0.0012630157174122675,12.592893044322059
20170407,-0.023794703973440925,12.293248882163212
20170410,0.013863498196547279,12.463676315870789
20170411,-0.010129666083506458,12.33742343661811
20170412,0.007475990101425285,12.429657892107357
20170413,-0.012895521493678752,12.269370971600614
20170414,-0.03140638403858829,11.884034394954618
20170417,-0.013315782460867096,11.72578917819394
20170418,-0.004133662594735135,11.67731872207429
20170419,-0.010104452631869126,11.559325808179851
20170420,-0.0011069907938448696,11.546529740927143
20170421,-0.03596416142670235,11.13126848140622
20170424,0.010291723131912334,11.245828414723835
20170425,0.010596521558503946,11.364995077963693
20170426,0.0199768092921874,11.592031417242822
20170427,0.014340643344881344,11.758268605440161
20170428,0.005804853463731504,11.826523631681937
20170502,0.004867256557941856,11.884086356385897
20170503,-0.0023268722538716414,11.856433605580609
20170504,-0.014359485541380996,11.68618131864893
20170505,-0.020177306069458868,11.450385661399359
20170508,0.015035484116597352,11.622547753140244
20170509,-0.014975877696303173,11.448489899469774
20170510,-0.004035017251994983,11.402295045216123
20170511,-8.611660160368407e-05,11.401313118316345
20170512,0.007076445103352319,11.481993884704242
20170515,0.030638693999859894,11.833787181845958
20170516,0.011540456334939438,11.970354486095017
20170517,-0.0015645932861598284,11.951625749833118
20170518,-0.001233193928791193,11.93688707751924
20170519,-0.035486455787180626,11.513289262006285
20170522,-0.04271691285813024,11.021477087890716
20170523,0.010285808717882903,11.134841893005289
20170524,0.00596899550072823,11.201305714165958
20170525,0.007545063129969394,11.285820272917427
20170526,0.0002748716600012334,11.288922425070318
20170531,-0.04374207981141525,10.795121479368017
20170601,0.02215232747496976,11.034258545511058
20170602,0.015014690084491281,11.199934517884055
20170605,0.009123956938952415,11.302122238144317
20170606,0.03478589431306769,11.695276667833777
20170607,2.3366938399497217e-05,11.69554995064324
20170608,0.005502457499429602,11.75990421717911
20170609,-0.03070986063609741,11.398759197575686
20170612,0.028776866114285347,11.7267797648733
20170613,0.005652451979160036,11.793064824364432
20170614,0.02313685344392849,12.0659192368605
20170615,-0.0017101685613132808,12.045284481118276
20170616,0.008419344235431472,12.14669787757851
20170619,0.0014658563541178806,12.16450319184391
20170620,0.0027183077276359134,12.197570054873148
20170621,-0.023023928478162734,11.91673407432237
20170622,0.003419379614341481,11.957481911885639
20170623,0.014100637267006553,12.12609002695193
20170626,0.0042113083116981824,12.177156730670832
20170627,-0.010024761825474555,12.055083634734384
20170628,0.008152892845630269,12.153367439853485
20170629,0.00963235867116768,12.270433034096644
20170630,0.01210583391054369,12.418976858417867
20170703,0.0021467990975792455,12.445637906730376
20170704,0.014937745544978776,12.631547678926058
20170705,0.0076371162701740014,12.728016277222263
20170706,0.013240156598407186,12.896537205919763
20170707,-0.015802045583765096,12.692745537119096
20170710,-0.015154014141418261,12.50039949175617
20170711,0.0028350478137936282,12.53583872200682
20170712,-0.005104821803581749,12.471845499172536
20170713,-0.008757304854964756,12.362625746032263
20170714,-0.07981987705934301,11.375842478853299
20170717,0.004068173965714342,11.422121385063836
20170718,0.006599485637854005,11.497501511098388
20170719,0.0018588174398058378,11.51887326742141
20170720,-0.005322413577917798,11.457565059940572
20170721,0.0076334047767049286,11.54502529179853
20170724,0.002214236665848522,11.570588710107776
20170725,-0.0034089519723110623,11.531145128903654
20170726,0.029875005622197106,11.87563815446002
20170727,-0.007575575843355283,11.785673356932664
20170728,0.0028723549699869316,11.819525994374093
20170731,0.0027559319279753425,11.852099803435522
20170801,-0.014317013640134553,11.682413128885498
20170802,0.013362201223407052,11.83851588388864
20170803,-0.00582517938357779,11.769554405229654
20170804,0.008691991101708567,11.871855267390984
20170807,0.004954434019892724,11.93067359100699
20170808,0.0018453518832894909,11.952689881987066
20170809,-0.012255845635651564,11.806199559862618
20170810,-0.009249280839871407,11.697000704481882
20170811,0.02213970734745187,11.955968876922048
20170814,0.011150027931615998,12.089278263849259
20170815,0.018130110859679093,12.308458218986356
20170816,0.008747024978961066,12.416120610480327
20170817,-0.003947867811344127,12.367103407580444
20170818,0.01804273148227027,12.590239733576887
20170821,-0.0036628603673574713,12.544123443441238
20170822,0.006836900233319697,12.629886363938493
20170823,-0.003318077047489235,12.587979427881912
20170824,0.02271003816299672,12.87385292108413
20170825,0.026432764849420698,13.214144448053174
20170828,0.004379609285599301,13.272017237779117
20170829,-0.001373120729209846,13.253793155791493
20170830,0.02131778287015865,13.536334640492653
20170831,0.005160412572838157,13.606187711961596
20170901,0.001970690723470978,13.633001299867361
20170904,0.006048071190888027,13.71545466227443
20170905,0.0040878454967618084,13.771521321851651
20170906,0.0021246058997386468,13.800780377300434
20170907,0.004180513839488131,13.858474730663476
20170908,0.016656909636761464,14.08931409195548
20170911,-0.012734649178826263,13.909891619824133
20170912,0.009899343462320867,14.047590414492431
20170913,-6.48842797380622e-05,14.046678946706331
20170914,-0.005004736226617944,13.97637902371808
20170915,0.007921941531566386,14.087099081166985
20170918,0.0034266956335743297,14.135371282078147
20170919,0.013935029310266188,14.332348095205402
20170920,-0.0054791526427068835,14.253818972263362
20170921,0.00675714916375483,14.350134153212103
20170922,-0.008914478045270333,14.22221019735661
20170925,-0.01288827728421407,14.038910408738701
20170926,0.013188934998590321,14.22406868557059
20170927,-0.0041595472331378254,14.164903000025562
20170928,0.010880159890321579,14.319019409496738
20170929,0.013257740553682744,14.508857253810993
20171009,0.02158626709810914,14.822049321780094
20171010,-0.0023759735224412864,14.786832525043227
20171011,0.0012419579475644563,14.805197149217008
20171012,0.012205911955721021,14.985908082107443
20171013,-0.03007516594077147,14.535204409764914
20171016,0.008215393152896905,14.654616828548855
20171017,-0.012233324499249219,14.475342145473059
20171018,-0.010854088128002254,14.31822550614311
20171019,0.017015448079834693,14.561856528838254
20171020,0.012751413744792328,14.747540786329777
20171023,-0.006742562950928176,14.64810456420657
20171024,0.01563040036291433,14.877060303102953
20171025,0.008170767646495386,14.998617306102508
20171026,-0.0038506678595524495,14.940862612504171
20171027,-0.036180194063539374,14.40029930370709
20171030,0.015614923663355278,14.625158878063946
20171031,0.005990753483232528,14.712774599555539
20171101,-0.01056172343085443,14.557382343334535
20171102,-0.004616964349214566,14.490171428037474
20171103,0.017525867203302514,14.744124248238347
20171106,0.005681681446200841,14.827895665420042
20171107,0.009594900163149362,14.970167843959345
20171108,0.008383342417378634,15.095667887040888
20171109,0.004380987387955307,15.161801817666774
20171110,0.00101867183156161,15.177246718094151
20171113,-0.0077291662100254874,15.059939255599438
20171114,-0.004512142055031743,14.991986670338026
20171115,-0.009477520717685758,14.84989980607063
20171116,-0.05336202348162308,14.057479103919338
20171117,0.0014638327768430022,14.078056902591442
20171120,-0.00686579352193161,13.981399870708245
20171121,-0.0006444539645614114,13.972389502131449
20171122,-0.020776042140759548,13.68209854902806
20171123,0.001850462815439777,13.70741676363022
20171124,-0.011205278999685361,13.553821334428779
20171127,0.017661020777425394,13.793195654629638
20171128,-0.003420968426558993,13.746009567793799
20171129,0.0004827424469900375,13.752645350088903
20171130,0.011130022251692746,13.905712598855033
20171201,-0.03118740361430761,13.472029527489978
20171204,-0.03673014910213618,12.977199874236891
20171205,0.01831684769565802,13.214901267849402
20171206,0.002692605182746089,13.250483779492692
20171207,0.018693929925681876,13.498187394747912
20171208,0.009804710124460422,13.630533209359061
20171211,-0.017483335710987116,13.392226021340077
20171212,0.013024765871860751,13.566656629771073
20171213,0.005063731748474212,13.635354539667894
20171214,0.002097977045143378,13.66396120049451
20171215,-0.00855926690686989,13.547007709574363
20171218,0.010586429211196248,13.690422147715303
20171219,-0.013206288053523686,13.509622489258234
20171220,-0.002956192537938156,13.469685444065128
20171221,-0.0009475038629202201,13.456922865074556
20171222,-0.014467392105726219,13.26223628544901
20171225,0.021026232419819556,13.541091147993425
20171226,0.0003903087869072836,13.5463763548528
20171227,0.007170463197813285,13.643510147969002
20171228,0.009890291495750715,13.77844844035765
20171229,0.008911659639768917,13.901237283222223
20180102,0.00855220103952056,14.020123459166417
20180103,0.0013510637901392663,14.039065540305378
20180104,0.0023393693642734356,14.071908100133395
20180105,-0.0007296624337560612,14.06164035742146
20180108,0.003251079651739859,14.107355870257555
20180109,-0.012237401074797703,13.934718498368312
20180110,0.013101403151294797,14.117282863215241
20180111,-0.0018436231124065805,14.091255914244236
20180112,-0.029291680924501032,13.678499342178705
20180115,0.011728212345287866,13.838923687028656
20180116,0.006989220801694317,13.935646980335097
20180117,0.004296535356736159,13.9955219803051
20180118,-0.0015995425573150435,13.973135547285763
20180119,0.0006017753810316482,13.981544236253939
20180122,0.004927604063314749,14.05043975044392
20180123,0.00888370589403536,14.175259724868727
20180124,-0.002661072626708122,14.137538329238401
20180125,-0.006389234398482546,14.047210283035366
20180126,-0.01097684567100793,13.89301622365029
20180129,0.0017398046896680115,13.91718735842983
20180130,-0.0383447329988272,13.383536525076185
20180131,-0.05303622629924667,12.673724253248011
20180201,-0.020449024685723315,12.414558953133293
20180202,-0.0118825331366388,12.267042544995931
20180205,-0.07200449139115944,11.383760385669785
20180206,0.01406872296242407,11.54391535680639
20180207,0.019883141725160734,11.773444661909032
20180208,-0.029938918765151364,11.420960458590134
20180209,0.03114489836110106,11.776665111259078
20180212,-0.0033476670266069245,11.737240757782724
20180213,0.0009105359577046879,11.747927937536922
20180214,0.017301289180460186,11.951182236055455
20180222,0.00702261429219073,12.035110779234955
20180223,0.030298942153565732,12.39976190454675
20180226,0.006925669681782744,12.485638559630395
20180227,-0.0017079984941818541,12.464313107771646
20180228,0.018346395540768227,12.69298832619081
20180301,-0.004918501768122075,12.630557840665688
20180302,0.010657272038878583,12.765165131576454
20180305,0.011792222979637458,12.915694805179896
20180306,-0.0012416169737590255,12.899658459281893
20180307,0.01840928026942327,13.13713188723865
20180308,0.02177360425480792,13.423174597994604
20180309,0.016730483913456058,13.647750804673866
20180312,-0.002274517172511611,13.616708761102476
20180313,-0.010733245975226846,13.470557276596537
20180314,-0.018479011643468643,13.221634691838299
20180315,0.006759984629248932,13.311012739128671
20180316,0.012582546251458797,13.478499172572516
20180319,0.013111480254056701,13.655222248328018
20180320,0.0007570638608042778,13.665560123603479
20180321,0.01202245030372179,13.829853641062025
20180322,-0.06632195382373433,12.912630726490505
20180323,0.013447843575990888,13.086277764654882
20180326,0.03339457209725188,13.523288410951315
20180327,0.004377221650587039,13.582482841770863
20180328,0.01824790795213137,13.830334738428903
20180329,0.017731009768681298,14.075560538780119
20180330,0.0053405755966229925,14.150732133902316
20180402,-0.0044009745483639204,14.088455121940296
20180403,0.0008079163392900286,14.099837415028665
20180404,0.006899951564189054,14.197125610255302
20180409,-0.0005793677649471213,14.188900253321814
20180410,0.01606053825307337,14.416781628609332
20180411,-0.0007531859120759302,14.405923111789187
20180412,-0.004391965109225113,14.34265280011603
20180413,-0.01739956529865511,14.093096876164472
20180416,-0.02663530352582959,13.71772296324891
20180417,0.010996646067453094,13.868571907527132
20180418,-0.0003723890409081107,13.863407403335723
20180419,-0.03213069782477409,13.417966449237406
20180420,-0.0038083516142088216,13.366866115051053
20180423,0.029520200211816148,13.761458678971902
20180424,0.00973809056643861,13.895469009914033
20180425,-0.023040912046698628,13.575304730608977
20180426,0.001392040360152226,13.59420210269535
20180427,-0.01041033420728372,13.452681915524932
20180502,0.015851207444464863,13.665923167252318
20180503,0.0034777590105051557,13.7134499546841
20180504,0.021488075700629074,14.00812560542714
20180507,0.013441584608348496,14.19641701095686
20180508,0.009456312268675795,14.330662763308808
20180509,0.011416193350970903,14.494264380262301
20180510,-0.017381890140246107,14.2423266691409
20180511,-0.008701681073034633,14.11839448472806
20180514,0.017834567882736657,14.3701899495612
20180515,-0.006897006023826451,14.271078662915546
20180516,0.005016747497011392,14.34267306107738
20180517,0.0070236309676426955,14.443410703747938
20180518,0.015781742106343647,14.671352886610492
20180521,0.00821677386695857,14.791904075602119
20180522,-0.010440710751194085,14.637466083689347
20180523,0.0036039435550599998,14.69021868524407
20180524,-0.0022259442823548813,14.657519076955108
20180525,-0.009966757789347119,14.511431134522361
20180528,-0.006292046911537501,14.420124529070401
20180529,-0.05470743615477226,13.631236487052417
20180530,0.021647897723688924,13.926324100371545
20180531,-0.005593868392998045,13.84842207615583
20180601,-0.0016502781819393638,13.825568327349261
20180604,0.0177263171934018,14.070644736898904
20180605,0.005191469629671377,14.14369206172041
20180606,-0.012365503071920364,13.96879819408291
20180607,-0.01322145266410953,13.784110389985344
20180608,-0.00498241963034343,13.71543216779146
20180611,0.00757230682214851,13.819289628364343
20180612,-0.023440807161639737,13.495354325075006
20180613,-0.002136065891167404,13.466527359011994
20180614,-0.03386253990089213,13.010516538990995
20180615,-0.08412948199069077,11.915948522134366
20180619,0.006195426143017242,11.989772901127246
20180620,-0.036218410425958705,11.555522385280181
20180621,0.017999632307396242,11.763517539335112
20180622,0.002006432353307634,11.787120241514735
20180625,0.016941893696773975,11.98681637963757
20180626,-0.000840189323032981,11.976745184498242
20180627,-0.007135764505870882,11.89128195131484
20180628,0.0291732636061694,12.238189454295833
20180629,-0.013013211193892893,12.078931310296209
20180702,0.020258685054250485,12.323634575503426
20180703,-0.019650276413169267,12.081471749679894
20180704,-0.027855163722502473,11.744940376083772
20180705,0.007943429457402734,11.838235481442595
20180706,0.0212731512259442,12.090072055087663
20180709,0.010782226914562997,12.220429955399036
20180710,-0.027386493916519795,11.885755224768243
20180711,0.02722943165946507,12.209397584382199
20180712,0.005686921497513295,12.278831469976508
20180713,0.0006310089870757269,12.286579522984852
20180716,0.007692913888916515,12.3810991212445
20180717,-0.0014293678245582203,12.363401976527927
20180718,-0.014917732621960724,12.178968051544262
20180719,0.013241780534603906,12.340239273620764
20180720,0.006465380693269649,12.420023618370761
20180723,0.018452139179860754,12.649199622794095
20180724,0.003856861603055041,12.697985835128627
20180725,0.007995748071066571,12.799515730876287
20180726,-0.004238034196718085,12.745270945507402
20180727,-0.01990383807170335,12.491591136428037
20180730,0.008380690747794226,12.596279298690327
20180731,-0.014823099956193407,12.40956339156971
20180801,-0.03449732092452955,11.981466700717437
20180802,-0.00985362773135599,11.86340578817293
20180803,-0.02155276376825807,11.607716605733453
20180806,0.02688841560966195,11.919829714107589
20180807,-0.014118031669448236,11.751545180709387
20180808,0.023871013612961404,12.032066475691432
20180809,0.007217877285179215,12.11891245500009
20180810,0.0022003892823363306,12.145578780079646
20180813,0.004017289701729277,12.1943710886344
20180814,-0.018073010417785775,11.973982092911164
20180815,-0.009435754453903308,11.860998538047019
20180816,-0.020130611255555243,11.622229387374885
20180817,0.003574635679392192,11.663774623217076
20180820,0.011394530650917866,11.79667786066672
20180821,-0.010812906661890262,11.669121484038945
20180822,0.008643921662311238,11.769988456014971
20180823,-0.002447752276828629,11.741178439973515
20180824,0.018158723643095093,11.954383254509262
20180827,0.0028073956644563696,11.98794393822922
20180828,-0.004599156677737756,11.932809505813367
20180829,-0.01644362529780691,11.736590857549663
20180830,-0.011575288787327338,11.60073642899482
20180831,-0.003732514056298068,11.557436517210188
20180903,0.014661825572105927,11.726889635486211
20180904,-0.007263063807926253,11.641716487795165
20180905,-0.0016646474837885587,11.622337133736776
20180906,0.005046058907512556,11.680984131556583
20180907,-0.022017637513764718,11.423796457143933
20180910,0.008312810692127083,11.518760314477563
20180911,0.0034404000368400377,11.558389457887841
20180912,0.010199743223485103,11.676282062435334
20180913,-0.009116347887344745,11.56983701312341
20180914,-0.01784521831959755,11.363370745702062
20180917,0.019155955630722768,11.581046971522184
20180918,0.011333159980786402,11.712296829595447
20180919,-9.248136402417701e-05,11.71121366040879
20180920,0.010043822410442547,11.828839010624684
20180921,-0.0021358380341601757,11.803574526365834
20180925,0.0037587441170529308,11.847941142677008
20180926,-0.022717126588267727,11.57878996392847
20180927,0.01049433286499922,11.700301639983847
20180928,-0.03592974793770536,11.279912751264106
20181008,0.007449592386582621,11.363943503417241
20181009,0.01191088362139977,11.499298111966604
20181010,-0.08164668163122257,10.560418580036348
20181011,-0.012669885350783106,10.426619287371008
20181012,-0.006631106892741326,10.357479260346532
20181015,-0.017386845719101415,10.177395366408094
20181016,0.014310382973602619,10.323037791775162
20181017,-0.028245239089544176,10.031461121216074
20181018,0.018921606470050735,10.221272480871338
20181019,0.05364615528345797,10.769604451574697
20181022,0.0009938141136790458,10.780307436477411
20181023,0.008078747456675117,10.867398817762028
20181024,-0.008520929350878474,10.774798480208059
20181025,0.011832536242477026,10.902291673730506
20181026,-0.009540037966094669,10.79828339724568
20181029,0.017834886868773773,10.990869560012516
20181030,0.019924508587327035,11.209857234943176
20181031,0.004321695515188106,11.258302824681328
20181101,0.025044926729753877,11.540266194026854
20181102,0.01590067642127207,11.723764232593421
20181105,-0.006761995043886221,11.644488196956933
20181106,0.0017738557693274914,11.665143839525971
20181107,0.011126470568983542,11.794935719139417
20181108,0.0028867235111233345,11.828984437392046
20181109,0.0358165369063535,12.252657695058579
20181112,0.02416699950169651,12.548767667469516
20181113,0.0004763239054063248,12.554744945492923
20181114,0.021644970369642795,12.82649202783654
20181115,0.010426490534598494,12.96022732555688
20181116,0.0034973405563742464,13.005553654202382
20181119,-0.0265419396627947,12.660361033831302
20181120,0.015825394055349263,12.860716236074671
20181121,0.003867836793404635,12.910459387522097
20181122,-0.05446520175076837,12.207288612285604
20181123,-0.0038354779176891316,12.160467826378325
20181126,0.01421240889192314,12.333297367443889
20181127,0.012223848525483073,12.484057726283263
20181128,-0.028095975825283417,12.133305942204165
20181129,0.009798081343235118,12.252189060788238
20181130,0.03257191305876782,12.651266297655818
20181203,0.013213481117902494,12.81843356599745
20181204,-0.00577321496465103,12.744429993510849
20181205,-0.014850142737282475,12.55517338900191
20181206,0.003887403863427783,12.60398041854032
20181207,-0.012816806895748059,12.4424376353981
20181210,0.011726693482980314,12.588346287729511
20181211,0.002529507629049593,12.620188605701442
20181212,0.007692672826386229,12.71727158765239
20181213,-0.02844136514505699,12.355575022779108
20181214,0.004366679852949781,12.409527863302687
20181217,-0.003722044567442254,12.363339047534557
20181218,-0.009996353049031924,12.23975074555052
20181219,0.008889133880280438,12.34855152858898
20181220,-0.0034276180132857812,12.306225410931601
20181221,0.010622182136040215,12.436944378653683
20181224,-0.01234574981988478,12.283400974831002
20181225,0.004166679932305521,12.334581975173291
20181226,-0.02093917906573953,12.076305954494096
20181227,-0.0018074942187159958,12.054478101297903
20181228,0.006208119168688586,12.129313737867108
20190102,-0.0032423402865469552,12.089986375286655
20190103,0.024081718278782572,12.381134021170626
20190104,0.020522939186568757,12.635231281747867
20190107,0.0005948670833264428,12.642747564927596
20190108,0.002511403133989859,12.674498600784398
20190109,-9.954950964663729e-05,12.673236860663673
20190110,0.008715432949184625,12.78368960677192
20190111,-0.006469978201841767,12.700979413676995
20190114,0.01341217712284381,12.871327199206823
20190115,-0.0014645859661900943,12.852476034024622
20190116,-0.012895217189847503,12.686740564138564
20190117,0.0029954071762571493,12.724742517867698
20190118,0.005327651745267533,12.792535514551098
20190121,-0.007360721062555894,12.698373228945647
20190122,0.002507982517967958,12.730220527010474
20190123,0.00525086990658709,12.797065258879972
20190124,-0.014666215461442346,12.6093807425191
20190125,-0.011087387400721104,12.469575653343599
20190128,-0.029773401179363418,12.098313974880176
20190129,-0.016515260615094365,11.898507166581792
20190130,-0.027424093569449578,11.572201392708687
20190131,0.03265308564424918,11.950069475877305
20190201,0.02857432089575676,12.29153459580761
20190211,0.016312605457932818,12.49204155014155
20190212,0.017602011949367835,12.711926614779141
20190213,0.004539951975323076,12.76963815112407
20190214,0.0035839564353671947,12.815403977953101
20190215,0.03186161085385995,13.223723392433651
20190218,0.0035452056245649983,13.2706042109822
20190219,0.0071807838801701655,13.365897551780538
20190220,-0.004383636378371233,13.30730631704297
20190221,0.018100096780029728,13.54816984926295
20190222,0.04187159635406941,14.115453348527662
20190225,-0.0012580240011856123,14.097695769427599
20190226,-0.0012568897603069493,14.079976519971083
20190227,0.012455655771512615,14.255351860774821
20190228,0.004591525071138734,14.320805666241474
20190301,0.013805379559932395,14.51850982406797
20190304,0.024091917906452133,14.868288570873432
20190305,0.02493182370653996,15.23898212034041
20190306,0.021879784801810364,15.572407769732095
20190307,-0.05245286801701608,14.75559032027918
20190308,0.046962397555753724,15.448548219069965
20190311,0.015755418038023824,15.691946554341978
20190312,-0.015799934175750752,15.444014831693975
20190313,-0.027668987404676906,15.016694579838191
20190314,0.021994622015022648,15.346981101036771
20190315,0.023257186259091518,15.703908699018342
20190318,0.004756269924855845,15.778600727666165
20190319,0.005156189504372236,15.859958183131836
20190320,0.012916364049293052,16.064811176831732
20190321,0.009708883437782003,16.22078255599757
20190322,-0.0037051252332509304,16.160682525246266
20190325,-0.026392475193186427,15.734162112593742
20190326,0.008270678078924074,15.86429430226861
20190327,-0.010674094617978467,15.694957323838738
20190328,0.0232473786730274,16.05982394000302
20190329,0.03442971165286908,16.61275904745317
20190401,0.008224352409676061,16.749388232356463
20190402,0.015127413530510371,17.002763154530385
20190403,0.0020412659480764186,17.037470315980936
20190404,-0.00032552186575653797,17.031924246855908
20190408,0.013189120742148315,17.256560352218816
20190409,0.0002799274251374197,17.261390936724943
20190410,-0.0132089190014543,17.033386621989308
20190411,0.004024683717384959,17.10194061577875
20190412,-0.006235266449363234,16.995305459238185
20190415,0.01889451571198511,17.316423525267748
20190416,0.013730292591168166,17.554183086902263
20190417,-0.005990191921472745,17.449030161187046
20190418,0.00975565327875025,17.619256849490043
20190419,-0.011376520956713031,17.41881100470011
20190422,-0.021732729250965102,17.04025270126123
20190423,0.012041431868589582,17.245441743187016
20190424,-0.044148259102918,16.48408551276452
20190425,-0.012843944346730567,16.272364835831826
20190426,-0.04507153985488,15.538944295600485
20190429,0.017004438355284136,15.803175315981218
20190430,-0.0733910580630451,14.643363558785559
20190506,0.01913353108346714,14.923542810604092
20190507,0.004350771339606289,14.988471732949854
20190508,-0.0007317928833119208,14.97750327600396
20190509,0.03366589822951532,15.481734377026141
20190510,-0.0003068843148066486,15.47698327557983
20190513,-0.006822385826468927,15.371393324244018
20190514,0.020773838424760157,15.6907161655253
20190515,0.010946908756530154,15.862481003713919
20190516,-0.03870183609630736,15.248573863827392
20190517,-0.001753493556105551,15.221835587817372
20190520,0.0169844866828798,15.480370651647643
20190521,-0.004392458645064181,15.412373763750015
20190522,-0.02607845853387004,15.010442813643554
20190523,-0.004232736119784359,14.946907570172288
20190524,0.0279597128278297,15.364818813498418
20190527,0.0027173406170587122,15.406570259734085
20190528,0.0066839886350546825,15.50954760025532
20190529,-0.004470603174403231,15.440210567520062
20190530,0.00189736779703891,15.469506325830373
20190531,-0.017515307973993376,15.198553158327815
20190603,-0.01682423094020719,14.942849190035092
20190604,0.006418344935096863,15.038757550449873
20190605,-0.025803071617737663,14.650711412333822
20190606,0.010331099721214312,14.802069372921375
20190610,0.03400734674225363,15.305448478589206
20190611,-0.001214232264585281,15.286864109222556
20190612,0.01304314620465902,15.4862529128099
20190613,-0.023895324269245063,15.116203877742766
20190614,0.00317889985594868,15.164256776072214
20190617,-0.0020990280026518,15.132426576459837
20190618,0.011157003346126494,15.301259110408415
20190619,0.008533180163296964,15.43182751112282
20190620,0.03511348678514196,15.973692782505221
20190621,-0.0007726510504851055,15.961350691996692
20190624,-0.003741015992306593,15.901639023799119
20190625,0.004062249017848232,15.966235441305722
20190626,0.004294349378397001,16.034800034548432
20190627,-0.013885335193249462,15.812151461312
20190628,0.024950704898422865,16.20667578623236
20190701,0.0029271442864584347,16.254115064662514
20190702,-0.010570202009444722,16.082305784944275
20190703,-0.002297033087051796,16.045364196440175
20190704,0.0048205838310272,16.122712219648477
20190705,-0.03511154738096269,15.556618845638663
20190708,0.004939016983979532,15.63345325033057
20190709,-0.003927633263885408,15.572050779315173
20190710,0.004517439225409336,15.642396572325717
20190711,0.0037969784054027985,15.701790414319586
20190712,0.007973981725243596,15.826996204136975
20190715,0.006560762796314091,15.93083337201048
20190716,7.03401503661752e-05,15.931953949225326
20190717,-0.01854664747317143,15.636469615770242
20190718,0.005837341800514262,15.727745033470848
20190719,-0.03383669934937378,15.19557005332969
20190722,0.01791299689027384,15.467768252440921
20190723,0.013425429497754581,15.675429684601673
20190724,0.002461998132528917,15.71402256321175
20190725,0.00037149663789820433,15.71986026976184
20190726,-0.0026143531323626523,15.678763003825285
20190729,0.005936716236183564,15.77184337071337
20190730,-0.006523849476919088,15.668950238589291
20190731,0.0011595882945622845,15.68711976987404
20190801,-0.017335907181541255,15.415169317597783
20190802,-0.008226081857427063,15.288362872945127
20190805,-0.035713356199497136,14.74236412395647
20190806,-0.0018672199232752167,14.71483688794804
20190807,0.004909285060984065,14.78707621685686
20190808,-0.00992321885083455,14.640340823393018
20190809,0.01418300595419689,14.847984864462674
20190812,-0.006587028569545301,14.750180763960282
20190813,0.006230065521683275,14.842075356576428
20190814,0.00016496322940572766,14.844523753258331
20190815,0.003986433296610704,14.903700457020648
20190816,0.02804386179535034,15.321657772876632
20190819,0.0030158468944375566,15.367865546888595
20190820,0.0008722994341836705,15.381270927309757
20190821,0.00576042097468235,15.469873522976705
20190822,-0.002024946168107805,15.438547861865242
20190823,-0.008436793658136436,15.308296019173422
20190826,0.019158086159875454,15.601573673269625
20190827,0.0027384713424849667,15.64429813567154
20190828,-0.00294672844088888,15.598198637417413
20190829,-0.01797582113123776,15.317808208741681
20190830,0.023328981787685527,15.675157077470677
20190902,0.0062743340687771995,15.773508249555286
20190903,0.0074529367452752515,15.8910672087903
20190904,0.006526766720721405,15.99478449740538
20190905,0.002214208741432073,16.030200289056857
20190906,0.01657902193283096,16.295965331236804
20190909,0.0029790829019375248,16.34451236292566
20190910,-0.002995393099040783,16.295554123386566
20190911,0.0063594989877286436,16.39918568333872
20190912,0.004451034865394404,16.472179030579337
20190916,-0.01953104482102265,16.150460163633184
20190917,0.0035705380376775888,16.208125995973433
20190918,0.01198672266592415,16.40240830722152
20190919,0.0009548740173034337,16.41807054073529
20190920,-0.007404821008328202,16.296497667079038
20190923,0.0034915007480731965,16.353396900874618
20190924,-0.02066511665421758,16.015452046225324
20190925,-0.02807808965671378,15.565768747778609
20190926,0.012836720214459689,15.765582166116824
20190927,-0.008131290958229648,15.637387630398251
20190930,0.005042934454905768,15.716245951264302
20191008,0.013564272836092427,15.929425399306385
20191009,0.011212800414310402,16.108038867023456
20191010,0.002670981652174519,16.151063143289793
20191011,0.014164802767001668,16.379839767191882
20191014,-0.0067513788192815625,16.269253263924437
20191015,-0.01009917758535683,16.104947186030916
20191016,-0.0034711241814578474,16.04904491441238
20191017,-0.009694344725568797,15.89345994049593
20191018,0.00471311501951406,15.968367645253528
20191021,0.010069129481803192,16.129155206686622
20191022,-0.0013080260762662003,16.10805785108813
20191023,0.002085514274978001,16.141651435678746
20191024,0.005322306508240101,16.227562252168603
20191025,0.011177538591484033,16.40894645548793
20191028,-0.018028718683663493,16.113114175946638
20191029,-0.015911256839575158,15.856734277807751
20191030,-0.014156676644437679,15.632255618000057
20191031,0.01111426409543509,15.80599663534586
20191101,-0.0014894747157455765,15.782454003000353
20191104,-0.003280222714732609,15.730684038885489
20191105,-0.00991005395755898,15.574792111270822
20191106,0.005866394922966115,15.666159992638633
20191107,-0.0008050505942543923,15.653547941226876
20191108,-0.027103062039535893,15.229288860236954
20191111,0.0046349326443038555,15.299875588324799
20191112,-0.003283856488354905,15.249632992603056
20191113,0.004476080018595063,15.317891570132154
20191114,-0.014133986539366481,15.101388696868431
20191115,0.007420985329125213,15.213455880837309
20191118,0.018026825353534313,15.487706193024861
20191119,-0.0043518165863496265,15.420306536329546
20191120,0.0039287057393618315,15.480888383121542
20191121,-0.0054598210906112886,15.396365502225976
20191122,0.00038401157717065927,15.402277884825182
20191125,0.0025142133632232123,15.441002497707286
20191126,-0.004102324854302404,15.377658489385595
20191127,-0.0017578100388069733,15.350627486919608
20191128,0.002364962837362607,15.386931150456368
20191129,0.0009491107413462774,15.40153505208762
20191202,0.010942735884703528,15.57006998238162
20191203,0.004834467056503606,15.6453429727789
20191204,0.006322355713449617,15.744258396311727
20191205,0.006225979975195421,15.842281833811466
20191206,0.0007998813894426963,15.854953780216638
20191209,0.002396193904008453,15.892945323813128
20191210,-0.002703178534163209,15.849983855169167
20191211,-0.0009987421193075625,15.834153808702665
20191212,0.010089086178628269,15.99390595104432
20191213,0.012895974243117144,16.200162950235825
20191216,0.009712380351360437,16.35750509456253
20191217,0.0033924301237383907,16.41299678759453
20191218,0.012670163606932315,16.620952142173408
20191219,-0.002738935874421025,16.575428420084176
20191220,-0.01864877389630044,16.266317003243714
20191223,0.020055957141595818,16.592553559912382
20191224,9.106011516622603e-05,16.59406447975045
20191225,0.009756592005891787,16.755965996598835
20191226,-0.005339578508834729,16.666496200668632
20191227,-0.0007647359272058438,16.653750732243342
20191230,0.005288461401179199,16.741823450175673
20191231,0.017976797782495904,17.04278782484973
20200102,0.006537626529122525,17.154207206663674
20200103,0.004897261542236582,17.238215845904428
20200106,0.01275172684598653,17.458032865683556
20200107,-0.015026270888562978,17.19570373466236
20200108,0.016489656921846552,17.479254989776656
20200109,-0.0030955682414100945,17.425146763146795
20200110,0.004545096203033294,17.504345731537274
20200113,0.001955933986202804,17.53858307625983
20200114,-0.009669517987161438,17.36899343173461
20200115,-0.007995905625992925,17.230112599435966
20200116,-0.005158838923024647,17.1412252239099
20200117,0.004970530180910373,17.226426201223127
20200120,-0.009940109544170529,17.0551936377284
20200121,-0.0024702702790206418,17.01306269978218
20200122,-0.03319199701024059,16.448365173515974
20200123,-0.08898327346700077,14.984735797195912
20200203,-0.028919382221245665,14.551386495192421
20200204,0.025254224363923168,14.918870474548172
20200205,0.018810023215147204,15.199494774518195
20200206,0.01340672338992587,15.403270196626783
20200207,0.02239575880261109,15.748238120721885
20200210,-0.004577356780082512,15.676152816185644
20200211,0.014102062289799749,15.897218899663914
20200212,-0.013031743601751576,15.690050418982574
20200213,-0.0011569251856583334,15.671898204488604
20200214,0.03308216429563973,16.19035851571404
20200217,0.01827075254545685,16.48616854977688
20200218,-0.0021434532998792087,16.450831217396498
20200219,0.019122877575914462,16.765418448788804
20200220,0.006327685155876056,16.871504738239256
20200221,0.005803910124502016,16.969425435405107
20200224,-0.012271422781703132,16.761186441524664
20200225,-0.0006817497946883109,16.749759506109424
20200226,0.00529979856249503,16.83852985746204
20200227,-0.05369711375686905,15.934349404207463
20200228,0.040846804944732036,16.585216666242335
20200302,0.01046591415619969,16.7587961201332
20200303,0.014896771247755932,17.008448072322604
20200304,0.024395642929643278,17.423380098282365
20200305,0.005537593485987282,17.519863694418497
20200306,-0.02351700458420953,17.10784897960213
20200309,0.02028824067119321,17.45493713706673
20200310,0.0023544930389164265,17.496034665050676
20200311,-0.01682153366260515,17.20172452897042
20200312,-0.008793293851379063,17.050464710436707
20200313,-0.026917416231963958,16.59151025487747
20200316,-0.0025876191154330917,16.548577745788045
20200317,-0.013690913086357266,16.322012606167632
20200318,0.007683051401624325,16.44741546799878
20200319,0.020180731747865267,16.779336347504152
20200320,-0.03045487647382813,16.2683237317281
20200323,0.021320956364936895,16.615179952142938
20200324,0.02102023343524527,16.96443491330559
20200325,-0.011443874281989246,16.77029605289273
20200326,-0.0006306989390577933,16.759719044964484
20200327,-0.02312258496813266,16.372191017305262
20200330,0.00010134589332162509,16.373850271629543
20200331,-0.005375668614943306,16.285829878618564
20200401,0.016422724990450773,16.553287583956383
20200402,-0.0026249414660288067,16.509836172978158
20200403,0.026645087323001845,16.949742199495613
20200407,0.01183380972865565,17.15032222363421
20200408,0.008183188856950695,17.29066654934777
20200409,-0.019833497133497597,16.947732163905016
20200410,-0.009197421783703056,16.79185672291635
20200413,0.0158269916898535,17.057621299727156
20200414,-0.01107272120456878,16.868747014662162
20200415,0.002002391067823205,16.902524843009694
20200416,-0.0038588140922105295,16.83730114195155
20200417,0.006580288998359216,16.948095449417995
20200420,-0.004149591060041066,16.877767784056367
20200421,0.009103136239849074,17.031408403619167
20200422,-0.0037889044291808307,16.966878024883506
20200423,-0.017351231598554527,16.672481794769325
20200424,-0.009551264468500818,16.51323851180122
20200427,-0.02760922566793053,16.057320783220536
20200428,-0.004374977943050947,15.987070358969452
20200429,0.019293622107931094,16.295518853088318
20200430,0.0158698324481585,16.55412600694264
20200506,-0.003910521462996413,16.48939074189134
20200507,0.00889513331156177,16.636066070766894
20200508,-0.003945447461124212,16.570429346124893
20200511,-0.006139131745190882,16.468701297294654
20200512,0.0027869743751896305,16.514599145802865
20200513,-0.005517982358122104,16.423471879064866
20200514,-0.0002715075473415218,16.41901278249615
20200515,-0.003891080315962271,16.355125085050645
20200518,0.006563313019613359,16.462468890458766
20200519,-0.0062318568970823485,16.359877140160755
20200520,-0.003322110704523255,16.305527817188743
20200521,-0.007479094733443013,16.1835772299652
20200522,0.003177904703018326,16.235007096155964
20200525,0.018138128269740955,16.5294797373262
20200526,0.002081625922579922,16.563887930834177
20200527,-0.0036051655585983746,16.50417237254945
20200528,0.008267623229132316,16.640622651434345
20200529,0.020609990375501604,16.98358572412276
20200601,0.008972633461395122,17.135973213685496
20200602,0.0048264500941036514,17.218679133215247
20200603,0.009464559881453201,17.38164635295109
20200604,-0.0011028237859630218,17.36247745991386
20200605,-0.005028843307158566,17.27516428134388
20200608,0.005248799141534039,17.365838148793657
20200609,-0.004597863688240256,17.28599239215346
20200610,-0.0035765717628068222,17.22416779987159
20200611,-0.0013011696764882103,17.201756235027652
20200612,-0.0033734770765174614,17.143726504692946
20200615,0.010709643457402813,17.327329703089433
20200616,0.0018310759049919036,17.359057359006613
20200617,0.00015959527743434175,17.36182778258182
20200618,0.00026386143579118233,17.366408899388492
20200619,-0.0016088280661731718,17.338469333342516
20200622,-0.003013131005769071,17.286226253801647
20200623,-0.004952553451343104,17.200615294307685
20200624,-0.008300856174732805,17.057835460632727
20200629,0.010777389744048495,17.241674401581815
20200630,4.387467364001428e-05,17.242430874419192
20200701,0.009372318535416726,17.40403242889915
20200702,0.009894756638296968,17.576241094308134
20200703,0.028525779519997827,18.07761707255469
20200706,0.0038816205884568845,18.147787523173758
20200707,0.013318217578698024,18.38948370597937
20200708,0.021927243174765833,18.792714387058773
20200709,-0.007723592484259241,18.647567119460057
20200710,0.028855901435291084,19.185659478267173
20200713,0.002649954197609399,19.236500597135514
20200714,-0.019011781776691213,18.870780445635585
20200715,-0.03338474283022051,18.24078429345249
20200716,0.001464757525124817,18.267502619510502
20200717,0.03279533821412301,18.866591546244727
20200720,0.0003881589448003288,18.873914782511296
20200721,-0.0005884042587071516,18.862809290674793
20200722,-0.0043766518842091465,18.780253340851285
20200723,-0.027947469031115876,18.25539279221133
20200724,-8.932092903196825e-05,18.253762203567288
20200727,0.017065129980652665,18.565265028207087
20200728,0.01522684724924697,18.847955482933383
20200729,6.688725099839199e-05,18.849216170862576
20200730,0.011043802240047614,19.05738318663349
20200731,0.024855169920220493,19.53105768397202
20200803,-0.002111102523891104,19.489825618801124
20200804,0.014126863346624092,19.76515572196746
20200805,-0.0005955014227931449,19.753385543613298
20200806,-0.010160051855492088,19.55269012216866
20200807,0.012689675839354226,19.800807421606322
20200810,-0.015466075862438736,19.49456663188622
20200811,-0.0005607489175220278,19.483635074749827
20200812,0.011667474948181185,19.710959898883974
20200813,0.006735010508436365,19.843713420934325
20200814,0.013858218862208203,20.118711944560573
20200817,0.008336521560733355,20.286432020460587
20200818,-0.009566907578739037,20.09235360021847
20200819,-0.00585310521251594,19.974750940629317
20200820,0.007737335666886852,20.12930229351943
20200821,0.005669650860230975,20.243428409583732
20200824,0.011601210221558989,20.478276678168392
20200825,-0.015381480039596203,20.16329047419782
20200826,0.01977044661027688,20.56192773200545
20200827,0.002852229735478602,20.62057507370144
20200828,-0.00017263973723366521,20.617015143039108
20200831,0.00951091887742055,20.813101901559104
20200901,0.012171608650835894,21.06643083271485
20200902,-0.005532850806283798,20.94987341389654
20200903,0.009860556321432009,21.15645082062114
20200904,-0.0014680557188132366,21.125391972004135
20200907,0.01451301989660695,21.43198520601745
20200908,-0.01377504468065267,21.136758652209473
20200909,-0.049576527717788865,20.088871551023995
20200910,0.01504733806597795,20.39115559261626
20200911,0.02150275590934692,20.829621634033806
20200914,-0.002790985079135119,20.771486470849187
20200915,-0.006490851232934856,20.636661842279988
20200916,0.004982613427137379,20.739486350666624
20200917,0.011722515626127425,20.982605303490168
20200918,-0.0036151001799376325,20.90675108328196
20200921,-0.014896744006568404,20.595308564385263
20200922,0.0055190784005307615,20.708975687035228
20200923,-0.02797512491021145,20.129639505427885
20200924,-0.005844426624153422,20.011993304367753
20200925,-0.017464496321473857,19.662493920918262
20200928,0.0059401077460405705,19.779291253364384
20200929,-0.001978531676400224,19.740157299082856
20200930,0.02660373103546129,20.265319134465354
20201009,0.025197103456149898,20.775946477268374
20201012,0.0021094759517405986,20.81977283673682
20201013,-0.007013738047170399,20.673748403858355
20201014,0.0009400052749084167,20.693181836410112
20201015,0.007504350753342378,20.848470731113228
20201016,-0.0021295183212555395,20.804073530721162
20201019,0.009581600084494594,21.00340984342095
20201020,-0.009142073759628647,20.811395121428685
20201021,-0.0004854229277054006,20.80129279307921
20201022,-0.007638163063742348,20.642409126789023
20201023,0.0036823440694396005,20.718421579616
20201026,-0.0017364092982730442,20.682445919739614
20201027,0.0013243713897158132,20.70983715938506
20201028,0.0011624350034772754,20.733910999015446
20201029,-0.026958003376953022,20.174966156286544
20201030,-0.0010208813472014659,20.15436990965717
20201102,0.01804100817845999,20.517975062029002
20201103,-0.002271276245556019,20.471373072663706
20201104,0.01590603857301225,20.79699152240002
20201105,-0.008881786407498616,20.612277085779503
20201106,0.016172387667160726,20.945626821513663
20201109,-0.006010015790485558,20.819743273574748
20201110,-0.004463270395532515,20.726819129779216
20201111,0.00701675895721392,20.872254223562646
20201112,0.00047196770102934243,20.882105253403843
20201113,0.0063489158092679765,21.014683981577978
20201116,-0.005873822371609763,20.891247460674677
20201117,0.0076359179870159775,21.050771312930845
20201118,0.0010085885237258907,21.072002879292643
20201119,0.0030333436765210726,21.135921505978178
20201120,-0.0011101146747544517,21.112458209349935
20201123,0.00043610523907600286,21.121665462984804
20201124,-0.008695889195621531,20.937993800491704
20201125,-0.0028608014535136373,20.878094357393596
20201126,-0.0022590449282425948,20.830929804224155
20201127,-0.002384418507151408,20.78126014967779
20201130,0.0102648007320545,20.99457564407522
20201201,-0.00033613077801138255,20.987518721029957
20201202,0.0005093521179596797,20.998208758141235
20201203,0.004154194751228624,21.08543940674951
20201204,-0.0036653525440046,21.00815383777853
20201207,-0.0008658253601948377,20.989964445414905
20201208,-0.018059640363626787,20.6108932362854
20201209,0.000491152991777444,20.621016338161606
20201210,-0.01794738957522508,20.250922924503538
20201211,0.0057206070325380365,20.366770496600836
20201214,-0.011071709629350246,20.141275527574855
20201215,-0.019509335362969896,19.748332628669417
20201216,0.004746670634149708,19.84207145923134
20201217,-0.004277421292583708,19.75719856028266
20201218,0.005101733522913214,19.857994522496508
20201221,-0.022376649898911676,19.413639131372097
20201222,-0.0022219260648480414,19.370503460572547
20201223,-0.022333803366047005,18.937886445182787
20201224,0.015191668534434329,19.225584538800764
20201225,-0.015025908235222513,18.93670266975223
20201228,0.002492700367572642,18.98390619545773
20201229,0.001031729827693582,19.003492457725724
20201230,0.010620923641884375,19.205327100048354
20201231,0.007640815253082646,19.352071456294844
20210104,-0.0113669891400429,19.13209667021381
20210105,-0.020883526704427988,18.7325510184897
20210106,-0.03753019845985697,18.029514661106386
20210107,-0.0012631565426613081,18.006740561701204
20210108,-0.03193356534709719,17.43172113528589
20210111,0.002521666048351634,17.475678114637073
20210112,-0.02504028525560739,17.038082149611384
20210113,0.009760357299612978,17.20437991909175
20210114,0.027431666459267243,17.676324730670792
20210115,0.01906745988396098,18.013367343368728
20210118,0.015194860396434785,18.28707794542091
20210119,0.0027594557675939073,18.33754032812984
20210120,0.006084843345539959,18.449121388369033
20210121,-0.012490930961968317,18.218674686797943
20210122,-0.023250904732977893,17.795074017294088
20210125,-0.0029388729377422,17.742776555839544
20210126,0.00044140184104601827,17.750608250076557
20210127,-0.00031156315195662756,17.745077814621016
20210128,-0.018775821516844836,17.41189940077117
20210129,-0.008185819070355463,17.269368742605227
20210201,-0.002880399834765173,17.21962605573253
20210202,-0.014702584608269696,16.966453046725356
20210203,-0.02113482384732488,16.607870050268907
20210204,-0.006415596018361436,16.501320665300938
20210205,-0.006973857996082644,16.386242798233305
20210208,0.014577877754632514,16.62511944260368
20210209,0.007924673760733573,16.75686809041954
20210210,0.03682918918530678,17.374009955474833
20210218,0.03736832518952955,18.02324760933714
20210219,0.021246736396287574,18.406182800297746
20210222,-0.005009952272141959,18.313968702955933
20210223,0.012770629425709749,18.54784961057543
20210224,-0.005059325522911711,18.454010001645518
20210225,0.010653216156611302,18.650604559149315
20210226,0.02079380914667112,19.0384216708223
20210301,-0.0060695143083889,18.9228676980821
20210302,0.011740584661415372,19.145033228328195
20210303,0.004253716464136386,19.226470771377972
20210304,0.017752503564222005,19.567788762274272
20210305,-0.0053839096495748315,19.462437555536223
20210308,-0.022622886281854736,19.022141043949627
20210309,-0.018967822098533767,18.661332456694772
20210310,0.017400570827168033,18.98605029383682
20210311,0.002138264079189025,19.026647483185805
20210312,0.0033722302192047277,19.09080971879876
20210315,0.0223078734301952,19.516685085685662
20210316,0.008440951186603178,19.681424471818243
20210317,-0.0006900450253151754,19.667843402770348
20210318,0.0022722475027668375,19.7125336108271
20210319,0.012246975108398901,19.953952519282378
20210322,-0.009641144894599277,19.761573571824023
20210323,-0.005149352745401716,19.659814258698493
20210324,-0.0027441260980951942,19.605865249307495
20210325,0.009397911185194476,19.790119429629378
20210326,-0.003401132890641473,19.72281060352754
20210329,-0.016804227783449477,19.391384001616032
20210330,0.007554199853884765,19.537870391807665
20210331,-0.0023038914303621953,19.492857259644452
20210401,0.004378979253859645,19.57821607718288
20210402,0.014830791293206087,19.868576513716874
20210406,0.009212992401484488,20.051625558166062
20210407,-0.011941037243149613,19.81218835059031
20210408,0.006231640619285691,19.93565078827279
20210409,-0.009608466050698521,19.744099764475088
20210412,-0.0072982610991320016,19.600002169226638
20210413,0.013774200537147062,19.869976529634084
20210414,0.000613562062301328,19.882167993411485
20210415,0.023331691507643793,20.34605260353691
20210416,0.0077517501990855536,20.503770120856984
20210419,-0.004091565694152599,20.419877598429697
20210420,-0.004541184038642927,20.327147176208666
20210421,0.005276219914959077,20.43439767495408
20210422,-0.012949312654175508,20.169786270561342
20210423,-0.0068690937860259515,20.031238117024756
20210426,-0.010491867495919273,19.821073020921727
20210427,-0.0015442120979840663,19.790465080167795
20210428,-0.00035177409898107346,19.783503307145804
20210429,-0.011092080768567148,19.564063090577726
20210430,0.00943325737610895,19.748615933033577
20210506,0.003365701276327922,19.815083874885097
20210507,0.00920948398694748,19.997570572530872
20210510,0.009843211694164813,20.194410893045298
20210511,0.010170366664738927,20.39979545640597
20210512,0.0031421631011061173,20.4638949409592
20210513,0.012337132656784053,20.716360727520307
20210514,-0.026507062037545142,20.167230868523763
20210517,0.007791233837112817,20.324358480067474
20210518,0.0007642540992331452,20.339891454350152
20210519,-0.0056026637435005995,20.225933881952127
20210520,0.007134556515188615,20.370236950305383
20210521,0.006806020877316548,20.508877208265048
20210524,0.004313281200830134,20.59733776277759
20210525,0.0068106751925735495,20.737619540111602
20210526,0.00742498570296364,20.891596068710427
20210527,-0.0029098445527209207,20.830804771692243
20210528,0.008570395605505736,21.0093330093667
20210531,0.012021601842573327,21.26189884578334
20210601,0.003668468945086234,21.33989746141266
20210602,0.006264773168582842,21.473587078449228
20210603,-0.0029532651306329056,21.410169882500835
20210604,0.010225239204858004,21.629093990966055
20210607,0.009357460318507958,21.8314873797118
20210608,0.010778621592296212,22.066800720974705
20210609,-0.0004899077421847372,22.055990024456253
20210610,0.0010303924962861795,22.078716351075617
20210611,-0.007978356025576195,21.902564491439026
20210615,-0.0034825047764637795,21.826288705980787
20210616,-0.00017701409499579324,21.82242514523838
20210617,0.01011302836345287,22.043115949691504
20210618,0.009487313871057876,22.252245909402347
20210621,0.008781698271588706,22.44765841884391
20210622,0.00030300339983308096,22.454460135663112
20210623,-0.000314732606378651,22.44739298489979
20210624,-0.0023153991829718604,22.395418309522704
20210625,0.0015224472776627137,22.429514153160156
20210628,-0.00757262875672242,22.259663769284625
20210629,0.007470078362012289,22.425945201953226
20210630,-0.01293756494510096,22.13580807944768
20210701,0.002228707762738388,22.18514232674883
20210702,0.02199892414585428,22.67319158995996
20210705,0.005587220710466676,22.79987171558376
20210706,0.005506083936815946,22.9254097229984
20210707,-0.003711134245864873,22.840330449874894
20210708,0.009168895181542519,23.049751045681592
20210709,0.007877702316544593,23.231330122889936
20210712,0.003928702944753832,23.322599117954283
20210713,-0.009046004266364887,23.11162278683055
20210714,-0.014458975704638269,22.777452394461005
20210715,-0.0017764899135780875,22.73698848002524
20210716,-0.002776154454227444,22.6738670881807
20210719,0.0009649368452944925,22.695745937959394
20210720,0.012929544469628995,22.98919159433564
20210721,0.0016957456949114452,23.028175417011227
20210722,-0.015292696233390975,22.67601252554963
20210723,-0.013752578235416415,22.364158889224726
20210726,-0.012535336263478825,22.083816637298426
20210727,-0.028024329724138805,21.464932478287352
20210728,0.020717238184639945,21.909626597057244
20210729,0.012180783498104199,22.176503015160304
20210730,0.018186075001869653,22.5798065622732
20210802,0.0061840634532119255,22.719441518815547
20210803,0.004527262773190793,22.822298400631365
20210804,-0.00586517574028422,22.688441609714452
20210805,-0.0017402821719235276,22.648957319272338
20210806,0.017257486817404195,23.03982140163763
20210809,0.014018925829899755,23.362814949001326
20210810,0.00617190860396947,23.507008107598015
20210811,0.0023287683968709243,23.56175048518398
20210812,0.00048438578654121876,23.573163462225033
20210813,0.0054154922754647795,23.70082374686298
20210816,-0.022597581207867017,23.1652424575499
20210817,0.013604018487888867,23.48038284421884
20210818,-0.0017176082591296722,23.440052744718084
20210819,-0.005941243035379452,23.3007896945996
20210820,0.028237078452275383,23.95873592120598
20210823,0.004571693044956746,24.06826790758291
20210824,0.01109665713994903,24.335345224505797
20210825,-0.0012455097298002132,24.305035315250628
20210826,-0.005140422574396917,24.180097163044596
20210827,-0.0017984821298494894,24.13660969039884
20210830,0.0010900785497371859,24.16292049088572
20210831,0.0011399908228195699,24.19046599849785
20210901,0.0066930063284196305,24.352372940513217
20210902,0.007548271932019715,24.53619127365817
20210903,0.00937043730471251,24.76610611568442
20210906,0.007963574289231532,24.96333284159166
20210907,0.013705520607780262,25.305468314290973
20210908,0.0007903659213006789,25.325468894069143
20210909,-0.009586688734209035,25.08268150673381
20210910,0.0057721531086674235,25.227462584766617
20210913,-0.01085563385668359,24.953602487813203
20210914,0.009851639630013271,25.19943638699374
20210915,-0.005636865666495068,25.05739054920887
20210916,-0.008219998978775461,24.851418824483595
20210917,0.001361111599139964,24.885244378900683
20210922,0.012159367740151066,25.187833216607263
20210923,-0.021138355048157257,24.65540385518085
20210924,-0.03545280961958924,23.78130051620904
20210927,0.006191698380629301,23.92854715610451
20210928,-0.02276803802782184,23.383741084503797
20210929,0.024945914169556434,23.96706988256096
20210930,0.03032247707309189,24.693810809584104
20211008,0.0032733215235627583,24.774641592005903
20211011,-0.008198957175518978,24.571515366554216
20211012,0.0041787017382529,24.674192400527943
20211013,0.003040251282176387,24.749208145610314
20211014,-0.010707758799843412,24.484199594299998
20211015,0.008852239909395656,24.700939603098274
20211018,-0.002846940027560842,24.63061750942385
20211019,-0.008024486590124282,24.432969449512996
20211020,-0.011244376084363527,24.158235952164905
20211021,-0.00889924811894065,23.94324581631068
20211022,-0.0006707642709540793,23.927185542486427
20211025,-0.00790456967573678,23.73805143722156
20211026,-0.024496771506931855,23.15654581514415
20211027,-0.012186130981109395,22.874357114770742
20211028,0.019000984052105943,23.308992409510676
20211029,0.011173689204661195,23.569439846368354
20211101,-0.017569322707936465,23.155340751662212
20211102,0.01033427014585238,23.394634298309153
20211103,0.012807316434648388,23.69425678264048
20211104,0.004105269985781799,23.79152810384566
20211105,0.012095815943524033,24.07930604880496
20211108,0.011031059491504278,24.344926306343464
20211109,0.009214858712831592,24.569261362630716
20211110,0.009072797467676513,24.792173294904273
20211111,0.008405652652439246,25.000567692120317
20211112,0.01883556356770698,25.471467474114007
20211115,-0.006148867336915344,25.314846799739126
20211116,0.01503253521722906,25.695393125774963
20211117,-0.012249145517609255,25.380646516245168
20211118,0.013024383050043165,25.71121377853049
20211119,-0.0016596524897584777,25.66854209856824
20211122,0.004636869381698684,25.787563775497933
20211123,0.005483843955913098,25.92897875124592
20211124,0.0034876169129030433,26.01940909607307
20211125,-0.00601606384958547,25.86287466962261
20211126,-0.004814658138999656,25.738353769596586
20211129,0.01543815596446656,26.13570648936023
20211130,0.022698861466927064,26.728957270302484
20211201,-0.00554449836456826,26.580758610430678
20211202,0.0029305368015863525,26.65865450175263
20211203,-0.017449681296241845,26.193469476910423
20211206,0.0016590188821990362,26.23692493736292
20211207,0.003590371757215797,26.33112525165422
20211208,0.005762584922280135,26.482860597016074
20211209,0.01095353181745649,26.772941453182757
20211210,-0.0026553333928166045,26.701850367718194
20211213,0.011953610556187062,27.021033888143478
20211214,0.009836343434802653,27.286822057430694
20211215,0.008324019313853662,27.513958091250434
20211216,0.0002793188983730485,27.521643259714363
20211217,-0.0008122379012555417,27.49928913795399
20211220,0.021467532223636086,28.089631013650106
20211221,0.001310091344874226,28.1264309961218
20211222,-0.015256963423955184,27.69730706716757
20211223,-0.019071772826415805,27.16907031887907
20211224,0.01269014498315111,27.513849760283072
20211227,0.007736352110997208,27.726706589957697
20211228,0.0018785289592141924,27.778792011230568
20211229,0.010598682803456798,28.0732106164208
20211230,0.004186987650023103,28.19075280256825
20211231,0.02748706184927672,28.965633768430113
20220104,-0.0032929835591048655,28.870250412651618
20220105,0.012404698039052206,29.228377151332385
20220106,-0.017901877591384684,28.705134321374405
20220107,0.01300085147716585,29.078325509318688
20220110,0.005666848298391095,29.243107968751232
20220111,0.018076166244691827,29.77171124990585
20220112,0.0003167551549084821,29.781141592914707
20220113,-0.01618298436798975,29.29919384405568
20220114,0.016584910886770377,29.785118363013556
20220117,-0.025338440081105803,29.030409926063694
20220118,0.01668137067654048,29.514676954932284
20220119,-0.033525654601883434,28.525178089655057
20220120,0.002098780551268185,28.585046178651087
20220121,-0.010177413898806163,28.29412433237447
20220124,-0.0434901690429366,27.06360808223764
20220125,0.011828637100889737,27.383733680883136
20220126,-0.03565883799900796,26.407261557748548
20220127,0.028745960808301007,27.16636366354214
20220128,0.01362062314019628,27.536386465092768
20220207,0.024295817066991562,28.205405473334643
20220208,0.01089436281112312,28.512685393795987
20220209,-0.0020426861778461746,28.454442925448802
20220210,-0.021626165330607947,27.8390824383527
20220211,0.009619368251141869,28.10687682410111
20220214,-0.0007393233356607635,28.086096754172512
20220215,0.01972288613706199,28.64003564248956
20220216,-0.0032289257743357063,28.547559093225633
20220217,0.011027317586278292,28.86236209365968
20220218,0.016831039309417005,29.348145644620697
20220221,-0.008658052043403773,29.09404787225218
20220222,0.011250910149909234,29.421382390760044
20220223,-0.019434821402409496,28.849583078583628
20220224,0.011864379045412371,29.191865467530054
20220225,-0.007131200830265325,28.98369241227101
20220228,0.016096773122266147,29.450236333276884
20220301,0.013126145731261448,29.836804427207568
20220302,0.0005009619289376829,29.85175153030676
20220303,-0.01157955604939812,29.506081500288868
20220304,-0.005972102337863763,29.329868161979796
20220307,-0.027767555928895415,28.51544940740489
20220308,-0.014688350377803885,28.096604495328386
20220309,0.018148786698436014,28.606523777264417
20220310,0.005904486646806199,28.775430614918815
20220311,-0.02481924205920824,28.061246237129193
20220314,-0.046414614601355014,26.758794307799118
20220315,0.03188765506562968,27.61206951065835
20220316,0.01219563833018817,27.948816323958358
20220317,0.02132515197289572,28.544829079529315
20220318,0.018394410318042016,29.069894378076555
20220321,0.0032933837623514606,29.165632696194585
20220322,-0.0012272506393223208,29.12983915482194
20220323,-0.015289062587444033,28.684471220821692
20220324,0.004220625357386373,28.805537627419515
20220325,-0.004606488897794714,28.6728452381438
20220328,-0.01209682625795908,28.325994810976628
20220329,0.006919374850778382,28.521992987094976
20220330,0.00764473880582312,28.740036173702837
20220331,-0.007952187834756496,28.511490007671856
20220401,0.022657750442524292,29.15749623301021
20220406,-0.02035325884799621,28.56404616482028
20220407,-0.00913821914295806,28.30302165135658
20220408,-0.024035534402204694,27.622743400769053
20220411,0.02050187925539221,28.1890615506743
20220412,-0.017850241774913803,27.685879986586837
20220413,0.0026089259826265064,27.758110398235722
20220414,-0.028197819653058752,26.975392207316574
20220415,0.006868309642596986,27.16066755372692
20220418,0.004154761206959719,27.273513641634274
20220419,-0.005220943443675197,27.131120169400997
20220420,-0.03574476464248004,26.161324664458917
20220421,-0.0074296070402675805,25.966956302549125
20220422,-0.08161030698797034,23.84778502715488
20220425,-0.04531627665886827,22.767092203163113
20220426,0.007927058080074424,22.947568265371995
20220427,-0.027266399090027354,22.321870710902715
20220428,0.0451996978534129,23.330812522558464
20220429,0.014826420169545865,23.676724951914817
20220505,-0.005328906805539515,23.55055389118567
20220506,0.022864185883686824,24.089018133017525
20220509,0.015408474903241296,24.46019316436385
20220510,-0.003993251571129526,24.362517459580122
20220511,0.011554075076936439,24.64400381537129
20220512,0.009200234716791942,24.87073443483422
20220513,0.005612649168313209,25.010325141775233
20220516,-0.003559471986661089,24.921301590055798
20220517,0.017115902119456263,25.34785214876064
20220518,0.011444331681077106,25.63794137615396
20220519,0.007671576306678213,25.834624799767266
20220520,0.015963933131062435,26.247047022536837
20220523,-0.04458805468762164,25.076742254507387
20220524,0.023626919873655786,25.669228434446953
20220525,0.004308510810437764,25.779824582652363
20220526,0.0014414694120543357,25.816985411236384
20220527,0.006920698956945956,25.995656995243415
20220530,0.01043153476877306,26.266831595026396
20220531,0.01114262833090227,26.559513136920174
20220601,0.011402920682322343,26.862369158581572
20220602,0.01737242253178666,27.329033585809285
20220606,-0.010182279404144625,27.050761729993322
20220607,-0.005038622089540931,26.914463164401667
20220608,-0.021717016339144402,26.329961328101056
20220609,0.0107293434584455,26.61246452643784
20220610,0.007237859237008405,26.805081798630077
20220613,0.0009634195509312802,26.830906338499194
20220614,0.0017691372783583004,26.878373895114773
20220615,0.013599328040323433,27.243901718904908
20220616,-0.005230415433216917,27.101404794893302
20220617,0.013455550523134447,27.466069116358906
20220620,0.0048693539083155555,27.599811127356713
20220621,-0.013376747858367405,27.2306154129675
20220622,0.014066425129931595,27.613652825915967
20220623,0.005850902915277896,27.775217627736588
20220624,0.007349606524365048,27.979354548429058
20220627,0.020009894447329712,28.539218479647538
20220628,-0.01750841568017087,28.039541979318653
20220629,0.0034810523845650596,28.13714909378787
20220630,-0.00035518570943639927,28.127155180525474
20220701,0.0007738757672171595,28.148922104320437
20220704,-0.010783317865237467,27.84538332970574
20220705,-0.0028112650114097727,27.767102577821642
20220706,0.001696420429775957,27.814207257910347
20220707,0.013187266836556822,28.181000630867707
20220708,-0.005232476823837968,28.03354419819413
20220711,-0.017400794965944186,27.54573824343262
20220712,0.019687570140557407,28.088046897173633
20220713,0.006397860444176899,28.26775030137125
20220714,-0.024076544541996793,27.587160552138243
20220715,0.034849985310758703,28.548572692145804
20220718,0.01495318598039136,28.97546480908618
20220719,0.0074226645340024966,29.190539964080823
20220720,0.0019071819351115012,29.24621163457647
20220721,0.007709608558724563,29.471688478104667
20220722,-0.001752878485306422,29.42002818944574
20220725,0.011233248277660672,29.750510670433563
20220726,0.008470288047605254,30.002506065375492
20220727,0.009805317990211181,30.296690177849737
20220728,-0.0020381136211026383,30.234942080923936
20220729,0.0068556940257707396,30.44222359271765
20220801,-0.04488181956043627,29.07592120641084
20220802,0.0030643393568113007,29.165019696099186
20220803,0.02323829856355232,29.842765131409028
20220804,0.00708000986827671,30.054052203036065
20220805,0.015088356801783416,30.507518466014897
20220808,0.008418527698331256,30.764346855228396
20220809,0.00827282511280077,31.018854916471245
20220810,0.008895869182738486,31.294794592006518
20220811,-0.00016884011774132541,31.289510775202913
20220812,0.004532454160642874,31.431329048500462
20220815,0.00862397237850978,31.702391962034582
20220816,0.0029647439368268897,31.796381436386937
20220817,0.00174443252578523,31.851848078366842
20220818,-0.009834296060548269,31.538607574288577
20220819,0.005465984285991308,31.710997107691682
20220822,0.00739113254710871,31.945377290515616
20220823,-0.023346815909773166,31.1995544477457
20220824,-0.0057731956322427825,31.019433316280054
20220825,-0.0078077874337615675,30.777240174630798
20220826,0.012796379207358821,31.171077410861333
20220829,0.006917802787199603,31.386712777054207
20220830,-0.026448654711281983,30.556576448291718
20220831,8.41568757868056e-05,30.559147994300346
20220901,0.021685650458401155,31.221842996011294
20220902,0.007852852810149611,31.46702353352057
20220905,0.004392900782528863,31.60525504582483
20220906,2.962753092229764e-05,31.60619143149601
20220907,-0.010175087391949507,31.284595671553856
20220908,-0.004101444270697156,31.156283645875686
20220909,0.010015675413329957,31.46833486995842
20220913,-0.003910782383958973,31.345269060296467
20220914,-0.021007885808801294,30.686771227231606
20220915,-0.029164052068834056,29.791820633336222
20220916,-0.02066540425452629,29.17616061646999
20220919,0.0200162097090481,29.760156765874125
20220920,0.0096309524089334,30.046775419368654
20220921,-0.005010983658834714,29.896211518741524
20220922,-0.02449606537975939,29.163871966771318
20220923,-0.025582487654705215,28.41778757221799
20220926,0.029005119950929376,29.2420489094902
20220927,-0.02039261033429326,28.64572720070262
20220928,-0.010290449089588214,28.350949803309557
20220929,-0.009876713920433228,28.070935582729707
20220930,-0.01583061952110303,27.626555281918122
20221010,0.0030403698681159903,27.71055022815711
20221011,0.028880148994199873,28.510835047457547
20221012,0.016699540610755532,28.986952895179115
20221013,0.02167071048222868,29.61512075913254
20221014,0.026592952251360612,30.40267425139843
20221017,0.00455616034834726,30.54119371030637
20221018,-0.006016592908663489,30.35743978080682
20221019,-0.0016013673512673833,30.30882636787377
20221020,0.0015921792232404788,30.357083451497502
20221021,-0.017190031643825952,29.835244226351996
20221024,-0.008787317747920504,29.57307245524823
20221025,0.02521904525554055,30.318877107842514
20221026,0.004082556763024777,30.442655644626452
20221027,-0.03851693191287858,29.270097949915165
20221028,0.018070556412740572,29.79902490612555
20221031,0.0245901901087798,30.53178859362344
20221101,0.012310357475306543,30.90764582557143
20221102,0.003124429561302957,31.004214587859124
20221103,0.01179995031986194,31.370062779702202
20221104,0.01441687540253374,31.822321066166833
20221107,0.0034280467250962054,31.931409469682666
20221108,0.0019351367592341981,31.993201113921607
20221109,-0.0008354800047260782,31.966471434103745
20221110,0.004291627470168447,32.1036596210347
20221111,0.0025221830473740304,32.18463092708954
20221114,0.015494541252752403,32.68331701869394
20221115,0.005934529378332558,32.87727712372274
20221116,0.009514748626811695,33.19009615108899
20221117,-0.006235369342133914,32.98314364308601
20221118,0.002086912662416618,33.05197658320107
20221121,-0.0074610847845229256,32.80537298361774
20221122,-0.014349027916519614,32.33464777086397
20221123,0.006946990825550282,32.55927627227556
20221124,-0.008219951922830468,32.2916405866753
20221125,-0.005605788536567796,32.11062047804755
20221128,0.018556026515597644,32.706466003070496
20221129,-0.0014473179783310315,32.65912934681658
20221130,0.005860131484494835,32.85051613895805
20221201,0.01646280468298188,33.39132776988885
20221202,0.005681374474891684,33.58103640716344
20221205,-0.0077887055153393414,33.31948360368815
20221206,0.0003617831194554738,33.331538030404936
20221207,-0.0026014004641589173,33.24482935190151
20221208,-0.004545670823265031,33.09370930109214
20221209,-0.001540220105951223,33.04273770464609
20221212,0.0012088374753172907,33.08268100427055
20221213,-0.0008700148169116393,33.05389858161367
20221214,0.006757441149564074,33.27725835604259
20221215,-0.015653513327474496,32.75635234886447
20221216,-0.02654684699911049,31.88677447481021
20221219,0.002416083245570644,31.96381557637409
20221220,-0.008170177495032278,31.702665529696635
20221221,-0.018252979655643972,31.123997420753398
20221222,0.0018032944845941656,31.180123153640768
20221223,0.013946580609953312,31.614979254631287
20221226,0.0022609678158023107,31.686459705223267
20221227,-0.018315208134303717,31.106115600682873
20221228,-0.007160472938951565,30.883381101688283
20221229,0.0080359716123197,31.131559075513902
20221230,0.027255665271885193,31.98007042906803
20230103,0.010391409606688804,32.31238844014723
20230104,0.00242806974415921,32.39084517288027
20230105,-0.0054344829644141475,32.21481767658528
20230106,0.006668678882069527,32.42964795091484
20230109,-0.005610088495400426,32.24771475603553
20230110,-0.012825257339065858,31.83412951569258
20230111,0.001783455223182552,31.890904260252814
20230112,0.00151875110710815,31.939338606404753
20230113,0.013245395136518925,32.36238776664566
20230116,-0.003368856044862777,32.2533635409918
20230117,0.00996478074903998,32.57476123709686
20230118,0.005404912642260533,32.750824975925866
20230119,0.008546283530354694,33.03072281202315
20230120,0.021632304818196578,33.74525347625819
20230130,0.007204568043055268,33.98837345105804
20230131,0.020178111005142746,34.67419462343773
20230201,0.001792218510325163,34.73633835687247
20230202,0.002276240798812673,34.815406627441746
20230203,0.004432326622635688,34.96971988111444
20230206,0.007665792097206754,35.237790483420625
20230207,-0.0014190813311166558,35.1877851927958
20230208,0.009698112979973045,35.52904030911056
20230209,0.003743751617787147,35.66205221124622
20230210,0.009361902317532216,35.99591686049064
20230213,-0.0017884092256960393,35.93154143068995
20230214,0.005929943794212262,36.14461345181334
20230215,-0.026106436449093832,35.201006397756515
20230216,0.0006716112305922511,35.2246477889814
20230217,0.005687434064185795,35.4249856507154
20230220,0.0029379203726079993,35.52906143775799
20230221,0.005136590631322844,35.71155968187887
20230222,0.0020336293714878135,35.784183758549574
20230223,-0.0014565592058565003,35.732061976272
20230224,-0.011601976915352448,35.31749941808535
20230227,0.013164001860828096,35.78241904614482
20230228,0.013634099641925685,36.2702801128491
20230301,-0.00108656214892178,36.23087019934769
20230302,-0.0010964605195363521,36.191144480585656
20230303,0.0010939931404060626,36.23073734439087
20230306,-0.013939915548374397,35.725683925554726
20230307,0.01904630743536383,36.406126284939475
20230308,0.012164224493096256,36.848978577993485
20230309,-0.009653459533244866,36.49325845444942
20230310,-0.004107866642378013,36.3433490153727
20230313,-0.016195550251850342,35.754748480073694
20230314,0.012476615563012354,36.20084673141177
20230315,-0.014267712342229268,35.68434346370286
20230316,0.0060940786054642405,35.901806657755046
20230317,-0.006951741584468155,35.65222657545479
20230320,0.02130925118521609,36.41194882686339
20230321,0.01006016874232151,36.778259176298405
20230322,-0.0033138175912811162,36.65638273406329
20230323,0.002594987891933027,36.751505603420256
20230324,-0.002638427551776115,36.65453941846694
20230327,-0.007641932201815059,36.37442791334226
20230328,-0.010760273188053036,35.98302913193555
20230329,-0.012146576777509795,35.545958505897126
20230330,0.00845587716870772,35.846530764866976
20230331,0.006777753042708056,36.08948969782908
20230403,-0.017000144396539754,35.475963161768554
20230404,-0.00802027887292852,35.19143604392543
20230406,0.008740388080806218,35.499022852070205
20230407,-0.016938166982470908,34.897734475287294
20230410,-0.0015800233154573274,34.8425952411597
20230411,0.011267761117139247,35.235193281038256
20230412,-0.0009551190599087728,35.20153947635597
20230413,0.0028882185756492285,35.303209216563026
20230414,-0.0003888200922492946,35.28948261949875
20230417,-0.010241990688782234,34.9280480670979
20230418,-0.006935331763206118,34.68581046591136
20230419,-0.012476282709324249,34.25306048853661
20230420,-0.028632316836752665,33.272316008000374
20230421,-0.0015674110707707665,33.22016461153925
20230424,-0.025903879141241783,32.35963348238978
20230425,0.013414011611220937,32.79370598165741
20230426,0.002328771120325823,32.870075017075955
20230427,0.025432288808978194,33.70603625808301
20230428,0.016664452216089524,34.267728888699615
20230504,-0.0031317778390993335,34.16040997476972
20230505,-0.0002944237422364101,34.150352339028615
20230508,-0.01900982745267025,33.50116003361579
20230509,0.009142574097139311,33.80744687156324
20230510,0.013981231528163284,34.28011661365065
20230511,-0.006354232041364053,34.06229279828249
20230512,0.007256310926622244,34.30945938570047
20230515,-0.005282890909448912,34.12820625460365
20230516,0.019879819790958857,34.80666884473384
20230517,0.008720505245306822,35.110200582966
20230518,0.0005913452103079705,35.130962831913685
20230519,0.007223640517987031,35.38473627846219
20230522,-0.0014124767694317247,35.334756160476395
20230523,0.0059785017228394894,35.54600506105792
20230524,0.0009976127958042603,35.58146621054655
20230525,-0.0007665691867448598,35.554190554930344
20230526,-0.011521072703949536,35.14456814061692
20230529,0.0032863509761534744,35.26006552643232
20230530,-0.003759875429636772,35.1274920724121
20230531,0.0025594705745449263,35.217399854729
20230601,0.011170969232401934,35.61081234495138
20230602,0.009804534753463379,35.95995979218652
20230605,-0.01849777020980161,35.29478071919694
20230606,0.0089701999239281,35.61138195851934
20230607,-0.001253857858911071,35.56673034738397
20230608,-0.002377230030132164,35.48218004792855
20230609,0.011748548470459466,35.899044160059205
20230612,0.008518362021945928,36.20484521445641
20230613,-0.0019254359912457464,36.135135102423014
20230614,-0.003924751561939677,35.993313674488874
20230615,0.006301110443946112,36.22011151919543
20230616,-0.002594373321492713,36.126143028168535
20230619,-0.009581181877392025,35.780011881286974
20230620,-0.006822506925596223,35.535902502428975
20230621,-0.011074837181116721,35.14234816813054
20230626,0.03317087320497262,36.3080505433406
20230627,0.0015098180834229355,36.36286909462477
20230628,0.01623349176637225,36.953165430674034
20230629,0.014753446398607966,37.49835197611437
20230630,0.003573224281645317,37.6323419979171
20230703,0.010450891581770452,38.025633524105444
20230704,-0.002994588685803798,37.91176239218363
20230705,0.0015647060801815117,37.97108315730908
20230706,-0.002560432854110336,37.873860748486955
20230707,0.0005265494592107357,37.8938032093823
20230710,0.008182583326659148,38.20387241170709
20230711,-0.01022333049405238,37.8133015978896
20230712,0.006673775183519963,38.06565907170055
20230713,0.003557483613293237,38.201077030077336
20230714,0.005072940566900878,38.394868823442515
20230717,0.0028435559330984,38.50404678048595
20230718,0.0024928125875531594,38.60003015297208
20230719,-0.009176613204609585,38.24581260657199
20230720,-0.004473648858611846,38.074714270657914
20230721,0.0060274342254414415,38.304207106576776
20230724,0.017087611085912113,38.95873450056819
20230725,0.003913375950279396,39.11119467521603
20230726,-0.0027582494287962623,39.00331624484358
20230727,0.004151408581829098,39.16523494662222
20230728,0.00456752956694985,39.344123315237454
20230731,-0.004883926013451965,39.1519695279017
20230801,0.0013915613759985985,39.206451896491
20230802,-0.00831293349059873,38.88053126947311
20230803,-0.004337980990662711,38.711868263919264
20230804,-0.006026392857920325,38.47857533749683
20230807,0.004369269303153814,38.646698595548045
20230808,-0.009101661473864996,38.29494942784887
20230809,0.008622453709945865,38.62514585661522
20230810,-0.011223382195378231,38.1916410823142
20230811,0.007400210172363226,38.474267253150785
20230814,0.0009744121631610916,38.51175704713097
20230815,-0.006423329574619625,38.26438333911957
20230816,0.02043426863687628,39.04628802749556
20230817,0.0010373874263369367,39.086794155740414
20230818,0.0010611136574504335,39.12826968684503
20230821,-0.007276777210051104,38.843541985719064
20230822,-0.008450284960491904,38.515302987064906
20230823,-0.008355208022730747,38.19349961854948
20230824,-0.01764454317249399,37.519592765621354
20230825,0.011490394228943181,37.95070767780775
20230828,0.051407246720503855,39.90164907061853
20230829,0.012486821449614827,40.39989383810853
20230830,-0.0029137999770424013,40.282176628370536
20230831,0.001997091599401167,40.36262382492065
20230901,0.014259250675964485,40.93816459597984
20230904,-0.003962825045498149,40.775933812002165
20230905,0.007035243849964007,41.062802449579586
20230906,-0.013540522778432708,40.50679063766477
20230907,0.0018000553638439915,40.5797051034242
20230908,0.00501101366003601,40.7830505600177
20230911,-0.005102765612940915,40.57494421202921
20230912,-0.0067480473521674775,40.30114256717488
20230913,-0.009685432352973282,39.91080857709297
20230914,0.0018280711534797872,39.983768374964804
20230915,0.020276973170063394,40.794518173541995
20230918,-0.00982749188173581,40.393610377372184
20230919,-0.0026589263187920165,40.28620674362876
20230920,-0.005351142704612069,40.070629502316095
20230921,0.019337802156541607,40.84550740791996
20230922,-0.0035785142569398,40.699341177328776
20230925,-0.0019637876820368565,40.61941631245772
20230926,0.0028293147505292567,40.73434142618844
20230927,0.014241026281782766,41.314440253009906
20230928,-0.007970716912550876,40.985134545352665
20231009,-0.0037317680212296477,40.832187530910524
20231010,-0.0012501858467807824,40.781139707966275
20231011,0.0024301365801616473,40.88024344735128
20231012,-0.01211733969439917,40.38488365070999
20231013,0.00176939508429121,40.456340465321226
20231016,0.0016796895991639089,40.52429455962106
20231017,-0.019158745602544748,39.74789990943069
20231018,-0.003912074715060085,39.59240315521827
20231019,-0.004461898219013391,39.41574588209354
20231020,-0.025737714127904435,38.401274682442086
20231023,0.04298678296539477,40.05202194281073
20231024,0.020183471368529632,40.86041078094517
20231025,-0.001764571777269113,40.788309653273494
20231026,0.013302092774753855,41.330879532406726
20231027,0.00987583425932254,41.7390564484608
20231030,0.0019639640585444266,41.82103045516314
20231031,0.009875222420748904,42.2340224327728
20231101,-0.005610639612378497,41.997062553521396
20231102,0.009363860732613275,42.39031719845141
20231103,0.013288293785974545,42.95361218706509
20231106,0.006515891601146707,43.233493267953705
20231107,0.001094649925617416,43.28081880814366
20231108,-0.0034525628324681857,43.13138906176787
20231109,0.0034411837354264944,43.279812096293576
20231110,0.014636625514330252,43.9132824982776
20231113,-0.001310985093641698,43.855712839509486
20231114,0.005068252314019429,44.07798465759131
20231115,-0.003996057767874891,43.90184648460807
20231116,0.006526049805490251,44.18835212131961
20231117,0.012172212139871064,44.726222117451634
20231120,-0.004119373335794026,44.5419781106502
20231121,-0.00274847024390138,44.419555809208575
20231122,0.007979198569748339,44.77398826539027
20231123,-0.00969866992578372,44.33974013194334
20231124,0.0013365421169757711,44.39900206208544
20231127,0.013309857533522939,44.98994645416238
20231128,-0.0038597066532285377,44.81629845850485
20231129,-0.0041006454725876175,44.63252270713285
20231130,0.0037922977510226373,44.80178252261758
20231201,0.006269394139609308,45.08266255540892
20231204,-0.012504661244356136,44.518919132159915
20231205,0.00904624921977146,44.92164836962428
20231206,-0.005349048216528774,44.68136030652921
20231207,-0.025261809018369216,43.55262831578472
20231208,0.009482070039804396,43.965597387892565
20231211,0.007654221428471797,44.30211980553454
20231212,-0.0008166138107014117,44.26594208265799
20231213,0.002420432519233014,44.37308480836934
20231214,0.002754137519330235,44.495294386088496
20231215,-0.011488474099409429,43.98411134898832
20231218,0.0059589350861851045,44.24620981334048
20231219,7.056153071044624e-05,44.24933189363304
20231220,0.006644698234735156,44.54335535115488
20231221,-0.017909835095046813,43.74559120223562
20231222,-0.01005724677606529,43.305630996149866
20231225,-0.010662214557854903,42.843897066905626
20231226,0.009225772641631212,43.23916512032635
20231227,0.019837480864833668,44.0969212310122
20231228,0.018839722367078024,44.92769498424738
20231229,0.01639479520743095,45.66427534265604
20240102,-0.004095484782597797,45.477257997881836
20240103,0.0034004291900015292,45.63190019345907
20240104,-0.01572321202887768,44.91442015143672
20240105,-0.015027767873652318,44.23945667122124
20240108,0.012214056066474731,44.779799875353916
20240109,-0.009595118600116949,44.35013238466039
20240110,0.013239557730160246,44.937308522707355
20240111,-0.00853768896924717,44.553647759425374
20240112,-0.0010003254175010353,44.50907961312923
20240115,-0.006956685270407437,44.19944395458518
20240116,-0.019774579332459852,43.32541854365462
20240117,-0.019519648775850093,42.47972159061578
20240118,-0.014610419422694046,41.859075041217615
20240119,-0.06569767914434171,39.109030959880776
20240122,-0.017867587476148854,38.41024692809769
20240123,0.019650037813987685,39.165009732679415
20240124,0.050992867884855485,41.16214589968701
20240125,0.004862969598513249,41.36231616380675
20240126,-0.04237484652167206,39.60959436458457
20240129,-0.039638707133576714,38.039521253887024
20240130,-0.06393676550554146,35.607397303534185
20240131,-0.025050003279500677,34.71543188430617
20240201,-0.059310681074376016,32.656435975456866
20240202,-0.13383640089029186,28.28581611859747
20240205,-0.03408469676296459,27.3217026535021
20240206,-0.0879160861708199,24.919685488683292
20240207,0.10557029646324965,27.550464073494528
20240208,0.06187966921951153,29.255277677206408
20240219,0.02333955454241997,29.938082826207207
20240220,0.04245696876333766,31.2091630735937
20240221,0.042129233161376754,32.52398118149256
20240222,0.04792913646630455,34.082827513967835
20240223,0.029855146701729892,35.1003753294071
20240226,0.033901875625102315,36.29034388821907
20240227,-0.0966297993489489,32.78361523999611
20240228,0.040481787668610526,34.11075459115106
20240229,0.012930233785679819,34.55181462262059
20240301,-0.005599681346550756,34.35833547078882
20240304,-0.0296556410880034,33.339417005685895
20240305,0.025770705040245274,34.19859728755317
20240306,0.0031609099015303377,34.30669597233785
20240307,0.008659045063485768,34.60375919874163
20240308,0.022355153688354057,35.3773315538243
20240311,0.02457975605019893,36.24689773312431
20240312,-7.432262277765888e-05,36.244203768617226
20240313,-0.003177318538726758,36.12904438806181
20240314,0.02225873593444951,36.93323124665968
20240315,0.03007811530144114,38.044113234551496
20240318,0.0009876046556883664,38.08168577790347
20240319,0.019857630214579976,38.837897812028906
20240320,0.00399632759041071,38.99310677460867
20240321,-0.017534025743881257,38.30940063658877
20240322,-0.02535786754500051,37.3379559295178
20240325,0.00210854632002022,37.41668473909005
20240326,-0.03182409601050858,36.22593257155832
20240327,0.030824596070372596,37.34258231034916
20240328,0.01809199379282556,38.01818407771608
20240329,0.024519728362638764,38.95037962414248
20240401,0.00938284524861432,39.31584500853058
20240402,-0.006905880592891617,39.04433447749303
20240403,-0.04388822988108456,37.33074775039086
20240408,0.02056286609960362,38.09837491778023
20240409,-0.027729761120844857,37.04191608221779
20240410,0.004350427398995643,37.20306424885317
20240411,-0.004215124354365748,37.04624870668079
20240412,-0.08453350250263929,33.914599548921196
20240415,-0.10051867854854853,30.505548818760435
20240416,0.09101156416677035,33.281906532521596
20240417,-0.008862990732839044,32.98692930335264
20240418,-0.012082035778243634,32.58838004329514
20240419,-0.014236976420820363,32.124420045026014
20240422,0.03165190851739501,33.14121924946554
20240423,0.034094203112185924,34.27114270994231
20240424,0.01093338975135841,34.645842470414536
20240425,0.00483396610538789,34.81331929860913
20240426,0.040516806428266224,36.2238438177563
20240429,-0.0044798145777569486,36.061567714159125
20240430,0.02968606079320605,37.13209360561997
20240506,0.012580282738954125,37.59922584186798
20240507,-0.014149043606213479,37.067232755871515
20240508,0.015602280721645701,37.6455661269032
20240509,-0.01691745326591834,37.008699021282276
20240510,-0.02778466653089577,35.98042466023366
20240513,0.01863309989557656,36.65085150721306
20240514,0.002148636047491727,36.72960084793273
20240515,0.019882636076888987,37.459882134841564
20240516,0.015224022225431559,38.03017221302444
20240517,-0.0026839687968358648,37.92810041746639
20240520,-0.014935013156046693,37.36164373874767
20240521,0.007303869034259305,37.634528291520134
20240522,-0.024545292191309326,36.71077779812268
20240523,-0.006890604083688617,36.45781836271155
20240524,0.00433040403775339,36.61569544655712
20240527,-0.0156939491529055,36.04105058402058
20240528,0.007517803255395052,36.31200011142899
20240529,-0.012122549770413186,35.87180608281495
20240530,0.008197693910992739,36.16587216911635
20240531,-0.03650880539921726,34.84549938000111
20240603,-0.026952569820730198,33.90632362502342
20240604,-0.023637708597861833,33.10485582755032
20240605,-0.06103997343052705,31.084136307415218
20240606,0.05086157776418233,32.66512452344726
20240607,0.00011165313615932224,32.66877168704334
20240611,0.0278252500446213,33.57778842788596
20240612,0.0009538278189430761,33.60981585658707
20240613,-0.0014839801751652228,33.55993955616494
20240614,-0.012669801777124137,33.134741774336064
20240617,0.02521063355702519,33.970089607215506
20240618,0.00520443866018341,34.1468848548572
20240619,-0.020302563738569587,33.45361554861787
20240620,-0.0026474311506070347,33.36504940471403
20240621,-0.04160241008994528,31.97698293670783
20240624,0.011231954603068696,32.33614695739604
20240625,0.03767583302443682,33.554438230816544
20240626,-0.009752688223737534,33.22719225622873
20240627,0.0018154844718777598,33.287515707814016
20240628,0.006030827404749151,33.48826696978072
20240701,0.01439129202353338,33.97020639910488
20240702,-0.005114066197474427,33.79648051483799
20240703,-0.03879560233764134,32.48532569637249
20240704,0.018897549610563738,33.09921875033501
20240705,-0.032518483581850506,32.022882348830166
20240708,0.012589404773538915,32.426031376735004
20240709,-0.015211545438016227,31.93278132707326
20240710,0.040473301869968274,33.22520642527159
20240711,-8.645483986062436e-05,33.22233394537076
20240712,-0.021730955510915376,32.50038088443513
20240715,0.0004953564223632826,32.51648015683549
20240716,-0.011791240630951766,32.13307051483468
20240717,-0.006099388473014075,31.937078434933948
20240718,0.010685799073533113,32.27835163808532
20240719,0.015163901544096591,32.76781738433097
20240722,-0.010603754232941099,32.42035550203763
20240723,-0.015145754945722513,31.92932474235056
20240724,0.011522851126556457,32.297241597928135
20240725,0.017095635361373766,32.849383463464505
20240726,0.007548859537989631,33.09735884513976
20240729,0.012337276808690562,33.505690122848804
20240730,0.028332523119376774,34.45499086288509
20240731,0.007233320684114011,34.704214860964555
20240801,-0.012644997265320548,34.26538015895256
20240802,-0.02098340976062816,33.54637564647356
20240805,0.026888707856530004,34.448394340877
20240806,0.0014834606888127063,34.499497179674414
20240807,0.003286776647427654,34.61288932135256
20240808,-0.004826119740592154,34.44584337291985
20240809,-0.0065113171064852485,34.22155556371845
20240812,0.013886314586346107,34.69676684991037
20240813,0.0009157856503324124,34.72854165110444
20240814,0.005275528711569577,34.911753069695784
20240815,-0.006229432441045899,34.694272662549636
20240816,-0.003499241668672144,34.57286901798457
20240819,-0.017799438104479846,33.95749137580467
20240820,-7.262533277815897e-05,33.95502520169319
20240821,-0.014097535084001089,33.47634304263418
20240822,-0.01291841087830273,33.04388188850642
20240823,0.02326620655966234,33.81268767005749
20240826,-0.008280970223400677,33.5326858102886
20240827,0.013282968100656718,33.978099406236005
20240828,0.012523613141396484,34.40362797847961
20240829,0.019383225741117505,35.07048126589991
20240830,-0.010438097204490196,34.70441217343819
20240902,0.007863183576632264,34.97729933727705
20240903,-0.015182791509098797,34.44624629388783
20240904,0.014924393339392529,34.960335622643406
20240905,-0.021343002905374598,34.21417707787646
20240906,0.0056865332774400324,34.40873713439003
20240909,0.013078941847759741,34.858767006425566
20240910,-0.00787498999083547,34.584254565157096
20240911,-0.0014991813213066302,34.5324064967017
20240912,-0.013808487697389777,34.05556618643073
20240913,-0.01760771544298586,33.455925467770285
20240918,0.031716707691968396,34.51703727639584
20240919,-0.004144608219377323,34.37397767999153
20240920,0.0034377740667313385,34.49214764903021
20240923,0.030203282253159287,35.53392371999151
20240924,0.016501114248782284,36.120273055002606
20240925,0.02675536439793762,37.08668412274221
20240926,0.042622384944635196,38.667407049741826
20240927,0.10936854181568352,42.89640497456557
20240930,0.07543798250096309,46.13242322239107
20241008,-0.09705007225621104,41.655268215303906
20241009,0.01621787095468927,42.33082797980267
20241010,-0.0325839606200199,40.95152194789594
20241011,0.0321887645188793,42.26970084456648
20241014,-0.009559734641005738,41.86561372113773
20241015,0.011947887233852063,42.36581935285389
20241016,-0.005397681368327867,42.13714215907905
20241017,0.024724669059586035,43.178969054079005
20241018,0.01441157023245349,43.8012457991668
20241021,0.017319309983136584,44.55985315281013
20241022,0.005515949472619932,44.805643051308394
20241023,0.004421242535293966,45.00373966618803
20241024,0.02653422288793759,46.19787892528138
20241025,0.0382151940679506,47.9633398339387
20241028,-0.02310586490401094,46.855105383390544
20241029,-0.0019171602923752271,46.765276635854455
20241030,0.019819652634399016,47.69214817412867
20241031,-0.03756368948437446,45.90065512927292
20241101,0.02222518217753832,46.92080555158937
20241104,0.02416543288825868,48.05466712920934
20241105,0.009657317648166002,48.518746314153
20241106,0.029889256205873203,49.96893555352449
20241107,0.003116696249576655,50.12467354755949
20241108,0.027314660452574205,51.493811985807206
20241111,-0.0003699804118853853,51.47476028403915
20241112,0.007657183532467476,51.8689119708238
20241113,-0.02535817161506149,50.553611199581134
20241114,-0.016594417339769667,49.714703477302834
20241115,-0.027954917517598127,48.324933042182984
20241118,0.022171337982479913,49.39636146564194
20241119,0.02885800742646805,50.82184203165794
20241120,0.008420896211956377,51.24980748870696
20241121,-0.03511737063769122,49.45004900401572
20241122,0.02998208863998272,50.9326647565056
20241125,-0.0029414524959028455,50.7828487426346
20241126,0.00966059262576644,51.273441156713105
20241127,0.013424780705963367,51.961775860282096
20241128,0.011569225694617456,52.56293337270282
20241129,0.019860240480022544,53.606845869820106
20241202,0.006192674742282988,53.9388156302516
20241203,-0.014280353131362729,53.16855029556413
20241204,0.016621690081267883,54.0523014606473
20241205,0.0095901599433779,54.57067167696258
20241206,0.007173379817316252,54.962127831787505
20241209,0.002988041622148096,55.12635695739071
20241210,0.014814719935733143,55.94303849679171
20241211,0.019379639847145323,57.02719443481452
20241212,-0.014607442914494673,56.19417294753418
20241213,0.003865622448083542,56.411398403931656
20241216,-0.05570632189505713,53.26892688589193
20241217,-7.97713134927619e-05,53.26467755362589
20241218,-0.0025332993705534956,53.12974217950655
20241219,0.01909336331190873,54.144167649607915
20241220,-0.06770506026986427,50.47833351562958
20241223,-0.0011668959992719666,50.419430550200275
20241224,-0.030066655345203,48.903486909146004
20241225,0.01664003354927934,49.71724257199094
20241226,0.01641225391742367,50.5332145811566
20241227,-0.017119652746748704,49.66810349535026
20241230,-0.01741166958533062,48.803298888359215
20241231,-0.009712192914026441,48.329311834714574
20250102,-0.04711337117207842,46.052355027754544
20250103,-0.007501595857958565,45.706888872029104
20250106,0.036038962343886975,47.35411771894439
20250107,-0.002100333922666465,47.25465825912134
20250108,0.004178882982950033,47.452129946385504
20250109,-0.03051142906852419,46.00429764937597
20250110,0.008512753310647126,46.395920886494686
20250113,0.05370988056775359,48.88784025613926
20250114,-6.123743451705882e-05,48.8848464902229
20250115,0.007378094319243878,49.24552349840952
20250116,-0.0031639697073781903,49.08971215383657
20250117,0.01776107531090991,49.96159822839175
20250120,-0.008872529142658014,49.51831249209658
20250121,-0.007996464744476371,49.12234105204757
20250122,0.002549079472515741,49.24755780326526
20250123,0.01141788277749734,49.80986064534097
20250124,-0.0006788497719257476,49.77604723280223
20250127,0.018978450401581436,50.720719476396745
20250205,0.014383923424106992,51.450282421360846
20250206,0.009297050492534648,51.92861829488741
20250207,0.022266296119932315,53.0848762869403
20250210,-0.00037370374752458327,53.06503826973499
20250211,0.004040473095479654,53.27944612917446
20250212,-0.012366429565378772,52.62056961133563
20250213,0.0023551622283163533,52.744499589316746
20250214,0.021075084505955185,53.85609437538591
20250217,-0.023156779529673162,52.60896067160582
20250218,0.020624626353286626,53.69400082829244
20250219,0.012563566744562327,54.368588991481275
20250220,-0.0028623703147709384,54.212965956296074
20250221,0.009812870408412097,54.74495076568087
20250224,-0.004245291734190102,54.51254247870668
20250225,0.013007132037112235,55.22159431640591
20250226,-0.0014426190113950327,55.14193059460552
20250227,-0.023894346222487258,53.824350213601655
20250228,0.0079349861149465,54.2514456851926
20250303,0.016120482851574983,55.126005185033904
20250304,-0.0024663649517177185,54.990044337917325
20250305,0.01651120139250972,55.89799603456372
20250306,-0.003851785564586979,55.68268894034845
20250307,0.014593250158883945,56.49528034957427
20250310,0.006874077026540525,56.88363325833325
20250311,0.0054884685740756774,57.19583729185086
20250312,-0.00755443716328449,56.763754933028125
20250313,0.01929444394823122,57.85898002087457
20250314,0.009778022144776846,58.42472640879288
20250317,0.008512996456605417,58.92209589768908
20250318,-0.006194030479404353,58.55713063978841
20250319,0.004178270849395791,58.8017981917649
20250320,-0.013780190890830846,57.99149818795827
20250321,-0.037173178281499665,55.83576988700603
20250324,0.00029822534262697237,55.85242152861142
20250325,0.02346076397332051,57.162762007432576
20250326,-0.0073394505263310195,56.743218743730594
20250327,-0.019933544302932232,55.612125279011465
20250328,-0.009486685451450788,55.08455053920281
20250331,0.020067075634725096,56.18993638117784
20250401,0.004425483250944548,56.43860400350437
20250402,0.0009439369270593648,56.49187848593496
20250403,-0.13024066785256774,49.13433850368069
20250407,0.011714318580774302,49.7099137981684
20250408,0.03075560927929506,51.23877248425231
20250409,0.03385578666923725,52.97350143467274
20250410,0.006092569687017504,53.29624618372881
20250411,0.025108243226267975,54.634421295956926
20250414,0.009242577798951218,55.13938418528549
20250415,-0.018443848471962815,54.12240173853475
20250416,0.014119469991371444,54.886581365742934
20250417,-0.0005335396363990744,54.85729719907786
20250418,0.015442928807416566,55.70445453429051
20250421,0.006422425998296019,56.06221227131245
20250422,0.008475588472901065,56.53737251140451
20250423,-0.007197980100841462,56.13041762911356
20250424,0.0018372880851435687,56.233545376637665
20250425,-0.01000951027932312,55.67067512614742
20250428,0.022841295176433546,56.9422654493751
20250429,0.014834792804952238,57.786992159161166
20250430,0.0322357614501976,59.649799853328325
20250506,0.012117575761764065,60.37261082222509
20250507,0.017901836879062983,61.453391453127715
20250508,-0.005758603490884731,61.099505738579026
20250509,0.010914247182449037,61.76636084693534
20250512,-0.0021450598778902,61.63386830447929
20250513,-0.00158440168813724,61.53621549949125
20250514,0.005763567525802624,61.8908836328049
20250515,0.005943372775127245,62.25872422561668
20250516,0.01568781372747171,63.23542749417818
20250519,0.018207841220328626,64.38680811749178
20250520,-0.006671599681130563,63.957245108986115
20250521,-0.014561888629731807,63.025906828644594
20250522,-0.009409534569424114,62.43286237957116
20250523,0.01211913805811968,63.18949485811277
20250526,0.009048968785875211,63.76129462467905
20250527,-0.003012491466691355,63.56921426871701
20250528,0.01965507001926522,64.81867162623833
20250529,-0.01074201879239481,64.12238823753121
20250530,0.012067382730813477,64.89617763800732
20250603,0.012759320827129546,65.72420878894503
20250604,0.0018037479114144889,65.84275869327747
20250605,0.010632279902279598,66.54281733324265
20250606,0.01429301571261753,67.49391486694853
20250609,-0.007773705472383421,66.96923705159475
20250610,0.008329454173334265,67.52705424263917
20250611,0.0025464967538923124,67.69901166706796
20250612,-0.016997153299161107,66.54832118756111
20250613,0.01278337070453413,67.39903304706611
20250616,-0.003976687280537111,67.13100816962734
20250617,-0.007286036596592054,66.64188918733731
20250618,-0.02338929879822018,65.0831821286568
20250619,-0.004032790854117278,64.82071526701151
20250620,0.02514533070254069,66.45065358877574
20250623,0.026271498452461444,68.19641183169831
20250624,0.003792168808580584,68.4550241375036
20250625,0.00040741162668833544,68.48291351024245
20250626,0.00875861272118319,69.08272882769695
20250627,0.015997170724821024,70.18785703489013
20250630,0.006669533319318378,70.65597728599587
20250701,0.0025702746805196007,70.83758255544144
20250702,0.006905944438241937,71.3267829647087
20250703,-0.01163885523088488,70.4966208636977
20250704,0.017148078324965052,71.70550243991376
20250707,0.007890522757257845,72.2712963387365
20250708,0.0008449887220004604,72.3323647690671
20250709,0.003567877250595231,72.5904377678084
20250710,-0.0008865874512682122,72.52607999660138
20250711,0.012992208275037682,73.46835393328928
20250714,-0.014198604150862638,72.42520585817503
20250715,0.012334094488766705,73.31850519059815
20250716,0.006503363670790178,73.79532209365131
20250717,0.004351401108950418,74.11643514004498
20250718,0.01784392620694239,75.43896333940557
20250721,-0.0008188419802757158,75.37719074927479
20250722,-0.004212044450936417,75.05969867125214
20250723,0.011880797069688453,75.95146771927725
20250724,0.007272942463108267,76.50385837398817
20250725,0.009749943584365133,77.2497666771208
20250728,-0.0024788544683824977,77.05827574781172
20250729,-0.0016644240938969027,76.93001809702291
20250730,-0.012031096969433054,76.00446558943739
20250731,0.016859920123854285,77.28589480833152
20250801,0.01486107707545472,78.43444644792362
20250804,0.013383809309108471,79.48419812244812
20250805,0.006341885147024455,79.98827777794402
20250806,0.000442073103333126,80.02363844413159
20250807,0.009666679908697013,80.79720134210032
20250808,0.016457140789136303,82.12689225995545
20250811,-0.0027637783540686396,81.89991173284047
20250812,-0.0028176320383746347,81.66914791760196
20250813,-0.025227020298453143,79.60887866532724
20250814,0.00886499456943998,80.31461094237457
20250815,0.010037502291881743,81.12076903378025
20250818,0.015958269548094536,82.41531613197003
20250819,0.007102992642094009,83.00071151605127
20250820,0.005634441196380624,83.46837414434621
20250821,-0.004362446071543703,83.10424786346208
20250822,0.0029943910591386375,83.35309448024087
20250825,0.010066666001596466,84.19218224257297
20250826,-0.036180673728473736,81.14605236636623
20250827,-0.004580185824555429,80.77438836759917
20250828,-0.007539326890964724,80.1654038492781
20250829,0.012853818237133727,81.19583537926316
20250901,-0.009162143765261845,80.45190746237782
20250902,-0.024387936416619807,78.48985145858957
20250903,0.008735416558729421,79.17549300671315
20250904,0.016685027290631423,80.49653826827935
20250905,0.02056214648081437,82.15171987935018
20250908,-0.005158913644210796,81.72790625076921
20250909,0.0063548927988338845,82.247278333666
20250910,0.007892813216912093,82.89644073915301
20250911,-0.004245277997608802,82.544522303203
20250912,0.0002835949020990372,82.56793150892437
20250915,0.014463206250340713,83.76212853200195
20250916,-0.001840551345046829,83.60796003366839
20250917,-0.02003319076588975,81.93302582076703
20250918,-0.008728821647617034,81.21784705132795
20250919,-0.006082337087087727,80.72385272807423
20250922,-0.012913677094718854,79.68141096010226
20250923,0.02189662690234787,81.42616508694827
20250924,-0.008556029747167421,80.72948039626658
20250925,0.003550477741568608,81.01610861950194
20250926,0.011905550805529162,81.98065001673768
20250929,7.901047278270873e-05,81.98712734665455
20250930,-0.0017611743429723078,81.84273372151762
20251009,0.006991744928787758,82.41495723997316
20251010,-0.0010939721924239294,82.32479756851282
20251013,-0.003100065350745253,82.06958531606355
20251014,0.010982991499524404,82.97095487395936
20251015,-0.010878230570942149,82.06837769614918
20251016,-0.0112121843219201,81.14821191841901
20251017,0.02127944912169361,82.87500116525342
20251020,0.022231183287040737,84.71741050607189
20251021,0.006304578978664599,85.25151811147538
20251022,0.007535951583318461,85.89396942436785
20251023,0.005322539136815161,86.35114343824546
20251024,0.0018968567070958367,86.51493918384169
20251027,0.003559327608779896,86.82287419545065
20251028,-0.012740831206415226,85.7166786104706
20251029,-0.006668002626896677,85.14511957232712
20251030,0.017294376357156208,86.61765131518601
20251031,0.013533203484412283,87.78986561577629
20251103,0.003089134783865281,88.06106034332085
20251104,0.011103421093963471,89.03883937829367
20251105,0.0014011285367801407,89.16359423702838
20251106,0.0006968441227392305,89.22572736363476
20251107,0.006747354349743908,89.82776496327084
20251110,0.007535033930973466,90.50462022021259
20251111,-0.0021064166404451555,90.31397978214356
20251112,0.008827233088738659,91.11120233285217
20251113,0.009806345768232803,92.00467028628753
20251114,0.008064723553919084,92.74666251781592
20251117,-0.006512411956361522,92.14265804392227
20251118,-0.020852271856329235,90.22127428882563
20251119,-0.00687445659538847,89.60105205474646
20251120,-0.04750823712321985,85.3442640272396
20251121,0.021665734801298492,87.19331021846578
20251124,0.017088552266749168,88.68331765744492
20251125,-0.009519812910538264,87.8390690650602
20251126,0.012131571238487602,88.90469498894541
20251127,0.017581312084691603,90.46775617734039
20251128,0.00037563510030753385,90.50173904200666
20251201,-0.0033353815491675032,90.19988121143838
20251202,-0.008671650734163552,89.41769934530974
20251203,-0.01699907148957264,87.8976814817057
20251204,0.01756829403745264,89.44189379518666
20251205,0.010687261564791106,90.39778270902607
20251208,-0.008043955843663467,89.67062693654958
20251209,-0.01050773311284686,88.72839192063867
20251210,-0.025093345384603827,86.50189973675359
20251211,-0.01262012616407346,85.41023484864373
20251212,0.005182900587121334,85.85290760498694
20251215,-0.01928434117344504,84.19729084400012
20251216,0.001014644450515275,84.28272115790341
20251217,0.0175008533349275,85.75774069955646
20251218,0.023814799573883244,87.80004410622546
20251219,-0.0010665363929283455,87.70640216388546
20251222,-0.004959672117926983,87.27140716650953
20251223,0.010103818125657072,88.1531815920901
20251224,0.01133577715030321,89.15246641370825
20251225,-0.006693923344109149,88.55568663759662
20251226,0.003284590695936117,88.84655582199869
20251229,-0.008040205152916098,88.1322112860598
20251230,0.004752085814463256,88.55102311710955
20251231,0.01434148610619386,89.82097638483283
20260105,0.003368405424228258,90.12352984889698
20260106,-0.0043119807941472185,89.73491891908779
20260107,0.019574462450356208,91.49143171995523
20260108,0.011682976816917802,92.56032399568608
20260109,0.015070410901267635,93.95524611145552
20260112,0.0007190076267957743,94.02280064998713
20260113,0.004422281262453773,94.438595919545
20260114,0.001593737007314126,94.58910620478075
20260115,-0.00080142206448797,94.51330040800804
20260116,0.018678187552344634,96.27863755921992
20260119,0.0008200139578289087,96.35758738585923
20260120,0.010525774675662859,97.37182563897328
20260121,0.011845505949332868,98.52524417887713
20260122,0.0067552004416054365,99.19080195186356
20260123,-0.0059215534791518375,98.60343831346565
20260126,-0.003175557491594806,98.2903174262323
20260127,-0.012604435438734954,97.0514234659806
20260128,-0.005221009045474992,96.5447171061885
20260129,0.015702591301174625,98.0607193411945
20260130,-0.011185043205985274,96.96390595855324
20260202,0.01755657140634737,98.66625969735294
20260203,0.0077368102686702885,99.42962182855072
20260204,0.0010292410311844818,99.53195887505183
20260205,0.0067159913290765596,100.20041464782268
20260206,0.016239383746870905,101.82760763288425
20260209,0.0015963305086891266,101.99015814957546
20260210,-0.0007054780358665813,101.91820633312638
20260211,-0.009673992019068333,100.93225041846195
20260212,0.0021409401370513677,101.14834032450575
20260213,0.02192433517033278,103.36595043970311
20260224,0.0039644992923022985,103.77574467706947
20260225,-0.0016176728717696579,103.60786947015768
20260226,0.006532191181486834,104.28465588144329
20260227,-0.031094383833907294,101.04198876347876
20260302,-0.02653300533033874,98.36104113702935
20260303,-0.006405556737831974,97.73098390723388
20260304,0.013198640571016764,99.02090003647727
20260305,0.03351459767094328,102.33954566221449
20260306,-0.009114939327300573,101.4067269127199
20260309,0.026414841887918396,104.08536957049073
20260310,-0.006923008784429605,103.36478564262362
20260311,-0.01360694373279032,101.9583068204325
20260312,0.00030824549119818885,101.9897350088001
20260313,0.0020667056384679736,102.20051776920864
20260316,-0.022227721275786094,99.92883314599365
20260317,0.018006514597277715,101.7282031387259
20260318,-0.029465144675076722,98.73076691570775
20260319,-0.03669535851629579,95.10780602714702
20260320,-0.06452203224377502,88.97125710002874
20260323,0.055871817771363685,93.9422429636107
20260324,0.024246391697803845,96.22000338347665
20260325,-0.01667310331849157,94.61571732575834
20260326,0.020196723831571353,96.52664483871271
20260327,0.011144253969162557,97.60236228358649
20260330,-0.015126400668436965,96.12598984549902
20260331,0.011074860716182348,97.19057179424308
20260401,-0.02156605984801468,95.09455410626568
20260402,-0.035637116010337345,91.70565844962938
20260403,0.03135106223919118,94.58072825536973
20260407,0.037650935887538005,98.14178119110932
20260408,-0.020997003703964005,96.08109784792597
20260409,0.010044207691719069,97.04615634995893
20260410,-0.002272467919035964,96.8256220729879
20260413,0.0003050298859637576,96.85515678144719
20260414,-0.006512664674026165,96.2243716233794
20260415,0.023082258594789226,98.44544745231134
20260416,-0.006251843041544185,97.82998196668491
20260417,0.010028263929819854,98.81104684609635
20260420,-0.0017713950458655362,98.63601344723638
20260421,-0.001595629083666319,98.47862695548307
20260422,-0.010600073945218043,97.43474622773141
20260423,0.010148992961094195,98.42361078136267
20260424,0.019239502443222933,100.31723208146153
20260427,-0.0019858932388911567,100.11801276852667
20260428,0.01815268731599107,101.93542374901214
20260429,0.01380475270622289,103.3426170658713
20260430,0.004595676439019406,103.81754629626752
20260506,0.004554097604092968,104.29034153511816
20260507,0.014759042833682085,105.8295671529743
20260508,0.007019735549286985,106.57246272768369
20260511,-0.016864951984321114,104.77512326093044
20260512,0.001978047019293354,104.98237338119283
20260513,-0.006626215901240237,104.28673750934443
20260514,-0.007401042406476865,103.51490694260465
20260515,0.009216051972177246,104.4689057048828
20260518,0.0031700409522007404,104.80007641419887
20260519,-0.011792336278276352,103.56423867113358
20260520,-0.03706633555295693,99.72549184926282
20260521,0.023518460427064385,102.07088188288924
20260522,-0.015694962553476764,100.46888321393693
20260525,-0.023292198308868684,98.12874206224735
20260526,-0.02625328133317605,95.5525405900165
20260527,0.004421901823976845,95.97506454353712
20260528,-0.025566003010831496,93.5213657544523
20260529,0.03424538513844632,96.72404094338702
20260601,-0.027693925722512756,94.04537253791959
20260602,-0.015011314268329596,92.63362789527075
20260603,-0.018834331690934753,90.8889354217566
20260604,0.01753917485774478,92.48305235275305
20260605,-0.028248823435532526,89.87051493606103
20260608,0.0042558079597950094,90.2529865888768
20260609,-0.011732939297716294,89.1940537757919
20260610,-0.013193491821710184,88.01727275675582
20260611,0.012647674109911168,89.13048653862641
20260612,-0.005768611551457925,88.61632738439263
20260615,0.002618423505130293,88.84836245895426
20260616,-0.021240728388183347,86.96115852422874
20260617,-0.0021663524469099533,86.77277000567365
20260618,0.008861440615785848,87.54170175414617
20260622,0.017548375613183998,89.07791641834527
20260623,-0.03714552707713652,85.76907026205272
20260624,-0.02325984304303974,83.77409514980992
20260625,-0.02231459940828938,81.90470977574999
20260626,0.0030702890013040475,82.15618090532948
20260629,-0.0036629841410063405,81.85524411758762
20260630,0.03248130888644879,84.51400958574665
20260701,0.0006948786978282926,84.57273657067584
20260702,0.023389456596753632,86.55084692196435
20260703,-0.012193899735810355,85.49545457254845
20260706,-0.030550159923226457,82.88355476264816
20260707,-0.011222197646584955,81.95341912945018
20260708,-0.004167267064018494,81.61189734512833
20260709,0.024253244372222395,83.59125063512045
20260710,-0.03597651798496743,80.58392850326013
20260713,0.025878307474082752,82.66930418253699
20260714,0.012537899733318864,83.70580362940086
20260715,0.009497906171223591,84.50083349825977
20260716,-0.04451465460268904,80.7393080814454
20260717,-0.03800857455220329,77.67052207093847
20260720,-0.008758646602658536,76.99023341667514
20260721,-0.020139238913663312,75.43970871187801
20260722,0.03665817850590829,78.20519102027177
20260723,-0.02295854764588303,76.40971341607748
20260724,0.03453276616706806,79.04835218236757
20260727,0.007728417406718431,79.65927084334619
20260728,0.021295227321621944,81.35563312422991
20260729,-0.010651477318061977,80.48907544331061
20260730,0.030429792553640513,82.93834131188487
20260731,0.03591197594406478,85.91682102991791
20260803,0.015230030514739156,87.22533683593295
20260804,0.002662305961586485,87.45755737019265
20260805,0.011565758854608074,88.46907038874934
20260806,0.0024286836758324448,88.68393377581857
20260807,0.03307984363917139,91.61758443842929
20260810,-0.0027475134268573963,91.36586389504846
20260811,0.01100017681638227,92.37090455287552
20260812,-0.012766805194074686,91.19162320884848
20260813,0.0036829072175136772,91.52747349614114
20260814,0.02119719207357283,93.46759893184769
20260817,-0.0004279167918942947,93.42760257676672
20260818,-0.031020613775109382,90.52942100129843
20260819,0.0240481440869875,92.70648556164922
20260820,0.0006770963987037423,92.76925678915948
20260821,-0.009769211176866247,91.86297432886525
20260824,0.029534911486981112,94.57613914459911
20260825,-0.00014950621128555246,94.5619994243576
20260826,-0.001039408784768632,94.46371085145063
20260827,0.011728144859342508,95.57159493626749
20260828,0.01663489167988511,97.16141806570614
20260831,0.010841399563429192,98.21478382110584
20260901,-0.004516043683241643,97.77124156702959
20260902,-0.01730151606512216,96.07965086035068
20260903,0.004282809180211735,96.49114167108694
